{
  "logreg": {
    "accuracy": 0.4444444444444444,
    "precision": 0.44396740210693697,
    "recall": 0.4444444444444444,
    "f1": 0.4386794265728891,
    "cm": [
      [
        29,
        24
      ],
      [
        36,
        19
      ]
    ]
  },
  "rf": {
    "accuracy": 0.5185185185185185,
    "precision": 0.5173859698795993,
    "recall": 0.5185185185185185,
    "f1": 0.511465075120464,
    "cm": [
      [
        21,
        32
      ],
      [
        20,
        35
      ]
    ]
  }
}