{
  "contract_type": "binary_linear_classifier",
  "feature_order": [
    "in_bed_minutes",
    "rem_minutes",
    "deep_minutes",
    "core_minutes",
    "asleep_minutes",
    "total_sleep_minutes",
    "sleep_efficiency",
    "rem_pct",
    "deep_pct",
    "core_pct",
    "hr_mean",
    "hr_min",
    "hr_max",
    "hr_median",
    "hr_std",
    "hrv_mean",
    "hrv_min",
    "hrv_max",
    "hrv_median",
    "hrv_std",
    "resp_mean",
    "resp_min",
    "resp_max",
    "resp_median",
    "resp_std",
    "spo2_mean",
    "spo2_min",
    "spo2_max",
    "spo2_median",
    "spo2_std"
  ],
  "imputer_median": {
    "in_bed_minutes": 0.0,
    "rem_minutes": 41.0,
    "deep_minutes": 8.5,
    "core_minutes": 100.5,
    "asleep_minutes": 199.0,
    "total_sleep_minutes": 199.0,
    "sleep_efficiency": 0.0,
    "rem_pct": 0.2297047970479704,
    "deep_pct": 0.1307966706302021,
    "core_pct": 0.561035758323058,
    "hr_mean": 70.62200557960557,
    "hr_min": 59.0,
    "hr_max": 84.5,
    "hr_median": 70.25,
    "hr_std": 4.5323282372607565,
    "hrv_mean": 44.6596,
    "hrv_min": 29.7009,
    "hrv_max": 64.0222,
    "hrv_median": 41.994475,
    "hrv_std": 12.534284158141485,
    "resp_mean": 16.06203007518797,
    "resp_min": 13.5,
    "resp_max": 21.0,
    "resp_median": 16.0,
    "resp_std": 1.544303805075865,
    "spo2_mean": 0.9852941176470588,
    "spo2_min": 0.96,
    "spo2_max": 1.0,
    "spo2_median": 0.98,
    "spo2_std": 0.0123648246606609
  },
  "scaler_mean": {
    "in_bed_minutes": 71.67762284196549,
    "rem_minutes": 48.57171314741036,
    "deep_minutes": 28.46215139442231,
    "core_minutes": 114.81474103585657,
    "asleep_minutes": 209.06374501992033,
    "total_sleep_minutes": 209.06374501992033,
    "sleep_efficiency": 0.0,
    "rem_pct": 0.22944566520408,
    "deep_pct": 0.13607235519466537,
    "core_pct": 0.5468550056665096,
    "hr_mean": 73.69060399199557,
    "hr_min": 59.65329482071713,
    "hr_max": 94.63410199203187,
    "hr_median": 72.94678446215138,
    "hr_std": 7.411094650283481,
    "hrv_mean": 46.13540371430649,
    "hrv_min": 30.754593625498003,
    "hrv_max": 69.08413824701195,
    "hrv_median": 43.557450099601596,
    "hrv_std": 13.667603299562403,
    "resp_mean": 16.07810186410147,
    "resp_min": 13.233067729083665,
    "resp_max": 21.0796812749004,
    "resp_median": 15.911354581673306,
    "resp_std": 1.5936252252010148,
    "spo2_mean": 0.9851702173565307,
    "spo2_min": 0.95996015936255,
    "spo2_max": 0.9997609561752988,
    "spo2_median": 0.9801394422310759,
    "spo2_std": 0.012348807204945916
  },
  "scaler_scale": {
    "in_bed_minutes": 105.3468336981392,
    "rem_minutes": 52.20692086599395,
    "deep_minutes": 33.22537973176092,
    "core_minutes": 119.85214389508299,
    "asleep_minutes": 204.42516315511344,
    "total_sleep_minutes": 204.42516315511344,
    "sleep_efficiency": 1.0,
    "rem_pct": 0.08455275964547286,
    "deep_pct": 0.08647988270629957,
    "core_pct": 0.11844497819654304,
    "hr_mean": 9.71535784800325,
    "hr_min": 2.693278637174998,
    "hr_max": 25.9986951426711,
    "hr_median": 9.618461415781118,
    "hr_std": 6.814097684904005,
    "hrv_mean": 10.467217457715469,
    "hrv_min": 10.842746076141069,
    "hrv_max": 26.83645502545814,
    "hrv_median": 10.093945990014273,
    "hrv_std": 9.457735730356905,
    "resp_mean": 0.5165946709890765,
    "resp_min": 1.2766919682785485,
    "resp_max": 2.4375926783909136,
    "resp_median": 0.5116769533120692,
    "resp_std": 0.5007242534472918,
    "spo2_mean": 0.002128867135368655,
    "spo2_min": 0.0024442807410642144,
    "spo2_max": 0.0026672406698511654,
    "spo2_median": 0.0022047752610735733,
    "spo2_std": 0.0011289277813188005
  },
  "coef": {
    "in_bed_minutes": 0.16110168497483732,
    "rem_minutes": 0.019542020009170893,
    "deep_minutes": 0.05576862662259554,
    "core_minutes": 0.032051988775560196,
    "asleep_minutes": 0.04964804047601306,
    "total_sleep_minutes": 0.04964804047601306,
    "sleep_efficiency": 0.0,
    "rem_pct": 0.07811031192198743,
    "deep_pct": 0.1722555432525536,
    "core_pct": -0.0033251948906915163,
    "hr_mean": -0.017046307371244882,
    "hr_min": -0.12167783806356121,
    "hr_max": 0.13864715292439295,
    "hr_median": -0.13294992646047926,
    "hr_std": -0.10919907550792944,
    "hrv_mean": -0.015323444966832826,
    "hrv_min": 0.08257326107829059,
    "hrv_max": 0.08500892789161062,
    "hrv_median": -0.21331934401775204,
    "hrv_std": -0.20073371132247933,
    "resp_mean": 0.25123966006165727,
    "resp_min": -0.16764898491023,
    "resp_max": -0.21893473744052191,
    "resp_median": 0.05021338313441903,
    "resp_std": 0.16598731519777848,
    "spo2_mean": 0.019260207303493822,
    "spo2_min": 0.004185703211457687,
    "spo2_max": 0.17759588624718672,
    "spo2_median": -0.17627751922285456,
    "spo2_std": 0.11903816210388898
  },
  "intercept": -0.007778134442176938,
  "classes": [
    0,
    1
  ]
}