night_date,sleep_start,sleep_end,in_bed_minutes,rem_minutes,deep_minutes,core_minutes,asleep_minutes,sleep_window_minutes,total_sleep_minutes,sleep_efficiency_raw,in_bed_fallback_minutes,sleep_efficiency_fallback,sleep_efficiency,rem_pct,deep_pct,core_pct,hr_mean,hr_min,hr_max,hr_median,hr_std,hrv_mean,hrv_min,hrv_max,hrv_median,hrv_std,resp_mean,resp_min,resp_max,resp_median,resp_std,resting_hr_mean,resting_hr_min,resting_hr_max,resting_hr_median,resting_hr_std,spo2_mean,spo2_min,spo2_max,spo2_median,spo2_std,steps,active_energy,avg_physical_effort,total_sleep_minutes_rolling_3d_mean,total_sleep_minutes_rolling_3d_std,sleep_efficiency_rolling_3d_mean,sleep_efficiency_rolling_3d_std,deep_minutes_rolling_3d_mean,deep_minutes_rolling_3d_std,rem_minutes_rolling_3d_mean,rem_minutes_rolling_3d_std,steps_rolling_3d_mean,steps_rolling_3d_std,active_energy_rolling_3d_mean,active_energy_rolling_3d_std,resting_hr_mean_rolling_3d_mean,resting_hr_mean_rolling_3d_std,total_sleep_minutes_rolling_7d_mean,total_sleep_minutes_rolling_7d_std,sleep_efficiency_rolling_7d_mean,sleep_efficiency_rolling_7d_std,deep_minutes_rolling_7d_mean,deep_minutes_rolling_7d_std,rem_minutes_rolling_7d_mean,rem_minutes_rolling_7d_std,steps_rolling_7d_mean,steps_rolling_7d_std,active_energy_rolling_7d_mean,active_energy_rolling_7d_std,resting_hr_mean_rolling_7d_mean,resting_hr_mean_rolling_7d_std,total_sleep_minutes_lag1,sleep_efficiency_lag1,steps_lag1,resting_hr_mean_lag1,day_of_week,label_date,date,fatigue_label
2024-06-18,2024-06-18 15:27:59-05:00,2024-06-18 21:45:00-05:00,375.6166666666667,0.0,0.0,0.0,0.0,377.01666666666665,0.0,0.0,375.6166666666667,0.0,0.0,,,,,,,,,,,,,,,,,,,,,,,,,,,,,1216,24.055,,0.0,,0.0,,0.0,,0.0,,1216.0,,24.055,,,,0.0,,0.0,,0.0,,0.0,,1216.0,,24.055,,,,,,,,1,2024-06-19,2024-06-19,0
2024-06-19,2024-06-19 16:16:16-05:00,2024-06-19 21:45:00-05:00,308.25,0.0,0.0,0.0,0.0,328.73333333333335,0.0,0.0,308.25,0.0,0.0,,,,,,,,,,,,,,,,,,,,,,,,,,,,,2923,49.003,,0.0,0.0,0.0,0.0,0.0,0.0,0.0,0.0,2069.5,1207.0312754854367,36.529,17.64089997704199,,,0.0,0.0,0.0,0.0,0.0,0.0,0.0,0.0,2069.5,1207.0312754854367,36.529,17.64089997704199,,,0.0,0.0,1216.0,,2,2024-06-20,2024-06-20,1
2024-06-20,2024-06-20 17:56:06-05:00,2024-06-20 21:45:00-05:00,228.9,0.0,0.0,0.0,0.0,228.9,0.0,0.0,228.9,0.0,0.0,,,,,,,,,,,,,,,,,,,,,,,,,,,,,1425,28.322,,0.0,0.0,0.0,0.0,0.0,0.0,0.0,0.0,1854.6666666666667,931.08664115287,33.79333333333333,13.34362365826215,,,0.0,0.0,0.0,0.0,0.0,0.0,0.0,0.0,1854.6666666666667,931.08664115287,33.79333333333333,13.34362365826215,,,0.0,0.0,2923.0,,3,2024-06-21,2024-06-21,0
2024-06-21,2024-06-21 15:21:45-05:00,2024-06-21 21:45:02-05:00,383.28333333333336,0.0,0.0,0.0,0.0,383.28333333333336,0.0,0.0,383.28333333333336,0.0,0.0,,,,,,,,,,,,,,,,,,,,,,,,,,,,,1084,27.631,,0.0,0.0,0.0,0.0,0.0,0.0,0.0,0.0,1810.6666666666667,978.2813160504156,34.98533333333333,12.144570981855775,,,0.0,0.0,0.0,0.0,0.0,0.0,0.0,0.0,1662.0,852.3086295468327,32.25275,11.32232821684657,,,0.0,0.0,1425.0,,4,2024-06-22,2024-06-22,0
2024-06-22,2024-06-22 15:33:18-05:00,2024-06-22 19:30:00-05:00,236.23333333333335,0.0,0.0,0.0,0.0,236.7,0.0,0.0,236.23333333333335,0.0,0.0,,,,,,,,,,,,,,,,,,,,,,,,,,,,,3257,66.981,,0.0,0.0,0.0,0.0,0.0,0.0,0.0,0.0,1922.0,1168.648364564808,40.978,22.52190882230012,,,0.0,0.0,0.0,0.0,0.0,0.0,0.0,0.0,1981.0,1026.4635892227254,39.1984,18.367269987671,,,0.0,0.0,1084.0,,5,2024-06-23,2024-06-23,0
2024-06-23,2024-06-23 14:35:00-05:00,2024-06-23 19:30:01-05:00,295.01666666666665,0.0,0.0,0.0,0.0,295.01666666666665,0.0,0.0,295.01666666666665,0.0,0.0,,,,,,,,,,,,,,,,,,,,,,,,,,,,,4642,99.159,,0.0,0.0,0.0,0.0,0.0,0.0,0.0,0.0,2994.3333333333335,1793.4844112323176,64.59033333333333,35.82387697239557,,,0.0,0.0,0.0,0.0,0.0,0.0,0.0,0.0,2424.5,1422.3415553234745,49.19183333333333,29.480460379150568,,,0.0,0.0,3257.0,,6,2024-06-24,2024-06-24,1
2024-06-24,2024-06-24 16:07:17-05:00,2024-06-24 19:30:00-05:00,170.65,0.0,0.0,0.0,0.0,202.71666666666667,0.0,0.0,170.65,0.0,0.0,,,,,,,,,,,,,,,,,,,,,,,,,,,,,719,14.985,,0.0,0.0,0.0,0.0,0.0,0.0,0.0,0.0,2872.6666666666665,1989.5392263871888,60.375,42.47405085461004,,,0.0,0.0,0.0,0.0,0.0,0.0,0.0,0.0,2180.8571428571427,1449.624943283771,44.305142857142854,29.85642577641967,,,0.0,0.0,4642.0,,0,2024-06-25,2024-06-25,0
2024-06-25,2024-06-25 15:20:00-05:00,2024-06-25 19:30:00-05:00,250.0,0.0,0.0,0.0,0.0,250.0,0.0,0.0,250.0,0.0,0.0,,,,,,,,,,,,,,,,,,,,,,,,,,,,,1517,29.304,,0.0,0.0,0.0,0.0,0.0,0.0,0.0,0.0,2292.6666666666665,2073.3370042839956,47.815999999999995,45.037053378301735,,,0.0,0.0,0.0,0.0,0.0,0.0,0.0,0.0,2223.8571428571427,1420.4042181214272,45.055,29.3242418543657,,,0.0,0.0,719.0,,1,2024-06-26,2024-06-26,0
2024-06-26,2024-06-26 15:09:27-05:00,2024-06-26 19:30:01-05:00,260.56666666666666,0.0,0.0,0.0,0.0,260.56666666666666,0.0,0.0,260.56666666666666,0.0,0.0,,,,,,,,,,,,,,,,,,,,,,,,,,,,,2895,60.818,,0.0,0.0,0.0,0.0,0.0,0.0,0.0,0.0,1710.3333333333333,1100.807582338228,35.035666666666664,23.447920469272606,,,0.0,0.0,0.0,0.0,0.0,0.0,0.0,0.0,2219.8571428571427,1418.144847864212,46.74285714285714,29.923264067881867,,,0.0,0.0,1517.0,,2,2024-06-27,2024-06-27,0
2024-06-27,2024-06-27 15:22:31-05:00,2024-06-27 19:30:00-05:00,247.48333333333332,0.0,0.0,0.0,0.0,247.48333333333332,0.0,0.0,247.48333333333332,0.0,0.0,,,,,,,,,,,,,,,,,,,,,,,,,,,,,2141,45.58,,0.0,0.0,0.0,0.0,0.0,0.0,0.0,0.0,2184.3333333333335,690.021255711253,45.234,15.759848857143275,,,0.0,0.0,0.0,0.0,0.0,0.0,0.0,0.0,2322.1428571428573,1376.468479911718,49.20828571428571,28.84408167899893,,,0.0,0.0,2895.0,,3,2024-06-28,2024-06-28,1
2024-06-28,2024-06-28 15:29:54-05:00,2024-06-28 19:30:00-05:00,240.1,0.0,0.0,0.0,0.0,240.1,0.0,0.0,240.1,0.0,0.0,,,,,,,,,,,,,,,,,,,,,,,,,,,,,1463,32.247,,0.0,0.0,0.0,0.0,0.0,0.0,0.0,0.0,2166.3333333333335,716.3360477690164,46.215,14.296080896525464,,,0.0,0.0,0.0,0.0,0.0,0.0,0.0,0.0,2376.285714285714,1326.1850944577477,49.86771428571428,28.3165096702394,,,0.0,0.0,2141.0,,4,2024-06-29,2024-06-29,0
2024-06-29,2024-06-29 15:24:50-05:00,2024-06-29 19:30:00-05:00,137.29999999999998,0.0,0.0,0.0,0.0,245.16666666666663,0.0,0.0,137.29999999999998,0.0,0.0,,,,,,,,,,,,,,,,,,,,,,,,,,,,,2474,44.054,,0.0,0.0,0.0,0.0,0.0,0.0,0.0,0.0,2026.0,515.2174298293888,40.627,7.297291894942956,,,0.0,0.0,0.0,0.0,0.0,0.0,0.0,0.0,2264.4285714285716,1271.410484087503,46.59242857142856,27.315412528809578,,,0.0,0.0,1463.0,,5,2024-06-30,2024-06-30,0
2024-06-30,2024-06-30 14:51:36-05:00,2024-06-30 19:30:00-05:00,277.01666666666665,0.0,0.0,0.0,0.0,278.4,0.0,0.0,277.01666666666665,0.0,0.0,,,,,,,,,,,,,,,,,,,,,,,,,,,,,3715,77.431,,0.0,0.0,0.0,0.0,0.0,0.0,0.0,0.0,2550.6666666666665,1127.9558206478364,51.244,23.43438795872426,,,0.0,0.0,0.0,0.0,0.0,0.0,0.0,0.0,2132.0,1002.285554786326,43.48842857142857,20.80512722749805,,,0.0,0.0,2474.0,,6,2024-07-01,2024-07-01,0
2024-07-01,2024-07-01 15:55:32-05:00,2024-07-01 19:30:02-05:00,163.3166666666667,0.0,0.0,0.0,0.0,214.5,0.0,0.0,163.3166666666667,0.0,0.0,,,,,,,,,,,,,,,,,,,,,,,,,,,,,636,21.388,,0.0,0.0,0.0,0.0,0.0,0.0,0.0,0.0,2275.0,1549.1161996441715,47.62433333333333,28.191575378707263,,,0.0,0.0,0.0,0.0,0.0,0.0,0.0,0.0,2120.1428571428573,1022.0829106244148,44.40314285714286,19.438992175766813,,,0.0,0.0,3715.0,,0,2024-07-02,2024-07-02,0
2024-07-02,2024-07-02 15:23:02-05:00,2024-07-02 19:30:01-05:00,246.98333333333332,0.0,0.0,0.0,0.0,246.98333333333332,0.0,0.0,246.98333333333332,0.0,0.0,,,,,,,,,,,,,,,,,,,,,,,,,,,,,762,20.222,,0.0,0.0,0.0,0.0,0.0,0.0,0.0,0.0,1704.3333333333333,1742.4277125130145,39.68033333333333,32.698234116437135,,,0.0,0.0,0.0,0.0,0.0,0.0,0.0,0.0,2012.2857142857144,1130.4320286636305,43.105714285714285,20.865469119371085,,,0.0,0.0,636.0,,1,2024-07-03,2024-07-03,1
2024-07-03,2024-07-03 14:35:00-05:00,2024-07-03 19:30:02-05:00,294.2,0.0,0.0,0.0,0.0,295.03333333333336,0.0,0.0,294.2,0.0,0.0,,,,,,,,,,,,,,,,,,,,,,,,,,,,,5134,137.84,,0.0,0.0,0.0,0.0,0.0,0.0,0.0,0.0,2177.3333333333335,2561.323355871596,59.81666666666666,67.57270378883277,,,0.0,0.0,0.0,0.0,0.0,0.0,0.0,0.0,2332.1428571428573,1628.7528386848046,54.10885714285714,41.684494649004165,,,0.0,0.0,762.0,,2,2024-07-04,2024-07-04,0
2024-07-04,2024-07-04 15:41:00-05:00,2024-07-04 19:30:00-05:00,229.0,0.0,0.0,0.0,0.0,229.0,0.0,0.0,229.0,0.0,0.0,,,,,,,,,,,,,,,,,,,,,,,,,,,,,1785,38.964,,0.0,0.0,0.0,0.0,0.0,0.0,0.0,0.0,2560.3333333333335,2286.7995831146495,65.67533333333334,63.19509456700999,,,0.0,0.0,0.0,0.0,0.0,0.0,0.0,0.0,2281.285714285714,1641.2261386217433,53.163714285714285,41.984034253964865,,,0.0,0.0,5134.0,,3,2024-07-05,2024-07-05,1
2024-07-05,2024-07-05 15:35:46-05:00,2024-07-05 19:30:00-05:00,175.13333333333333,0.0,0.0,0.0,0.0,234.23333333333332,0.0,0.0,175.13333333333333,0.0,0.0,,,,,,,,,,,,,,,,,,,,,,,,,,,,,2871,80.94200000000001,,0.0,0.0,0.0,0.0,0.0,0.0,0.0,0.0,3263.3333333333335,1708.623520069103,85.91533333333332,49.62525946867518,,,0.0,0.0,0.0,0.0,0.0,0.0,0.0,0.0,2482.4285714285716,1610.2122900560717,60.12014285714286,41.974864948873744,,,0.0,0.0,1785.0,,4,2024-07-06,2024-07-06,1
2024-07-06,2024-07-06 15:03:05-05:00,2024-07-06 19:30:03-05:00,266.96666666666664,0.0,0.0,0.0,0.0,266.96666666666664,0.0,0.0,266.96666666666664,0.0,0.0,,,,,,,,,,,,,,,,,,,,,,,,,,,,,3984,90.885,,0.0,0.0,0.0,0.0,0.0,0.0,0.0,0.0,2880.0,1099.527625846663,70.26366666666667,27.558440854542823,,,0.0,0.0,0.0,0.0,0.0,0.0,0.0,0.0,2698.1428571428573,1707.1232555160773,66.81028571428571,42.71296667568404,,,0.0,0.0,2871.0,,5,2024-07-07,2024-07-07,1
2024-07-07,2024-07-07 15:44:46-05:00,2024-07-07 19:30:02-05:00,225.26666666666668,0.0,0.0,0.0,0.0,225.26666666666668,0.0,0.0,225.26666666666668,0.0,0.0,,,,,,,,,,,,,,,,,,,,,,,,,,,,,3179,65.87,,0.0,0.0,0.0,0.0,0.0,0.0,0.0,0.0,3344.6666666666665,574.6967316188013,79.23233333333333,12.594831334056652,,,0.0,0.0,0.0,0.0,0.0,0.0,0.0,0.0,2621.5714285714284,1665.4229550020077,65.15871428571428,42.456597212974586,,,0.0,0.0,3984.0,,6,2024-07-08,2024-07-08,0
2024-07-08,2024-07-08 14:47:20-05:00,2024-07-08 19:30:01-05:00,163.55,0.0,0.0,0.0,0.0,282.68333333333334,0.0,0.0,163.55,0.0,0.0,,,,,,,,,,,,,,,,,,,,,,,,,,,,,2768,67.667,,0.0,0.0,0.0,0.0,0.0,0.0,0.0,0.0,3310.3333333333335,618.5469532164334,74.80733333333335,13.952627936461823,,,0.0,0.0,0.0,0.0,0.0,0.0,0.0,0.0,2926.1428571428573,1418.4147757939058,71.77000000000001,37.85901094411562,,,0.0,0.0,3179.0,,0,2024-07-09,2024-07-09,1
2024-07-09,2024-07-09 15:29:38-05:00,2024-07-09 19:30:00-05:00,240.36666666666667,0.0,0.0,0.0,0.0,240.36666666666667,0.0,0.0,240.36666666666667,0.0,0.0,,,,,,,,,,,,,,,,,,,,,,,,,,,,,3061,70.05,,0.0,0.0,0.0,0.0,0.0,0.0,0.0,0.0,3002.6666666666665,211.61836719276795,67.86233333333334,2.0968348369231538,,,0.0,0.0,0.0,0.0,0.0,0.0,0.0,0.0,3254.5714285714284,1052.8546682144463,78.88828571428571,30.525673384405916,,,0.0,0.0,2768.0,,1,2024-07-10,2024-07-10,0
2024-07-10,2024-07-10 15:13:36-05:00,2024-07-10 19:30:00-05:00,256.4,0.0,0.0,0.0,0.0,256.4,0.0,0.0,256.4,0.0,0.0,,,,,,,,,,,,,,,,,,,,,,,,,,,,,4489,107.782,,0.0,0.0,0.0,0.0,0.0,0.0,0.0,0.0,3439.3333333333335,920.7672525309164,81.83299999999998,22.50405792296141,,,0.0,0.0,0.0,0.0,0.0,0.0,0.0,0.0,3162.4285714285716,873.9896752141595,74.5942857142857,21.684762197714495,,,0.0,0.0,3061.0,,2,2024-07-11,2024-07-11,1
2024-07-11,2024-07-11 14:59:52-05:00,2024-07-11 19:30:03-05:00,270.18333333333334,0.0,0.0,0.0,0.0,270.18333333333334,0.0,0.0,270.18333333333334,0.0,0.0,,,,,,,,,,,,,,,,,,,,,,,,,,,,,2897,68.672,,0.0,0.0,0.0,0.0,0.0,0.0,0.0,0.0,3482.3333333333335,875.6468085554428,82.168,22.193072522749127,,,0.0,0.0,0.0,0.0,0.0,0.0,0.0,0.0,3321.285714285714,655.6982828216326,78.83828571428572,15.603679723217883,,,0.0,0.0,4489.0,,3,2024-07-12,2024-07-12,1
2024-07-12,2024-07-12 15:42:08-05:00,2024-07-12 19:30:00-05:00,212.58333333333337,0.0,0.0,0.0,0.0,227.86666666666667,0.0,0.0,212.58333333333337,0.0,0.0,,,,,,,,,,,,,,,,,,,,,,,,,,,,,1481,45.652,,0.0,0.0,0.0,0.0,0.0,0.0,0.0,0.0,2955.6666666666665,1504.8579113435703,74.03533333333333,31.41032049077715,,,0.0,0.0,0.0,0.0,0.0,0.0,0.0,0.0,3122.714285714286,956.3403707686424,73.79685714285714,19.915826440535252,,,0.0,0.0,2897.0,,4,2024-07-13,2024-07-13,1
2024-07-13,2024-07-13 15:42:44-05:00,2024-07-13 19:30:01-05:00,226.73333333333335,0.0,0.0,0.0,0.0,227.28333333333333,0.0,0.0,226.73333333333335,0.0,0.0,,,,,,,,,,,,,,,,,,,,,,,,,,,,,2978,64.81700000000001,,0.0,0.0,0.0,0.0,0.0,0.0,0.0,0.0,2452.0,841.8853841230416,59.71366666666667,12.3293596075925,,,0.0,0.0,0.0,0.0,0.0,0.0,0.0,0.0,2979.0,877.6933785022346,70.07285714285715,18.580441476891497,,,0.0,0.0,1481.0,,5,2024-07-14,2024-07-14,1
2024-07-14,2024-07-14 15:51:44-05:00,2024-07-14 19:30:02-05:00,218.3,0.0,0.0,0.0,0.0,218.3,0.0,0.0,218.3,0.0,0.0,,,,,,,,,,,,,,,,,,,,,,,,,,,,,3186,65.367,,0.0,0.0,0.0,0.0,0.0,0.0,0.0,0.0,2548.3333333333335,930.1700561366908,58.612,11.227057717852889,,,0.0,0.0,0.0,0.0,0.0,0.0,0.0,0.0,2980.0,877.9631731076956,70.001,18.60036635839913,,,0.0,0.0,2978.0,,6,2024-07-15,2024-07-15,1
2024-07-15,2024-07-15 15:57:20-05:00,2024-07-15 19:30:00-05:00,212.66666666666663,0.0,0.0,0.0,0.0,212.66666666666663,0.0,0.0,212.66666666666663,0.0,0.0,,,,,,,,,,,,,,,,,,,,,,,,,,,,,2503,45.377,,0.0,0.0,0.0,0.0,0.0,0.0,0.0,0.0,2889.0,350.0899884315466,58.52033333333335,11.385782069464238,,,0.0,0.0,0.0,0.0,0.0,0.0,0.0,0.0,2942.1428571428573,894.1913345907258,66.81671428571428,20.83969714842552,,,0.0,0.0,3186.0,,0,2024-07-16,2024-07-16,1
2024-07-16,2024-07-16 15:25:33-05:00,2024-07-16 19:30:00-05:00,161.58333333333334,0.0,0.0,0.0,0.0,244.45,0.0,0.0,161.58333333333334,0.0,0.0,,,,,,,,,,,,,,,,,,,,,,,,,,,,,3498,67.756,,0.0,0.0,0.0,0.0,0.0,0.0,0.0,0.0,3062.3333333333335,508.8971736346484,59.5,12.289067377144615,,,0.0,0.0,0.0,0.0,0.0,0.0,0.0,0.0,3004.5714285714284,918.7888508144582,66.489,20.79837416722758,,,0.0,0.0,2503.0,,1,2024-07-17,2024-07-17,1
2024-07-17,2024-07-17 15:10:45-05:00,2024-07-17 19:30:01-05:00,259.26666666666665,0.0,0.0,0.0,0.0,259.26666666666665,0.0,0.0,259.26666666666665,0.0,0.0,,,,,,,,,,,,,,,,,,,,,,,,,,,,,1542,29.419,,0.0,0.0,0.0,0.0,0.0,0.0,0.0,0.0,2514.3333333333335,978.0492489304075,47.51733333333334,19.2579116815228,,,0.0,0.0,0.0,0.0,0.0,0.0,0.0,0.0,2583.5714285714284,791.6162490211321,55.294285714285714,15.20556840671958,,,0.0,0.0,3498.0,,2,2024-07-18,2024-07-18,1
2024-07-18,2024-07-18 15:49:17-05:00,2024-07-18 19:30:02-05:00,220.75,0.0,0.0,0.0,0.0,220.75,0.0,0.0,220.75,0.0,0.0,,,,,,,,,,,,,,,,,,,,,,,,,,,,,2383,46.744,,0.0,0.0,0.0,0.0,0.0,0.0,0.0,0.0,2474.3333333333335,981.19332108068,47.97299999999999,19.198026539204463,,,0.0,0.0,0.0,0.0,0.0,0.0,0.0,0.0,2510.1428571428573,781.4715666764922,52.16171428571429,14.216826787464289,,,0.0,0.0,1542.0,,3,2024-07-19,2024-07-19,0
2024-07-19,2024-07-19 14:35:00-05:00,2024-07-19 19:30:01-05:00,46.60000000000001,0.0,0.0,0.0,0.0,295.01666666666665,0.0,0.0,46.60000000000001,0.0,0.0,,,,,,,,,,,,,,,,,,,,,,,,,,,,,5883,148.303,,0.0,0.0,0.0,0.0,0.0,0.0,0.0,0.0,3269.3333333333335,2302.229426736904,74.82199999999999,64.22329738498328,,,0.0,0.0,0.0,0.0,0.0,0.0,0.0,0.0,3139.0,1367.0520594817644,66.82614285714286,38.5317210552058,,,0.0,0.0,2383.0,,4,2024-07-20,2024-07-20,0
2024-07-20,2024-07-20 14:35:00-05:00,2024-07-20 19:30:01-05:00,295.01666666666665,0.0,0.0,0.0,0.0,295.01666666666665,0.0,0.0,295.01666666666665,0.0,0.0,,,,,,,,,,,,,,,,,,,,,,,,,,,,,1378,35.548,,0.0,0.0,0.0,0.0,0.0,0.0,0.0,0.0,3214.6666666666665,2364.848479994719,76.865,62.11987191712488,,,0.0,0.0,0.0,0.0,0.0,0.0,0.0,0.0,2910.4285714285716,1523.2899545767004,62.64485714285714,40.33208953768934,,,0.0,0.0,5883.0,,5,2024-07-21,2024-07-21,1
2024-07-21,2024-07-21 14:44:17-05:00,2024-07-21 19:30:00-05:00,285.71666666666664,0.0,0.0,0.0,0.0,285.71666666666664,0.0,0.0,285.71666666666664,0.0,0.0,,,,,,,,,,,,,,,,,,,,,,,,,,,,,2229,48.634,,0.0,0.0,0.0,0.0,0.0,0.0,0.0,0.0,3163.3333333333335,2393.426483795425,77.495,61.66960756320735,,,0.0,0.0,0.0,0.0,0.0,0.0,0.0,0.0,2773.714285714286,1537.3160284822936,60.25442857142857,40.638568900561864,,,0.0,0.0,1378.0,,6,2024-07-22,2024-07-22,1
2024-07-22,2024-07-22 16:40:40-05:00,2024-07-22 19:30:00-05:00,169.33333333333334,0.0,0.0,0.0,0.0,169.33333333333334,0.0,0.0,169.33333333333334,0.0,0.0,,,,,,,,,,,,,,,,,,,,,,,,,,,,,1930,40.678,,0.0,0.0,0.0,0.0,0.0,0.0,0.0,0.0,1845.6666666666667,431.72251890923576,41.62,6.5936615017756015,,,0.0,0.0,0.0,0.0,0.0,0.0,0.0,0.0,2691.8571428571427,1569.060592474728,59.58314285714285,40.96279612212595,,,0.0,0.0,2229.0,,0,2024-07-23,2024-07-23,1
2024-07-23,2024-07-23 15:51:43-05:00,2024-07-23 19:30:00-05:00,110.66666666666669,0.0,0.0,0.0,0.0,218.28333333333333,0.0,0.0,110.66666666666669,0.0,0.0,,,,,,,,,,,,,,,,,,,,,,,,,,,,,6345,176.433,,0.0,0.0,0.0,0.0,0.0,0.0,0.0,0.0,3501.3333333333335,2467.2211764114973,88.58166666666666,76.18541238539919,,,0.0,0.0,0.0,0.0,0.0,0.0,0.0,0.0,3098.5714285714284,2094.0143948202185,75.10842857142858,60.50834108026523,,,0.0,0.0,1930.0,,1,2024-07-24,2024-07-24,0
2024-07-24,2024-07-24 15:36:03-05:00,2024-07-24 19:30:00-05:00,233.95,0.0,0.0,0.0,0.0,233.95,0.0,0.0,233.95,0.0,0.0,,,,,,,,,,,,,,,,,,,,,,,,,,,,,4255,93.375,,0.0,0.0,0.0,0.0,0.0,0.0,0.0,0.0,4176.666666666667,2208.542128494118,103.49533333333332,68.44100281507671,,,0.0,0.0,0.0,0.0,0.0,0.0,0.0,0.0,3486.1428571428573,2007.166695333784,84.24499999999999,57.19755418430639,,,0.0,0.0,6345.0,,2,2024-07-25,2024-07-25,1
2024-07-25,2024-07-25 16:04:32-05:00,2024-07-25 19:30:02-05:00,205.4,0.0,0.0,0.0,0.0,205.5,0.0,0.0,205.4,0.0,0.0,,,,,,,,,,,,,,,,,,,,,,,,,,,,,3357,64.631,,0.0,0.0,0.0,0.0,0.0,0.0,0.0,0.0,4652.333333333333,1533.1149119793106,111.47966666666666,58.058212316031046,,,0.0,0.0,0.0,0.0,0.0,0.0,0.0,0.0,3625.285714285714,1950.9201858170857,86.8002857142857,55.6207977100721,,,0.0,0.0,4255.0,,3,2024-07-26,2024-07-26,0
2024-07-26,2024-07-26 14:56:09-05:00,2024-07-26 19:30:00-05:00,273.85,0.0,0.0,0.0,0.0,273.85,0.0,0.0,273.85,0.0,0.0,,,,,,,,,,,,,,,,,,,,,,,,,,,,,3234,55.543,,0.0,0.0,0.0,0.0,0.0,0.0,0.0,0.0,3615.3333333333335,557.3709118112716,71.183,19.74871094527444,,,0.0,0.0,0.0,0.0,0.0,0.0,0.0,0.0,3246.8571428571427,1677.7917459736009,73.54885714285714,49.2058098853803,,,0.0,0.0,3357.0,,4,2024-07-27,2024-07-27,0
2024-07-27,2024-07-27 15:56:55-05:00,2024-07-27 19:30:01-05:00,181.6,0.0,0.0,0.0,0.0,213.1,0.0,0.0,181.6,0.0,0.0,,,,,,,,,,,,,,,,,,,,,,,,,,,,,1652,39.601,,0.0,0.0,0.0,0.0,0.0,0.0,0.0,0.0,2747.6666666666665,950.8660964264776,53.25833333333333,12.670438087664287,,,0.0,0.0,0.0,0.0,0.0,0.0,0.0,0.0,3286.0,1629.4236199752763,74.12785714285714,48.70543353134422,,,0.0,0.0,3234.0,,5,2024-07-28,2024-07-28,0
2024-07-28,2024-07-28 15:32:19-05:00,2024-07-28 19:30:01-05:00,237.7,0.0,0.0,0.0,0.0,237.7,0.0,0.0,237.7,0.0,0.0,,,,,,,,,,,,,,,,,,,,,,,,,,,,,2499,58.185,,0.0,0.0,0.0,0.0,0.0,0.0,0.0,0.0,2461.6666666666665,791.6604912039805,51.10966666666667,10.053959286437044,,,0.0,0.0,0.0,0.0,0.0,0.0,0.0,0.0,3324.5714285714284,1603.2172713165296,75.49228571428571,48.00090592448676,,,0.0,0.0,1652.0,,6,2024-07-29,2024-07-29,0
2024-07-29,2024-07-29 15:59:24-05:00,2024-07-29 19:30:01-05:00,210.61666666666667,0.0,0.0,0.0,0.0,210.61666666666667,0.0,0.0,210.61666666666667,0.0,0.0,,,,,,,,,,,,,,,,,,,,,,,,,,,,,2924,57.837,,0.0,0.0,0.0,0.0,0.0,0.0,0.0,0.0,2358.3333333333335,647.5618374590395,51.87433333333333,10.630442574668928,,,0.0,0.0,0.0,0.0,0.0,0.0,0.0,0.0,3466.5714285714284,1499.7951923671508,77.94357142857143,46.33597383911389,,,0.0,0.0,2499.0,,0,2024-07-30,2024-07-30,0
2024-07-30,2024-07-30 15:04:20-05:00,2024-07-30 19:30:00-05:00,167.21666666666667,0.0,0.0,0.0,0.0,265.6666666666667,0.0,0.0,167.21666666666667,0.0,0.0,,,,,,,,,,,,,,,,,,,,,,,,,,,,,4493,107.116,,0.0,0.0,0.0,0.0,0.0,0.0,0.0,0.0,3305.3333333333335,1050.2715521870175,74.37933333333334,28.351318916998125,,,0.0,0.0,0.0,0.0,0.0,0.0,0.0,0.0,3202.0,981.0310902310896,68.04114285714286,23.617053290850155,,,0.0,0.0,2924.0,,1,2024-07-31,2024-07-31,1
2024-07-31,2024-07-31 15:27:16-05:00,2024-07-31 19:30:02-05:00,129.0,0.0,0.0,0.0,0.0,242.76666666666668,0.0,0.0,129.0,0.0,0.0,,,,,,,,,,,,,,,,,,,,,,,,,,,,,5485,125.958,,0.0,0.0,0.0,0.0,0.0,0.0,0.0,0.0,4300.666666666667,1291.2878584317775,96.97033333333331,35.17553943201636,,,0.0,0.0,0.0,0.0,0.0,0.0,0.0,0.0,3377.714285714286,1268.9683098598528,72.69585714285714,31.378030278251316,,,0.0,0.0,4493.0,,2,2024-08-01,2024-08-01,1
2024-08-01,2024-08-01 15:53:14-05:00,2024-08-01 21:59:51-05:00,348.6333333333333,0.0,0.0,0.0,0.0,366.6166666666667,0.0,0.0,348.6333333333333,0.0,0.0,,,,,,,,,,,,,,,,,,,,,,,,,,,,,8129,194.158,,0.0,0.0,0.0,0.0,0.0,0.0,0.0,0.0,6035.666666666667,1879.5077369708608,142.41066666666666,45.79405115660048,,,0.0,0.0,0.0,0.0,0.0,0.0,0.0,0.0,4059.428571428571,2197.8333920130563,91.1997142857143,55.07380779074049,,,0.0,0.0,5485.0,,3,2024-08-02,2024-08-02,1
2024-08-02,2024-08-03 00:05:00-05:00,2024-08-03 05:00:02-05:00,295.03333333333336,0.0,0.0,0.0,0.0,295.03333333333336,0.0,0.0,295.03333333333336,0.0,0.0,,,,,,,,,,,,,,,,,,,,,,,,,,,,,2512,57.547,,0.0,0.0,0.0,0.0,0.0,0.0,0.0,0.0,5375.333333333333,2810.1053954137246,125.88766666666668,68.30552715800779,,,0.0,0.0,0.0,0.0,0.0,0.0,0.0,0.0,3956.285714285714,2259.113521884614,91.486,54.86236721104914,,,0.0,0.0,8129.0,,4,2024-08-03,2024-08-03,1
2024-08-03,2024-08-04 00:05:00-05:00,2024-08-04 05:00:00-05:00,295.0,0.0,0.0,0.0,0.0,295.0,0.0,0.0,295.0,0.0,0.0,,,,,,,,,,,,,,,,,,,,,,,,,,,,,5993,165.505,,0.0,0.0,0.0,0.0,0.0,0.0,0.0,0.0,5544.666666666667,2835.211514743358,139.07,72.03990733614258,,,0.0,0.0,0.0,0.0,0.0,0.0,0.0,0.0,4576.428571428572,2112.186691333798,109.47228571428572,55.649932368075966,,,0.0,0.0,2512.0,,5,2024-08-04,2024-08-04,1
2024-08-04,2024-08-05 01:13:35-05:00,2024-08-05 05:00:00-05:00,204.0,0.0,0.0,0.0,0.0,226.41666666666663,0.0,0.0,204.0,0.0,0.0,,,,,,,,,,,,,,,,,,,,,,,,,,,,,6575,166.866,,0.0,0.0,0.0,0.0,0.0,0.0,0.0,0.0,5026.666666666667,2197.1213742834793,129.97266666666667,62.72615861292115,,,0.0,0.0,0.0,0.0,0.0,0.0,0.0,0.0,5158.714285714285,2003.0467388693744,124.99814285714284,54.09525074480068,,,0.0,0.0,5993.0,,6,2024-08-05,2024-08-05,0
2024-08-05,2024-08-06 00:05:00-05:00,2024-08-06 05:00:02-05:00,295.03333333333336,0.0,0.0,0.0,0.0,295.03333333333336,0.0,0.0,295.03333333333336,0.0,0.0,,,,,,,,,,,,,,,,,,,,,,,,,,,,,12595,364.412,,0.0,0.0,0.0,0.0,0.0,0.0,0.0,0.0,8387.666666666666,3655.2594071191897,232.261,114.44814625410068,,,0.0,0.0,0.0,0.0,0.0,0.0,0.0,0.0,6540.285714285715,3188.9496031496906,168.7945714285714,97.41600032140026,,,0.0,0.0,6575.0,,0,2024-08-06,2024-08-06,1
2024-08-06,2024-08-07 02:20:37-05:00,2024-08-07 05:00:01-05:00,159.4,0.0,0.0,0.0,0.0,159.4,0.0,0.0,159.4,0.0,0.0,,,,,,,,,,,,,,,,,,,,,,,,,,,,,8931,262.69,,0.0,0.0,0.0,0.0,0.0,0.0,0.0,0.0,9367.0,3033.590611799818,264.656,98.78767329986076,,,0.0,0.0,0.0,0.0,0.0,0.0,0.0,0.0,7174.285714285715,3155.0710881735404,191.01942857142856,98.73682031855724,,,0.0,0.0,12595.0,,1,2024-08-07,2024-08-07,1
2024-08-07,2024-08-08 00:05:00-05:00,2024-08-08 05:00:01-05:00,295.01666666666665,0.0,0.0,0.0,0.0,295.01666666666665,0.0,0.0,295.01666666666665,0.0,0.0,,,,,,,,,,,,,,,,,,,,,,,,,,,,,6522,221.551,,0.0,0.0,0.0,0.0,0.0,0.0,0.0,0.0,9349.333333333334,3058.03602551267,282.88433333333336,73.54029272673152,,,0.0,0.0,0.0,0.0,0.0,0.0,0.0,0.0,7322.428571428572,3086.1250707612203,204.67557142857143,94.76946925892884,,,0.0,0.0,8931.0,,2,2024-08-08,2024-08-08,0
2024-08-08,2024-08-09 00:56:42-05:00,2024-08-09 05:00:00-05:00,243.3,0.0,0.0,0.0,0.0,243.3,0.0,0.0,243.3,0.0,0.0,,,,,,,,,,,,,,,,,,,,,,,,,,,,,6149,190.177,,0.0,0.0,0.0,0.0,0.0,0.0,0.0,0.0,7200.666666666667,1510.0736185144524,224.806,36.36591894892823,,,0.0,0.0,0.0,0.0,0.0,0.0,0.0,0.0,7039.571428571428,3090.612876498923,204.1068571428571,94.8550113197832,,,0.0,0.0,6522.0,,3,2024-08-09,2024-08-09,1
2024-08-09,2024-08-10 01:21:52-05:00,2024-08-10 05:00:00-05:00,218.13333333333333,0.0,0.0,0.0,0.0,218.13333333333333,0.0,0.0,218.13333333333333,0.0,0.0,,,,,,,,,,,,,,,,,,,,,,,,,,,,,6957,229.058,,0.0,0.0,0.0,0.0,0.0,0.0,0.0,0.0,6542.666666666667,404.3962578132152,213.59533333333337,20.62528822424912,,,0.0,0.0,0.0,0.0,0.0,0.0,0.0,0.0,7674.571428571428,2380.359486656224,228.60842857142856,69.43260259862842,,,0.0,0.0,6149.0,,4,2024-08-10,2024-08-10,0
2024-08-10,2024-08-11 00:05:00-05:00,2024-08-11 05:00:00-05:00,295.0,0.0,0.0,0.0,0.0,295.0,0.0,0.0,295.0,0.0,0.0,,,,,,,,,,,,,,,,,,,,,,,,,,,,,1739,32.085,,0.0,0.0,0.0,0.0,0.0,0.0,0.0,0.0,4948.333333333333,2808.572828561391,150.43999999999997,104.325752137236,,,0.0,0.0,0.0,0.0,0.0,0.0,0.0,0.0,7066.857142857143,3261.256834850198,209.5484285714286,100.8478622329318,,,0.0,0.0,6957.0,,5,2024-08-11,2024-08-11,1
2024-08-11,2024-08-12 01:32:16-05:00,2024-08-12 05:00:01-05:00,173.46666666666667,0.0,0.0,0.0,0.0,207.75,0.0,0.0,173.46666666666667,0.0,0.0,,,,,,,,,,,,,,,,,,,,,,,,,,,,,10951,325.97,,0.0,0.0,0.0,0.0,0.0,0.0,0.0,0.0,6549.0,4619.532876817741,195.70433333333335,149.75462802976523,,,0.0,0.0,0.0,0.0,0.0,0.0,0.0,0.0,7692.0,3557.24130003387,232.27757142857143,107.34496024632794,,,0.0,0.0,1739.0,,6,2024-08-12,2024-08-12,0
2024-08-12,2024-08-13 00:05:00-05:00,2024-08-13 05:00:02-05:00,295.03333333333336,0.0,0.0,0.0,0.0,295.03333333333336,0.0,0.0,295.03333333333336,0.0,0.0,,,,,,,,,,,,,,,,,,,,,,,,,,,,,1565,28.291,,0.0,0.0,0.0,0.0,0.0,0.0,0.0,0.0,4751.666666666667,5369.485015654046,128.782,170.78035342802173,,,0.0,0.0,0.0,0.0,0.0,0.0,0.0,0.0,6116.285714285715,3465.1691980953196,184.2602857142857,113.39388501989325,,,0.0,0.0,10951.0,,0,2024-08-13,2024-08-13,1
2024-08-13,2024-08-14 01:36:41-05:00,2024-08-14 05:00:00-05:00,203.31666666666663,0.0,0.0,0.0,0.0,203.31666666666663,0.0,0.0,203.31666666666663,0.0,0.0,,,,,,,,,,,,,,,,,,,,,,,,,,,,,7472,256.46,,0.0,0.0,0.0,0.0,0.0,0.0,0.0,0.0,6662.666666666667,4745.051562768663,203.57366666666667,155.72706877846687,,,0.0,0.0,0.0,0.0,0.0,0.0,0.0,0.0,5907.857142857143,3307.960924223632,183.37028571428573,112.69802787347894,,,0.0,0.0,1565.0,,1,2024-08-14,2024-08-14,1
2024-08-14,2024-08-15 00:51:47-05:00,2024-08-15 05:00:01-05:00,248.23333333333332,0.0,0.0,0.0,0.0,248.23333333333332,0.0,0.0,248.23333333333332,0.0,0.0,,,,,,,,,,,,,,,,,,,,,,,,,,,,,7606,234.972,,0.0,0.0,0.0,0.0,0.0,0.0,0.0,0.0,5547.666666666667,3449.7411980224447,173.241,125.98932657570646,,,0.0,0.0,0.0,0.0,0.0,0.0,0.0,0.0,6062.714285714285,3366.3601864271586,185.28757142857145,113.5666551719843,,,0.0,0.0,7472.0,,2,2024-08-15,2024-08-15,0
2024-08-15,2024-08-16 01:45:20-05:00,2024-08-16 05:00:02-05:00,194.7,0.0,0.0,0.0,0.0,194.7,0.0,0.0,194.7,0.0,0.0,,,,,,,,,,,,,,,,,,,,,,,,,,,,,5829,188.874,,0.0,0.0,0.0,0.0,0.0,0.0,0.0,0.0,6969.0,989.539792024554,226.7686666666667,34.53169351962567,,,0.0,0.0,0.0,0.0,0.0,0.0,0.0,0.0,6017.0,3367.16582108257,185.10142857142856,113.55837295983824,,,0.0,0.0,7606.0,,3,2024-08-16,2024-08-16,0
2024-08-16,2024-08-17 01:17:37-05:00,2024-08-17 05:00:02-05:00,222.41666666666663,0.0,0.0,0.0,0.0,222.41666666666663,0.0,0.0,222.41666666666663,0.0,0.0,,,,,,,,,,,,,,,,,,,,,,,,,,,,,5487,182.087,,0.0,0.0,0.0,0.0,0.0,0.0,0.0,0.0,6307.333333333333,1137.6037681606592,201.97766666666664,28.77473486121729,,,0.0,0.0,0.0,0.0,0.0,0.0,0.0,0.0,5807.0,3344.5336994365384,178.39128571428571,111.90378970603022,,,0.0,0.0,5829.0,,4,2024-08-17,2024-08-17,0
2024-08-17,2024-08-18 01:25:06-05:00,2024-08-18 05:00:01-05:00,214.91666666666663,0.0,0.0,0.0,0.0,214.91666666666663,0.0,0.0,214.91666666666663,0.0,0.0,,,,,,,,,,,,,,,,,,,,,,,,,,,,,6581,222.085,,0.0,0.0,0.0,0.0,0.0,0.0,0.0,0.0,5965.666666666667,559.6582290410199,197.682,21.40433715395129,,,0.0,0.0,0.0,0.0,0.0,0.0,0.0,0.0,6498.714285714285,2823.0186393460513,205.53414285714285,91.72533044808031,,,0.0,0.0,5487.0,,5,2024-08-18,2024-08-18,0
2024-08-18,2024-08-19 02:23:30-05:00,2024-08-19 05:00:00-05:00,156.25,0.0,0.0,0.0,0.0,156.5,0.0,0.0,156.25,0.0,0.0,,,,,,,,,,,,,,,,,,,,,,,,,,,,,2183,59.926,,0.0,0.0,0.0,0.0,0.0,0.0,0.0,0.0,4750.333333333333,2289.674503795972,154.69933333333333,84.47750312558573,,,0.0,0.0,0.0,0.0,0.0,0.0,0.0,0.0,5246.142857142857,2437.095294852146,167.52785714285713,88.56900208204634,,,0.0,0.0,6581.0,,6,2024-08-19,2024-08-19,0
2024-08-19,2024-08-20 01:30:28-05:00,2024-08-20 05:00:02-05:00,71.3,0.0,0.0,0.0,0.0,209.56666666666663,0.0,0.0,71.3,0.0,0.0,,,,,,,,,,,,,,,,,,,,,,,,,,,,,4134,80.896,,0.0,0.0,0.0,0.0,0.0,0.0,0.0,0.0,4299.333333333333,2203.6565824404965,120.969,88.19449709023803,,,0.0,0.0,0.0,0.0,0.0,0.0,0.0,0.0,5613.142857142857,1931.313320737248,175.04285714285714,76.14641432667416,,,0.0,0.0,2183.0,,0,2024-08-20,2024-08-20,0
2024-08-20,2024-08-21 01:01:52-05:00,2024-08-21 05:00:01-05:00,237.46666666666667,0.0,0.0,0.0,0.0,238.15,0.0,0.0,237.46666666666667,0.0,0.0,,,,,,,,,,,,,,,,,,,,,,,,,,,,,1787,36.248,,0.0,0.0,0.0,0.0,0.0,0.0,0.0,0.0,2701.3333333333335,1256.4252199527546,59.02333333333333,22.337682989364097,,,0.0,0.0,0.0,0.0,0.0,0.0,0.0,0.0,4801.0,2196.467391062292,143.584,82.15564685197646,,,0.0,0.0,4134.0,,1,2024-08-21,2024-08-21,0
2024-08-21,2024-08-22 00:32:37-05:00,2024-08-22 05:00:01-05:00,195.73333333333335,0.0,0.0,0.0,0.0,267.4,0.0,0.0,195.73333333333335,0.0,0.0,,,,,,,,,,,,,,,,,,,,,,,,,,,,,6204,177.252,,0.0,0.0,0.0,0.0,0.0,0.0,0.0,0.0,4041.6666666666665,2209.9471336059896,98.132,72.0648442446107,,,0.0,0.0,0.0,0.0,0.0,0.0,0.0,0.0,4600.714285714285,1947.921859682406,135.33828571428572,73.94043425784092,,,0.0,0.0,1787.0,,2,2024-08-22,2024-08-22,0
2024-08-22,2024-08-23 01:06:02-05:00,2024-08-23 05:00:00-05:00,118.58333333333331,0.0,0.0,0.0,0.0,233.96666666666667,0.0,0.0,118.58333333333331,0.0,0.0,,,,,,,,,,,,,,,,,,,,,,,,,,,,,2724,66.73100000000001,,0.0,0.0,0.0,0.0,0.0,0.0,0.0,0.0,3571.6666666666665,2327.3109661867984,93.41033333333333,74.19145587150405,,,0.0,0.0,0.0,0.0,0.0,0.0,0.0,0.0,4157.142857142857,1974.9463645519932,117.88928571428572,73.61243175287328,,,0.0,0.0,6204.0,,3,2024-08-23,2024-08-23,1
2024-08-23,2024-08-24 02:42:42-05:00,2024-08-24 05:00:02-05:00,137.33333333333334,0.0,0.0,0.0,0.0,137.33333333333334,0.0,0.0,137.33333333333334,0.0,0.0,,,,,,,,,,,,,,,,,,,,,,,,,,,,,12501,379.75,,0.0,0.0,0.0,0.0,0.0,0.0,0.0,0.0,7143.0,4955.67583685616,207.91099999999997,158.74572215023628,,,0.0,0.0,0.0,0.0,0.0,0.0,0.0,0.0,5159.142857142857,3746.684820325448,146.12685714285712,123.4104970797711,,,0.0,0.0,2724.0,,4,2024-08-24,2024-08-24,1
2024-08-24,2024-08-25 01:29:29-05:00,2024-08-25 05:00:00-05:00,159.23333333333332,0.0,0.0,0.0,0.0,210.51666666666668,0.0,0.0,159.23333333333332,0.0,0.0,,,,,,,,,,,,,,,,,,,,,,,,,,,,,8340,238.789,,0.0,0.0,0.0,0.0,0.0,0.0,0.0,0.0,7855.0,4906.511082225332,228.42333333333332,156.76673395313608,,,0.0,0.0,0.0,0.0,0.0,0.0,0.0,0.0,5410.428571428572,3913.226412103055,148.51314285714284,125.27149015428924,,,0.0,0.0,12501.0,,5,2024-08-25,2024-08-25,0
2024-08-25,2024-08-26 01:21:16-05:00,2024-08-26 05:00:00-05:00,138.5,0.0,0.0,0.0,0.0,218.73333333333332,0.0,0.0,138.5,0.0,0.0,,,,,,,,,,,,,,,,,,,,,,,,,,,,,4279,140.112,,0.0,0.0,0.0,0.0,0.0,0.0,0.0,0.0,8373.333333333334,4111.101352841272,252.88366666666664,120.439144310865,,,0.0,0.0,0.0,0.0,0.0,0.0,0.0,0.0,5709.857142857143,3699.465701448045,159.9682857142857,119.34685633998951,,,0.0,0.0,8340.0,,6,2024-08-26,2024-08-26,1
2024-08-26,2024-08-27 00:56:13-05:00,2024-08-27 05:00:01-05:00,88.41666666666667,0.0,0.0,0.0,0.0,243.8,0.0,0.0,88.41666666666667,0.0,0.0,,,,,,,,,,,,,,,,,,,,,,,,,,,,,1685,33.123,,0.0,0.0,0.0,0.0,0.0,0.0,0.0,0.0,4768.0,3354.3400245055673,137.34133333333332,102.86099034295428,,,0.0,0.0,0.0,0.0,0.0,0.0,0.0,0.0,5360.0,3978.601680657832,153.14357142857145,125.81288737228942,,,0.0,0.0,4279.0,,0,2024-08-27,2024-08-27,1
2024-08-27,2024-08-28 03:23:01-05:00,2024-08-28 05:00:01-05:00,97.0,0.0,0.0,0.0,0.0,97.0,0.0,0.0,97.0,0.0,0.0,,,,,,,,,,,,,,,,,,,,,,,,,,,,,2491,55.871,,0.0,0.0,0.0,0.0,0.0,0.0,0.0,0.0,2818.3333333333335,1327.617916922391,76.36866666666667,56.36290698973319,,,0.0,0.0,0.0,0.0,0.0,0.0,0.0,0.0,5460.571428571428,3880.928963411674,155.94685714285714,122.9604715825762,,,0.0,0.0,1685.0,,1,2024-08-28,2024-08-28,1
2024-08-28,2024-08-29 02:23:21-05:00,2024-08-29 05:00:01-05:00,156.66666666666666,0.0,0.0,0.0,0.0,156.66666666666666,0.0,0.0,156.66666666666666,0.0,0.0,,,,,,,,,,,,,,,,,,,,,,,,,,,,,10413,323.731,,0.0,0.0,0.0,0.0,0.0,0.0,0.0,0.0,4863.0,4823.3063348703035,137.57500000000002,161.61655276610745,,,0.0,0.0,0.0,0.0,0.0,0.0,0.0,0.0,6061.857142857143,4316.879831103765,176.87242857142857,138.65311520464437,,,0.0,0.0,2491.0,,2,2024-08-29,2024-08-29,1
2024-08-29,2024-08-30 03:42:52-05:00,2024-08-30 05:00:01-05:00,77.15,0.0,0.0,0.0,0.0,77.15,0.0,0.0,77.15,0.0,0.0,,,,,,,,,,,,,,,,,,,,,,,,,,,,,10753,328.166,,0.0,0.0,0.0,0.0,0.0,0.0,0.0,0.0,7885.666666666667,4675.010303018948,235.9226666666667,155.94508427114127,,,0.0,0.0,0.0,0.0,0.0,0.0,0.0,0.0,7208.857142857143,4348.735004901671,214.2202857142857,139.2495910056403,,,0.0,0.0,10413.0,,3,2024-08-30,2024-08-30,0
2024-08-30,2024-08-31 02:15:00-05:00,2024-08-31 05:00:00-05:00,165.0,0.0,0.0,0.0,0.0,165.0,0.0,0.0,165.0,0.0,0.0,,,,,,,,,,,,,,,,,,,,,,,,,,,,,10254,304.366,,0.0,0.0,0.0,0.0,0.0,0.0,0.0,0.0,10473.333333333334,254.9124032551247,318.75433333333336,12.656437426597448,,,0.0,0.0,0.0,0.0,0.0,0.0,0.0,0.0,6887.857142857143,3958.4047472254706,203.45114285714288,126.66032922667432,,,0.0,0.0,10753.0,,4,2024-08-31,2024-08-31,1
2024-08-31,2024-09-01 03:30:16-05:00,2024-09-01 05:00:02-05:00,89.76666666666667,0.0,0.0,0.0,0.0,89.76666666666667,0.0,0.0,89.76666666666667,0.0,0.0,,,,,,,,,,,,,,,,,,,,,,,,,,,,,6957,226.55,,0.0,0.0,0.0,0.0,0.0,0.0,0.0,0.0,9321.333333333334,2062.7177056818296,286.36066666666665,53.14693674458923,,,0.0,0.0,0.0,0.0,0.0,0.0,0.0,0.0,6690.285714285715,3908.039351315256,201.7027142857143,126.1747650651195,,,0.0,0.0,10254.0,,5,2024-09-01,2024-09-01,0
2024-09-01,2024-09-02 02:16:02-05:00,2024-09-02 05:00:00-05:00,163.96666666666667,0.0,0.0,0.0,0.0,163.96666666666667,0.0,0.0,163.96666666666667,0.0,0.0,,,,,,,,,,,,,,,,,,,,,,,,,,,,,1627,34.071,,0.0,0.0,0.0,0.0,0.0,0.0,0.0,0.0,6279.333333333333,4353.240899988575,188.329,139.1419433061074,,,0.0,0.0,0.0,0.0,0.0,0.0,0.0,0.0,6311.428571428572,4290.580064013989,186.554,140.36916730061012,,,0.0,0.0,6957.0,,6,2024-09-02,2024-09-02,1
2024-09-02,2024-09-03 02:33:10-05:00,2024-09-03 05:00:00-05:00,146.83333333333334,0.0,0.0,0.0,0.0,146.83333333333334,0.0,0.0,146.83333333333334,0.0,0.0,,,,,,,,,,,,,,,,,,,,,,,,,,,,,13516,352.104,,0.0,0.0,0.0,0.0,0.0,0.0,0.0,0.0,7366.666666666667,5955.077693307899,204.24166666666667,160.18580952860134,,,0.0,0.0,0.0,0.0,0.0,0.0,0.0,0.0,8001.571428571428,4489.99613426496,232.12271428571427,133.885022475399,,,0.0,0.0,1627.0,,0,2024-09-03,2024-09-03,1
2024-09-03,2024-09-04 02:56:13-05:00,2024-09-04 05:00:02-05:00,123.81666666666666,0.0,0.0,0.0,0.0,123.81666666666666,0.0,0.0,123.81666666666666,0.0,0.0,,,,,,,,,,,,,,,,,,,,,,,,,,,,,996,13.763,,0.0,0.0,0.0,0.0,0.0,0.0,0.0,0.0,5379.666666666667,7053.331151543456,133.31266666666667,189.75072956996328,,,0.0,0.0,0.0,0.0,0.0,0.0,0.0,0.0,7788.0,4819.279614216216,226.10728571428572,143.70931066301202,,,0.0,0.0,13516.0,,1,2024-09-04,2024-09-04,1
2024-09-04,2024-09-05 02:19:24-05:00,2024-09-05 05:00:01-05:00,160.61666666666667,0.0,0.0,0.0,0.0,160.61666666666667,0.0,0.0,160.61666666666667,0.0,0.0,,,,,,,,,,,,,,,,,,,,,,,,,,,,,13927,418.902,,0.0,0.0,0.0,0.0,0.0,0.0,0.0,0.0,9479.666666666666,7349.944240151302,261.5896666666667,217.20735653824747,,,0.0,0.0,0.0,0.0,0.0,0.0,0.0,0.0,8290.0,5297.568687615102,239.7031428571429,158.2506855029161,,,0.0,0.0,996.0,,2,2024-09-05,2024-09-05,0
2024-09-05,2024-09-06 02:15:00-05:00,2024-09-06 05:00:01-05:00,165.01666666666668,0.0,0.0,0.0,0.0,165.01666666666668,0.0,0.0,165.01666666666668,0.0,0.0,,,,,,,,,,,,,,,,,,,,,,,,,,,,,3907,110.834,,0.0,0.0,0.0,0.0,0.0,0.0,0.0,0.0,6276.666666666667,6783.3752906155305,181.16633333333337,211.52867456761825,,,0.0,0.0,0.0,0.0,0.0,0.0,0.0,0.0,7312.0,5398.060392400218,208.65571428571425,159.31815962272296,,,0.0,0.0,13927.0,,3,2024-09-06,2024-09-06,1
2024-09-06,2024-09-07 03:24:06-05:00,2024-09-07 05:00:02-05:00,95.93333333333334,0.0,0.0,0.0,0.0,95.93333333333334,0.0,0.0,95.93333333333334,0.0,0.0,,,,,,,,,,,,,,,,,,,,,,,,,,,,,6491,166.405,,0.0,0.0,0.0,0.0,0.0,0.0,0.0,0.0,8108.333333333333,5202.107777942833,232.047,164.18930318081024,,,0.0,0.0,0.0,0.0,0.0,0.0,0.0,0.0,6774.428571428572,5241.344161476864,188.94699999999995,153.94765671487175,,,0.0,0.0,3907.0,,4,2024-09-07,2024-09-07,0
2024-09-07,2024-09-08 03:15:12-05:00,2024-09-08 05:00:01-05:00,104.81666666666666,0.0,0.0,0.0,0.0,104.81666666666666,0.0,0.0,104.81666666666666,0.0,0.0,,,,,,,,,,,,,,,,,,,,,,,,,,,,,6438,204.76,,0.0,0.0,0.0,0.0,0.0,0.0,0.0,0.0,5612.0,1476.8110915076463,160.66633333333334,47.22523255986502,,,0.0,0.0,0.0,0.0,0.0,0.0,0.0,0.0,6700.285714285715,5242.001898584348,185.83414285714284,153.27944102784798,,,0.0,0.0,6491.0,,5,2024-09-08,2024-09-08,1
2024-09-08,2024-09-09 04:04:53-05:00,2024-09-09 05:00:01-05:00,55.13333333333333,0.0,0.0,0.0,0.0,55.13333333333333,0.0,0.0,55.13333333333333,0.0,0.0,,,,,,,,,,,,,,,,,,,,,,,,,,,,,11487,320.159,,0.0,0.0,0.0,0.0,0.0,0.0,0.0,0.0,8138.666666666667,2899.86281284707,230.44133333333335,80.02950262455313,,,0.0,0.0,0.0,0.0,0.0,0.0,0.0,0.0,8108.857142857143,4969.195019603994,226.70385714285712,143.92492438007227,,,0.0,0.0,6438.0,,6,2024-09-09,2024-09-09,0
2024-09-09,2024-09-10 02:15:00-05:00,2024-09-10 05:00:00-05:00,165.0,0.0,0.0,0.0,0.0,165.0,0.0,0.0,165.0,0.0,0.0,,,,,,,,,,,,,,,,,,,,,,,,,,,,,12467,410.415,,0.0,0.0,0.0,0.0,0.0,0.0,0.0,0.0,10130.666666666666,3235.2651102086375,311.778,103.08334311129052,,,0.0,0.0,0.0,0.0,0.0,0.0,0.0,0.0,7959.0,4791.596985000582,235.03399999999996,153.7450012022071,,,0.0,0.0,11487.0,,0,2024-09-10,2024-09-10,1
2024-09-10,2024-09-11 03:32:05-05:00,2024-09-11 05:00:00-05:00,87.91666666666667,0.0,0.0,0.0,0.0,87.91666666666667,0.0,0.0,87.91666666666667,0.0,0.0,,,,,,,,,,,,,,,,,,,,,,,,,,,,,6929,188.419,,0.0,0.0,0.0,0.0,0.0,0.0,0.0,0.0,10294.333333333334,2955.368222968722,306.331,111.64213448335734,,,0.0,0.0,0.0,0.0,0.0,0.0,0.0,0.0,8806.57142857143,3770.616654127141,259.98485714285715,122.93591707800256,,,0.0,0.0,12467.0,,1,2024-09-11,2024-09-11,0
2024-09-11,2024-09-12 02:26:21-05:00,2024-09-12 05:00:00-05:00,153.65,0.0,0.0,0.0,0.0,153.65,0.0,0.0,153.65,0.0,0.0,,,,,,,,,,,,,,,,,,,,,,,,,,,,,8585,274.57300000000004,,0.0,0.0,0.0,0.0,0.0,0.0,0.0,0.0,9327.0,2842.5840356970934,291.1356666666667,111.9209428540225,,,0.0,0.0,0.0,0.0,0.0,0.0,0.0,0.0,8043.428571428572,3029.270971545401,239.36642857142857,102.19406105356144,,,0.0,0.0,6929.0,,2,2024-09-12,2024-09-12,0
2024-09-12,2024-09-13 02:17:11-05:00,2024-09-13 05:00:02-05:00,162.85,0.0,0.0,0.0,0.0,162.85,0.0,0.0,162.85,0.0,0.0,,,,,,,,,,,,,,,,,,,,,,,,,,,,,6031,162.558,,0.0,0.0,0.0,0.0,0.0,0.0,0.0,0.0,7181.666666666667,1295.611567304538,208.51666666666668,58.64961389756418,,,0.0,0.0,0.0,0.0,0.0,0.0,0.0,0.0,8346.857142857143,2625.3330219594,246.75557142857147,92.78874767243624,,,0.0,0.0,8585.0,,3,2024-09-13,2024-09-13,1
2024-09-13,2024-09-14 03:14:00-05:00,2024-09-14 05:00:02-05:00,106.03333333333332,0.0,0.0,0.0,0.0,106.03333333333332,0.0,0.0,106.03333333333332,0.0,0.0,,,,,,,,,,,,,,,,,,,,,,,,,,,,,7553,221.856,,0.0,0.0,0.0,0.0,0.0,0.0,0.0,0.0,7389.666666666667,1284.8102324208503,219.66233333333335,56.03971079808815,,,0.0,0.0,0.0,0.0,0.0,0.0,0.0,0.0,8498.57142857143,2529.1343616043055,254.67714285714283,86.97032581945896,,,0.0,0.0,6031.0,,4,2024-09-14,2024-09-14,0
2024-09-14,2024-09-15 04:45:11-05:00,2024-09-15 05:00:01-05:00,14.833333333333334,0.0,0.0,0.0,0.0,14.833333333333334,0.0,0.0,14.833333333333334,0.0,0.0,,,,,,,,,,,,,,,,,,,,,,,,,,,,,4978,139.826,,0.0,0.0,0.0,0.0,0.0,0.0,0.0,0.0,6187.333333333333,1294.5989082852373,174.74666666666667,42.35153977523533,,,0.0,0.0,0.0,0.0,0.0,0.0,0.0,0.0,8290.0,2775.580359732596,245.40085714285712,96.15936682304806,,,0.0,0.0,7553.0,,5,2024-09-15,2024-09-15,1
2024-09-15,2024-09-16 03:41:37-05:00,2024-09-16 05:00:01-05:00,64.93333333333334,0.0,0.0,0.0,0.0,78.4,0.0,0.0,64.93333333333334,0.0,0.0,,,,,,,,,,,,,,,,,,,,,,,,,,,,,7848,222.18,,0.0,0.0,0.0,0.0,0.0,0.0,0.0,0.0,6793.0,1578.7415874676865,194.62066666666664,47.45384984733427,,,0.0,0.0,0.0,0.0,0.0,0.0,0.0,0.0,7770.142857142857,2391.159860024098,231.4038571428571,90.4237793087426,,,0.0,0.0,4978.0,,6,2024-09-16,2024-09-16,1
2024-09-16,2024-09-17 02:49:44-05:00,2024-09-17 05:00:01-05:00,130.28333333333333,0.0,0.0,0.0,0.0,130.28333333333333,0.0,0.0,130.28333333333333,0.0,0.0,,,,,,,,,,,,,,,,,,,,,,,,,,,,,989,16.730999999999998,,0.0,0.0,0.0,0.0,0.0,0.0,0.0,0.0,4605.0,3444.6795206521037,126.24566666666668,103.39556078639608,,,0.0,0.0,0.0,0.0,0.0,0.0,0.0,0.0,6130.428571428572,2562.832538237252,175.1632857142857,82.62081294628346,,,0.0,0.0,7848.0,,0,2024-09-17,2024-09-17,1
2024-09-17,2024-09-18 03:31:53-05:00,2024-09-18 03:31:58-05:00,0.0833333333333333,0.0,0.0,0.0,0.0,0.0833333333333333,0.0,0.0,0.0833333333333333,0.0,0.0,,,,,,,,,,,,,,,,,,,,,,,,,,,,,5707,163.932,,0.0,0.0,0.0,0.0,0.0,0.0,0.0,0.0,4848.0,3509.256473955702,134.28099999999998,105.88535900208296,,,0.0,0.0,0.0,0.0,0.0,0.0,0.0,0.0,5955.857142857143,2540.8959331025576,171.66514285714285,82.48430273376984,,,0.0,0.0,989.0,,1,2024-09-18,2024-09-18,1
2024-12-22,2024-12-23 01:59:41-05:00,2024-12-23 06:00:41-05:00,0.0,38.5,48.0,150.0,236.5,241.0,236.5,,241.0,0.9813278008298756,0.9813278008298756,0.1627906976744186,0.2029598308668076,0.6342494714587738,77.32665510204082,71.0,88.0061,75.0,4.854843495619995,31.3671,31.3671,31.3671,31.3671,0.0,17.125,15.0,19.0,17.25,1.033299730636437,,,,,,,,,,,20853,502.304,3.833870967741936,78.83333333333333,136.5433386633465,0.3271092669432918,0.566569869972392,16.0,27.712812921102035,12.833333333333334,22.22798536380059,9183.0,10378.17691119206,227.6556666666667,248.9795450480488,,,33.785714285714285,89.38859786668223,0.1401896858328393,0.3709070450899677,6.857142857142857,18.142294704442907,5.5,14.551632210855248,7708.428571428572,6221.586610534402,204.19814285714284,148.40553412460577,,,0.0,0.0,5707.0,,6,2024-12-23,2024-12-23,1
2024-12-23,2024-12-23 06:12:45-05:00,2024-12-24 06:09:06-05:00,0.0,83.5,31.5,262.0,497.0,1436.35,497.0,,1436.35,0.3460159431893341,0.3460159431893341,0.1680080482897384,0.0633802816901408,0.5271629778672032,79.5927469387755,59.0,115.0,79.0,10.79074544774052,49.35259,28.1759,83.9246,41.904,15.992727234493184,16.71794871794872,14.5,25.0,16.5,1.8390175463631904,72.0,72.0,72.0,72.0,0.0,,,,,,2242,206.962,3.170469798657718,244.5,248.59656071635425,0.4424479146730698,0.4977202095691713,26.5,24.3874967965144,40.666666666666664,41.7921443974024,9600.666666666666,9897.616396553934,291.06600000000003,184.19830267404757,72.0,,104.78571428571428,194.11376757433968,0.189620534859887,0.3721647607666432,11.357142857142858,19.972302249436773,17.428571428571427,32.476181748357995,7167.142857142857,6548.103833135498,210.54157142857144,147.27371295183352,72.0,,236.5,0.9813278008298756,20853.0,,0,2024-12-24,2024-12-24,1
2024-12-24,2024-12-24 06:09:06-05:00,2024-12-25 06:06:16-05:00,0.0,82.5,64.0,222.0,599.0,1437.1666666666667,599.0,,1437.1666666666667,0.4167922996636901,0.4167922996636901,0.1377295492487479,0.1068447412353923,0.3706176961602671,81.22426477611941,60.0,115.961,84.0,12.39963685238154,44.529475,23.442,91.6091,36.952,21.83356611363663,16.805555555555557,13.0,23.0,16.25,2.205667503456146,73.0,73.0,73.0,73.0,0.0,,,,,,2270,355.29699999999997,3.7028985507246377,444.1666666666667,186.9360407554769,0.5813786812276333,0.3481692072281848,47.833333333333336,16.25064101299802,68.16666666666667,25.696951829610704,8455.0,10736.992083446834,354.8543333333334,147.67149760984137,72.5,0.7071067811865476,190.3571428571429,260.7972894615207,0.2491622919546999,0.3701067802128005,20.5,27.235087662792644,29.214285714285715,39.34130266320747,6412.428571428572,6795.978586810065,229.60457142857143,157.27873938950674,72.5,0.7071067811865476,497.0,0.3460159431893341,2242.0,72.0,1,2024-12-25,2024-12-25,1
2024-12-25,2024-12-25 06:06:16-05:00,2024-12-26 06:00:16-05:00,0.0,178.5,87.5,251.0,517.0,1434.0,517.0,,1434.0,0.3605299860529986,0.3605299860529986,0.3452611218568665,0.1692456479690522,0.4854932301740812,76.80370181818182,59.0,103.0,75.0,10.658630360391117,44.152018181818185,29.655,74.896,40.6964,13.23526709191072,15.481818181818182,12.5,20.5,15.0,1.461517381987378,69.0,69.0,69.0,69.0,0.0,,,,,,1243,183.968,3.0573333333333337,537.6666666666666,54.04936015655805,0.3744460763020076,0.0373840385032183,61.0,28.12027738127773,114.83333333333331,55.139217743211894,1918.3333333333333,585.0233613569161,248.7423333333333,92.99249297837616,71.33333333333333,2.081665999466131,264.2142857142857,270.9141710860436,0.3006665756765568,0.3544070751319871,33.0,35.17930262716038,54.714285714285715,66.0396706172744,5878.857142857143,7068.527273026807,235.91057142857144,153.92842302821265,71.33333333333333,2.081665999466131,599.0,0.4167922996636901,2270.0,73.0,2,2024-12-26,2024-12-26,1
2024-12-26,2024-12-26 06:00:16-05:00,2024-12-27 06:03:53-05:00,0.0,51.0,19.5,179.0,389.0,1443.6166666666666,389.0,,1443.6166666666666,0.2694621148273434,0.2694621148273434,0.1311053984575835,0.0501285347043701,0.4601542416452442,80.34488811881188,59.0,114.0,83.0,12.12056902126566,38.43511818181818,22.0078,83.4625,33.9552,17.415453909247496,16.22222222222222,13.0,20.0,16.0,1.6348821077291291,71.0,71.0,71.0,71.0,0.0,,,,,,2118,281.165,3.091044776119403,501.6666666666667,105.83635166299588,0.3489281335146774,0.0743471457267772,57.0,34.53621287865825,104.0,66.41347754785922,1877.0,554.2950477859348,273.4766666666667,85.92286897173155,71.0,1.9999999999999971,319.7857142857143,246.47918389843412,0.3391611635090345,0.3301077463048332,35.785714285714285,32.823844410805414,62.0,61.66576575918494,5060.285714285715,7133.963080791435,244.337,154.66423758149998,71.25,1.7078251276599314,517.0,0.3605299860529986,1243.0,69.0,3,2024-12-27,2024-12-27,1
2024-12-27,2024-12-27 06:03:53-05:00,2024-12-28 06:25:18-05:00,0.0,120.0,134.5,304.0,558.5,1461.4166666666667,558.5,,1461.4166666666667,0.3821634258995267,0.3821634258995267,0.2148612354521038,0.2408236347358997,0.5443151298119964,80.51050869565218,58.0,112.0,80.0,13.773976638686682,42.246599999999994,18.3972,70.1406,42.7759,14.294684005919503,16.819444444444443,13.0,27.5,16.5,2.4513397067776412,77.0,77.0,77.0,77.0,0.0,,,,,,2865,193.602,3.4239766081871346,488.1666666666667,88.3520420439354,0.3373851755932895,0.0598093476620424,80.5,57.81868210189506,116.5,63.822018144211015,2075.3333333333335,811.8413227554655,219.57833333333335,53.55269948689176,72.33333333333333,4.163331998932266,399.57142857142856,213.95997066652225,0.3937559386375384,0.2943301769728774,55.0,45.357836515130806,79.14285714285714,58.13612924687645,5328.285714285715,6989.298002763122,269.6042857142857,122.3564854686424,72.4,2.966479394838263,389.0,0.2694621148273434,2118.0,71.0,4,2024-12-28,2024-12-28,1
2024-12-28,2024-12-28 06:25:18-05:00,2024-12-29 06:04:17-05:00,0.0,139.0,46.0,278.0,463.0,1418.9833333333331,463.0,,1418.9833333333331,0.3262899493769013,0.3262899493769013,0.3002159827213823,0.0993520518358531,0.6004319654427646,80.72141885521886,63.0,114.0,80.0,11.07162330561615,39.269954545454546,17.0916,56.7978,36.9067,10.866984603866022,15.489583333333334,12.5,20.5,15.0,1.6847650161735384,79.0,79.0,79.0,79.0,0.0,,,,,,2088,231.63,3.0654676258992803,470.1666666666667,84.97695766108204,0.3259718300345904,0.0563513289930604,66.66666666666667,60.22112032612257,103.33333333333331,46.30694692304097,2357.0,440.1965470105472,235.46566666666672,43.907334197527184,75.66666666666667,4.163331998932266,465.7142857142857,121.39119172564148,0.4403687885485242,0.2429266468566629,61.57142857142857,38.93951353427151,99.0,49.72926703662542,4811.285714285715,7089.742865912832,279.27542857142856,115.07052518326482,73.5,3.781534080237805,558.5,0.3821634258995267,2865.0,77.0,5,2024-12-29,2024-12-29,1
2024-12-29,2024-12-29 06:04:17-05:00,2024-12-30 06:03:48-05:00,0.0,145.5,119.5,348.5,613.5,1439.5166666666669,613.5,,1439.5166666666669,0.4261847147769506,0.4261847147769506,0.2371638141809291,0.1947840260798696,0.5680521597392013,91.5792389380531,55.0,148.0,93.0,23.221864914985,40.79212,15.124,76.5891,38.15495,19.581481961782156,16.138461538461538,13.0,24.5,16.0,1.7748406045607683,73.0,73.0,73.0,73.0,0.0,,,,,,10399,349.63100000000003,3.4605405405405407,545.0,76.15280690821577,0.3782126966844595,0.0500644308324854,100.0,47.36296021154083,134.83333333333334,13.250786140200647,5117.333333333333,4590.526585625371,258.28766666666667,81.35868487342545,76.33333333333333,3.0550504633038895,519.5714285714286,78.96435301842895,0.3610626333981064,0.0541885685750512,71.78571428571429,43.8537884555572,114.28571428571428,44.16716082383036,3317.8571428571427,3158.5960714939656,257.46500000000003,72.25608831556457,73.42857142857143,3.4572215654165035,463.0,0.3262899493769013,2088.0,79.0,6,2024-12-30,2024-12-30,0
2024-12-30,2024-12-30 06:03:48-05:00,2024-12-30 15:50:50-05:00,0.0,150.0,41.5,370.0,561.5,587.0333333333333,561.5,,587.0333333333333,0.956504457441372,0.956504457441372,0.2671415850400712,0.0739091718610863,0.6589492430988424,66.54631147540984,62.0,73.214,66.53715,3.0313562624456254,41.27154,29.1589,61.2462,34.8662,11.768653550784816,16.035087719298247,13.0,24.0,15.5,2.0193355888448803,,,,,,,,,,,8559,307.276,3.2641350210970463,546.0,76.4378832778616,0.569659707198408,0.3387202188111725,69.0,43.79212257929501,144.83333333333334,5.530220007679031,7015.333333333333,4365.24459032175,296.17900000000003,59.77806083338618,76.0,4.242640687119279,528.7857142857143,79.6517718692107,0.4482752782912546,0.2304707684697425,73.21428571428571,42.46356982055043,123.78571428571428,43.58980876961298,4220.285714285715,3662.2361891011183,271.79557142857146,70.49666606976801,73.66666666666667,3.7237973450050488,613.5,0.4261847147769506,10399.0,73.0,0,2024-12-31,2024-12-31,0
2024-12-31,2024-12-31 06:42:35-05:00,2025-01-01 07:25:43-05:00,0.0,112.5,78.5,387.0,578.0,1483.1333333333334,578.0,,1483.1333333333334,0.3897154672540117,0.3897154672540117,0.194636678200692,0.1358131487889273,0.6695501730103807,82.68657266435987,60.0,127.0,79.0,13.64102396395916,35.329283333333336,12.5147,79.5224,31.391150000000003,17.58892681669509,17.132911392405063,13.0,25.5,17.0,2.144626580401326,79.0,79.0,79.0,79.0,0.0,,,,,,3737,299.529,3.2495614035087717,584.3333333333334,26.57222861058756,0.590801546490778,0.3172325106479879,79.83333333333333,39.01709027251178,136.0,20.47559522944327,7565.0,3440.434274913557,318.81200000000007,26.969650961775905,76.0,4.242640687119279,525.7857142857143,76.91491898133148,0.4444071593755863,0.2313129149845995,75.28571428571429,42.29249060891025,128.07142857142858,40.196837117933974,4429.857142857143,3572.915542829198,263.8287142857143,62.143702227751355,74.66666666666667,4.273952113286557,561.5,0.956504457441372,8559.0,,1,2025-01-01,2025-01-01,1
2025-01-01,2025-01-01 07:25:43-05:00,2025-01-02 06:00:20-05:00,0.0,124.0,60.5,351.5,536.0,1354.6166666666666,536.0,,1354.6166666666666,0.3956838958130836,0.3956838958130836,0.2313432835820895,0.1128731343283582,0.6557835820895522,78.55561004184102,60.0,108.0,79.0,11.380635293882664,45.120639999999995,20.798,66.8372,45.9592,11.797691327306373,16.24576271186441,13.0,24.0,15.5,2.2947487609535235,72.0,72.0,72.0,72.0,0.0,,,,,,1620,185.08,2.9330275229357796,558.5,21.16010396949872,0.5806346068361558,0.3255265180908565,60.166666666666664,18.502252115170545,128.83333333333334,19.211541669874737,4638.666666666667,3556.287718019076,263.96166666666664,68.42325631196853,75.5,4.949747468305827,528.5,76.88844733335013,0.4494291464841699,0.229563361463307,71.42857142857143,42.224034004569575,120.28571428571428,33.52593168337154,4483.714285714285,3519.310714438537,263.9875714285714,61.90649942415078,75.16666666666667,3.6009258068817,578.0,0.3897154672540117,3737.0,79.0,2,2025-01-02,2025-01-02,1
2025-01-02,2025-01-02 06:00:20-05:00,2025-01-03 06:12:52-05:00,0.0,123.5,44.0,302.0,469.5,1452.5333333333333,469.5,,1452.5333333333333,0.3232283825959243,0.3232283825959243,0.2630457933972311,0.0937167199148029,0.6432374866879659,77.79368072289157,54.0,117.0,80.0,11.632468611334597,45.294881818181814,18.0335,75.6094,44.4854,16.441332650577387,16.03921568627451,13.0,22.5,15.5,2.0671168166970117,72.0,72.0,72.0,72.0,0.0,,,,,,2961,213.882,3.19406779661017,527.8333333333334,54.709079075902295,0.3695425818876732,0.0402201358388173,61.0,17.25543392673739,120.0,6.500000000000026,2772.6666666666665,1070.9922190816053,232.83033333333333,59.53085672433526,74.33333333333333,4.041451884327376,540.0,55.626732182767675,0.4571100418796815,0.2233538108032738,74.92857142857143,38.00704821853065,130.64285714285714,14.158961490031365,4604.142857142857,3438.3576713585894,254.3757142857143,63.983432331383725,75.33333333333333,3.386246693120071,536.0,0.3956838958130836,1620.0,72.0,3,2025-01-03,2025-01-03,1
2025-01-03,2025-01-03 06:12:52-05:00,2025-01-04 06:15:44-05:00,0.0,67.0,95.0,157.5,388.0,1442.8666666666666,388.0,,1442.8666666666666,0.2689091161114448,0.2689091161114448,0.172680412371134,0.2448453608247422,0.4059278350515464,81.30378784722221,58.0,110.0,84.0,11.867476071607005,34.29775,18.6972,47.8023,33.74445,9.42379281716408,16.15277777777778,13.5,21.5,16.0,1.8886335611746028,72.0,72.0,72.0,72.0,0.0,,,,,,2619,359.07,3.197093023255814,464.5,74.1265809274919,0.3292737981734843,0.0636032348173319,66.5,26.024027359346203,104.83333333333331,32.76558153510074,2400.0,696.8077209675638,252.67733333333337,93.25737740968988,72.0,0.0,515.6428571428571,78.71346469194164,0.4409308547670983,0.2335564811581431,69.28571428571429,29.71651777330965,123.07142857142856,28.103126414790843,4569.0,3460.2829845741403,278.014,68.21454748316765,74.5,3.5071355833500286,469.5,0.3232283825959243,2961.0,72.0,4,2025-01-04,2025-01-04,1
2025-01-04,2025-01-04 06:15:44-05:00,2025-01-05 06:00:27-05:00,0.0,58.0,39.5,196.5,470.5,1424.7166666666667,470.5,,1424.7166666666667,0.3302411005697039,0.3302411005697039,0.1232731137088204,0.0839532412327311,0.4176408076514346,89.18014626865671,56.0,164.0,84.0,26.445419276721456,53.35458333333333,13.2526,176.076,49.11395,42.04103047190592,15.321428571428571,11.5,19.0,15.0,1.573861752609336,67.0,67.0,67.0,67.0,0.0,,,,,,4689,300.284,3.170857142857143,442.6666666666667,47.34536232128066,0.3074595330923577,0.0335692648176344,59.5,30.8261252835967,82.83333333333333,35.50469452527843,3423.0,1109.643185893557,291.07866666666666,73.03042145115518,70.33333333333333,2.886751345948118,516.7142857142857,77.92456669907196,0.4414953049374986,0.2332378019723918,68.35714285714286,30.65223521718316,111.5,36.013886210738214,4940.571428571428,3284.659589523336,287.8217142857143,65.30758704957714,72.5,3.8340579025361543,388.0,0.2689091161114448,2619.0,72.0,5,2025-01-05,2025-01-05,1
2025-01-05,2025-01-05 06:00:27-05:00,2025-01-06 06:05:44-05:00,0.0,123.5,120.0,305.0,548.5,1445.2833333333333,548.5,,1445.2833333333333,0.3795103612901738,0.3795103612901738,0.2251595259799453,0.2187784867821331,0.5560619872379216,74.97025944055945,58.0,119.0,73.0,13.246375818884882,53.75376666666667,28.3155,109.761,41.63575,28.33152561050832,15.3046875,8.0,23.5,15.5,1.907258314267826,63.0,63.0,63.0,63.0,0.0,,,,,,2304,265.959,3.2144444444444447,469.0,80.2605133300305,0.3262201926571075,0.0554101491976186,84.83333333333333,41.20173944548134,82.83333333333333,35.50469452527843,3204.0,1295.656204399919,308.4376666666667,47.08796332751448,67.33333333333333,4.509249752822885,507.42857142857144,67.66672531078869,0.4348275401536735,0.2344126486458181,68.42857142857143,30.791541819451776,108.35714285714286,33.418700211251846,3784.142857142858,2328.4368453658167,275.86857142857144,59.50900865095171,70.83333333333333,5.4191020166321495,470.5,0.3302411005697039,4689.0,67.0,6,2025-01-06,2025-01-06,1
2025-01-06,2025-01-06 06:05:44-05:00,2025-01-07 06:20:09-05:00,0.0,45.0,24.5,179.5,249.0,1454.4166666666667,249.0,,1454.4166666666667,0.1712026585687274,0.1712026585687274,0.180722891566265,0.0983935742971887,0.7208835341365462,82.10802124183006,58.0,126.0,84.0,16.01795496412852,53.274550000000005,21.8862,159.916,43.920950000000005,35.13179179984277,16.78301886792453,8.5,24.0,15.5,2.9082015352198893,76.0,76.0,76.0,76.0,0.0,,,,,,3165,329.753,3.2523131672597865,422.6666666666667,155.37401112584226,0.2936513734762017,0.1088674921629692,61.333333333333336,51.35740777466609,75.5,42.074338972822886,3386.0,1207.7611518839324,298.6653333333333,31.927788372095954,68.66666666666667,6.658328118479384,462.7857142857143,113.56600765738884,0.3226415688861528,0.080567948741118,66.0,33.793490497431605,93.35714285714286,35.13274147870507,3013.5714285714284,996.4372964287552,279.0795714285714,62.03878368906862,71.57142857142857,5.318431562567505,548.5,0.3795103612901738,2304.0,63.0,0,2025-01-07,2025-01-07,1
2025-01-07,2025-01-07 06:20:09-05:00,2025-01-08 06:28:52-05:00,0.0,125.5,127.0,402.5,655.0,1448.7166666666667,655.0,,1448.7166666666667,0.4521242939153043,0.4521242939153043,0.1916030534351145,0.1938931297709923,0.6145038167938931,79.43308043478261,58.0,130.0,72.0,17.01788653537357,32.443875,17.0781,44.3561,32.58155,8.893315987032526,15.705479452054794,13.0,20.5,15.5,1.6023006072142492,72.0,72.0,72.0,72.0,0.0,,,,,,3042,230.459,3.207106598984771,484.1666666666667,210.50672990033675,0.3342791045914019,0.1458205789261628,90.5,57.2647360947381,98.0,45.91023850950898,2837.0,465.6704843556301,275.39033333333333,50.31438308608524,70.33333333333333,6.658328118479384,473.7857142857143,129.23391490589754,0.3315571155520517,0.0918854591492027,72.92857142857143,40.98925527036381,95.21428571428572,36.62519299477836,2914.285714285714,945.672549791169,269.2124285714286,63.71436437951579,70.57142857142857,4.237025012007945,249.0,0.1712026585687274,3165.0,76.0,1,2025-01-08,2025-01-08,1
2025-01-08,2025-01-08 06:28:52-05:00,2025-01-09 05:18:43-05:00,0.0,179.5,52.5,561.5,793.5,1369.85,793.5,,1369.85,0.5792605029747783,0.5792605029747783,0.2262129804662886,0.0661625708884688,0.7076244486452425,76.82583273381294,58.0,117.0,72.0,14.138054836121562,45.86923333333334,21.146,71.7384,46.754000000000005,15.237703267516691,16.543010752688172,11.0,27.5,16.0,2.766597920487873,79.0,79.0,79.0,79.0,0.0,,,,,,2145,191.554,3.181967213114754,565.8333333333334,282.98954633225117,0.4008624851529367,0.2088028516891477,68.0,52.97876933262984,116.66666666666669,67.68370064744786,2784.0,556.7970905096465,250.58866666666663,71.26460208499964,75.66666666666667,3.511884584284231,510.57142857142856,177.52122609503837,0.3577823451465796,0.1310775922506752,71.78571428571429,41.50186455937567,103.14285714285714,48.10380640319631,2989.285714285714,840.9349388796568,270.1372857142857,62.32134443809301,71.57142857142857,5.318431562567505,655.0,0.4521242939153043,3042.0,72.0,2,2025-01-09,2025-01-09,0
2025-01-09,2025-01-10 04:31:08-05:00,2025-01-10 06:16:38-05:00,0.0,20.0,37.0,47.5,104.5,105.5,104.5,,105.5,0.990521327014218,0.990521327014218,0.1913875598086124,0.354066985645933,0.4545454545454545,73.37011818181819,70.0,84.0,72.0,3.746036756922559,40.5551,40.5551,40.5551,40.5551,0.0,15.545454545454543,14.5,17.0,15.5,0.8381404052084444,,,,,,,,,,,37235,1402.239,3.650305810397554,517.6666666666666,364.4524431710306,0.6739687079681002,0.2814161942430127,72.16666666666667,48.11531287784933,108.33333333333331,81.12387646885061,14140.666666666666,20005.307454106605,608.084,688.033445971197,75.5,4.949747468305812,458.42857142857144,235.67552350838724,0.4531099086349072,0.2703828284315904,70.78571428571429,42.358447743491446,88.35714285714286,56.05333344660414,7885.571428571428,12969.167794647208,439.90257142857143,428.18445568035946,71.5,5.822370651203849,793.5,0.5792605029747783,2145.0,79.0,3,2025-01-10,2025-01-10,1
2025-01-10,2025-01-10 06:16:38-05:00,2025-01-11 06:10:51-05:00,0.0,105.5,64.0,307.0,476.5,1434.2166666666667,476.5,,1434.2166666666667,0.3322371096882154,0.3322371096882154,0.2214060860440713,0.1343126967471143,0.6442812172088143,79.18769302325582,60.0,124.0,80.0,12.652757867828235,45.93499090909091,18.1655,93.3156,34.9155,23.98955302222784,15.817307692307692,13.5,22.5,15.75,1.6728282308536129,75.0,75.0,75.0,75.0,0.0,,,,,,4739,238.642,3.364,458.1666666666667,344.8656743332587,0.6340063132257372,0.3325392540740904,51.166666666666664,13.549292724468447,101.66666666666669,79.81906622689428,14706.333333333334,19553.460699664734,610.8116666666666,685.800435911449,77.0,2.828427124746154,471.07142857142856,233.63262268132075,0.4621567648601601,0.2641806912481222,66.35714285714286,41.00377450686124,93.85714285714286,55.49452997497012,8188.428571428572,12849.889491835367,422.6985714285715,434.34848493917,72.0,5.999999999999994,104.5,0.990521327014218,37235.0,,4,2025-01-11,2025-01-11,0
2025-01-11,2025-01-11 06:10:51-05:00,2025-01-12 05:45:24-05:00,0.0,66.0,45.5,129.5,509.0,1414.55,509.0,,1414.55,0.359831748612633,0.359831748612633,0.1296660117878192,0.0893909626719057,0.2544204322200393,76.3191234375,57.0,117.0,72.61155,12.956700068129472,45.38432727272727,18.2872,65.5299,50.7859,17.226222216677314,16.764150943396228,12.5,24.0,16.0,2.2583258400544417,72.0,72.0,72.0,72.0,0.0,,,,,,1843,216.412,3.085483870967742,363.3333333333333,224.74448454485653,0.5608633951050221,0.3723503993064969,48.833333333333336,13.805192259919224,63.833333333333336,42.791159523122694,14605.666666666666,19650.9986853934,619.0976666666667,678.3113622860326,73.5,2.121320343559594,476.57142857142856,234.0696884426069,0.4663840002948643,0.2619453523157504,67.21428571428571,40.40715401062163,95.0,54.70984067484265,7781.857142857143,13022.924152285868,410.7168571428571,439.4154317815995,72.83333333333333,5.4924190177613506,476.5,0.3322371096882154,4739.0,75.0,5,2025-01-12,2025-01-12,1
2025-01-12,2025-01-13 03:47:49-05:00,2025-01-13 06:02:49-05:00,0.0,12.5,66.0,56.0,134.5,135.0,134.5,,135.0,0.9962962962962963,0.9962962962962963,0.0929368029739776,0.4907063197026022,0.4163568773234201,66.68589999999999,59.0,73.0,67.0,2.8951317534785876,34.2153,34.2153,34.2153,34.2153,0.0,14.892857142857142,13.0,16.0,15.0,0.7362688617174393,,,,,,,,,,,28146,769.463,3.5018,373.3333333333333,207.47309062462355,0.5627883848657149,0.3756823099096108,58.5,11.302654555457329,61.333333333333336,46.67529682105229,11576.0,14422.911599257615,408.17233333333326,313.0842579727274,73.5,2.121320343559594,417.42857142857144,263.33936099189395,0.5544962767243103,0.3241927937445746,59.5,33.15368255061068,79.14285714285714,60.81783886171495,11473.57142857143,14758.440724515844,482.646,452.77714842072146,74.8,2.9495762407504933,509.0,0.359831748612633,1843.0,72.0,6,2025-01-13,2025-01-13,1
2025-01-13,2025-01-13 06:02:49-05:00,2025-01-14 06:18:28-05:00,0.0,219.5,43.5,386.5,649.5,1455.65,649.5,,1455.65,0.446192422629066,0.446192422629066,0.3379522709776751,0.0669745958429561,0.5950731331793687,84.28133647058823,58.0,158.0,83.0,19.676991456576875,42.395999999999994,18.3703,72.6178,44.4595,13.633353037434825,15.405797101449275,12.0,20.0,15.5,1.4848885243837906,72.0,72.0,72.0,72.0,0.0,,,,,,3633,230.958,3.2164473684210524,431.0,266.2127908271876,0.6007734891793318,0.3452437685410207,51.666666666666664,12.453245895481771,99.33333333333331,107.45037614328456,11207.333333333334,14696.593017884565,405.61099999999993,315.18899878802875,72.0,0.0,474.6428571428572,264.1528462660893,0.5937805287329302,0.2842002712282962,62.214285714285715,30.480673033439228,104.07142857142856,77.86442735690702,11540.42857142857,14715.526651093658,468.5324285714286,459.8222675479651,74.0,3.082207001484462,134.5,0.9962962962962963,28146.0,,0,2025-01-14,2025-01-14,0
2025-01-14,2025-01-14 06:18:28-05:00,2025-01-15 06:14:56-05:00,0.0,73.5,89.5,224.0,469.5,1436.4666666666667,469.5,,1436.4666666666667,0.3268436441267925,0.3268436441267925,0.1565495207667731,0.1906283280085197,0.4771033013844515,101.23409366515835,58.0,187.0,94.0,29.256275384830463,44.62254545454545,18.3003,120.056,32.9348,28.43009421783907,17.463768115942027,13.0,24.0,16.0,2.82242423369086,72.0,72.0,72.0,72.0,0.0,,,,,,15449,450.214,3.358867924528302,417.8333333333333,261.3586297280678,0.5897774543507183,0.3570773156825796,66.33333333333333,23.00181152286345,101.83333333333331,106.36885509082693,15742.666666666666,12259.138319365406,483.545,270.79535710015415,72.0,0.0,448.1428571428572,252.07219770760688,0.5758832930488571,0.2982072543221207,56.857142857142854,17.892536352984113,96.64285714285714,77.9597728990804,13312.857142857143,14261.506867889428,499.926,448.2143868622842,74.0,3.082207001484462,649.5,0.446192422629066,3633.0,72.0,1,2025-01-15,2025-01-15,1
2025-01-15,2025-01-15 06:14:56-05:00,2025-01-16 06:22:24-05:00,0.0,117.0,14.0,409.0,540.0,1447.4666666666667,540.0,,1447.4666666666667,0.3730655858511422,0.3730655858511422,0.2166666666666666,0.0259259259259259,0.7574074074074074,78.08747894736841,59.0,110.0,79.0,11.745798135194976,41.140425,14.2864,75.2974,37.98565,15.850859983195706,15.779661016949152,13.0,20.5,15.5,1.543908715688407,72.0,72.0,72.0,72.0,0.0,,,,,,2612,251.757,3.227699530516432,553.0,90.701433285257,0.3820338842023336,0.060177699474001,49.0,38.049310112011234,136.66666666666666,74.96054517766886,7231.333333333333,7134.99434711292,310.97633333333334,121.03096902996911,72.0,0.0,411.92857142857144,208.6576998681949,0.546426876316909,0.3078460796624613,51.357142857142854,24.244783434989163,87.71428571428571,70.0683339931201,13379.57142857143,14201.523531616169,508.52642857142865,441.8434130846421,72.6,1.3416407864998283,469.5,0.3268436441267925,15449.0,72.0,2,2025-01-16,2025-01-16,0
2025-01-16,2025-01-16 06:22:24-05:00,2025-01-16 09:57:54-05:00,0.0,55.5,30.0,126.5,212.0,215.5,212.0,,215.5,0.9837587006960556,0.9837587006960556,0.2617924528301887,0.1415094339622641,0.5966981132075472,64.11183777777777,59.0,69.0,63.0,2.0499370818842104,43.937650000000005,43.0124,44.8629,43.937650000000005,0.925250000000002,15.642857142857142,14.0,18.0,15.5,0.832993127835043,,,,,,,,,,,12986,412.494,3.432170542635659,407.1666666666667,172.65596813702462,0.5612226435579969,0.3666560468075291,44.5,39.78379066906521,82.0,31.618823507524738,10349.0,6812.669741004621,371.4883333333334,105.39162080703258,72.0,0.0,427.2857142857143,184.858697645629,0.5454607868428859,0.3062264855608847,50.357142857142854,25.066103083836644,92.78571428571428,65.48527642586103,9915.42857142857,9636.484920293691,367.1342857142857,200.79488319071135,72.6,1.3416407864998283,540.0,0.3730655858511422,2612.0,72.0,3,2025-01-17,2025-01-17,1
2025-01-17,2025-01-17 06:52:03-05:00,2025-01-18 06:45:01-05:00,0.0,124.5,126.0,386.0,636.5,1432.9666666666667,636.5,,1432.9666666666667,0.4441833957524018,0.4441833957524018,0.1956009426551453,0.1979575805184603,0.6064414768263944,78.24612749999999,58.0,116.0,72.0,14.306594737515065,38.96785833333333,18.77,90.7359,36.3475,17.741811573533408,15.95890410958904,11.5,22.0,15.5,1.7276031076767442,66.0,66.0,66.0,66.0,0.0,,,,,,2568,253.244,3.327391304347826,462.8333333333333,222.5220962810958,0.6003358940998665,0.3339524250321622,56.666666666666664,60.575022355202925,99.0,37.85828839237188,6055.333333333333,6002.173717357182,305.83166666666665,92.37528244250916,69.0,4.242640687119261,450.1428571428572,201.1333956784473,0.5614531134234839,0.2959871772657099,59.214285714285715,38.20215650856327,95.5,66.48621410989401,9605.285714285714,9863.121745747068,369.2202857142857,199.307877672304,70.8,2.683281572999734,212.0,0.9837587006960556,12986.0,,4,2025-01-18,2025-01-18,1
2025-01-18,2025-01-18 06:45:01-05:00,2025-01-19 06:02:12-05:00,0.0,123.5,55.0,242.0,420.5,1397.1833333333334,420.5,,1397.1833333333334,0.3009626510479417,0.3009626510479417,0.2936979785969084,0.1307966706302021,0.5755053507728894,79.55389568965516,59.0,151.0,73.5,19.717506271110313,54.10907,28.8945,209.301,36.5903,52.05894989451958,15.695652173913045,10.0,21.5,15.5,2.1580946227531688,72.0,72.0,72.0,72.0,0.0,,,,,,10625,282.819,3.468396226415094,423.0,212.26104211559863,0.5763015824987997,0.3600611375942071,70.33333333333333,49.80294502670836,101.16666666666669,39.55165398985652,8726.333333333334,5462.360509279237,316.1856666666667,84.70620672851159,69.0,4.242640687119261,437.5,199.59271028772568,0.5530432423428138,0.3034137657154049,60.57142857142857,37.80038422581242,103.71428571428572,65.78237931673975,10859.857142857143,9250.73073561528,378.707,192.278706728887,70.8,2.683281572999734,636.5,0.4441833957524018,2568.0,66.0,5,2025-01-19,2025-01-19,0
2025-01-19,2025-01-19 06:02:12-05:00,2025-01-20 06:00:11-05:00,0.0,142.5,88.0,476.5,707.0,1437.9833333333331,707.0,,1437.9833333333331,0.4916607749278503,0.4916607749278503,0.2015558698727015,0.1244695898161244,0.673974540311174,75.03108027210885,44.0,108.0,71.2829,13.40522888847736,59.09060833333333,21.4037,175.768,47.186449999999994,40.21512453622513,15.785714285714286,9.0,25.0,15.5,2.0488016317251296,78.0,78.0,78.0,78.0,0.0,,,,,,1837,241.465,3.0613793103448272,588.0,149.28077572145696,0.4122689405760646,0.0992740799490537,89.66666666666667,35.52933060632207,130.16666666666666,10.692676621563704,5010.0,4876.449425555441,259.17600000000004,21.305628293950825,72.0,5.999999999999992,519.2857142857143,169.81481510331017,0.4809524535758929,0.2321186636346512,63.714285714285715,39.21506634664067,122.28571428571428,52.810870994882265,7101.428571428572,5732.608971406271,303.2787142857143,89.57839899163605,72.0,3.794733192202043,420.5,0.3009626510479417,10625.0,72.0,6,2025-01-20,2025-01-20,1
2025-01-20,2025-01-20 06:00:11-05:00,2025-01-21 06:03:25-05:00,0.0,134.5,100.0,332.5,567.0,1443.2333333333331,567.0,,1443.2333333333331,0.3928678661339123,0.3928678661339123,0.2372134038800705,0.1763668430335097,0.5864197530864198,76.97968097165992,59.0,110.0,72.0,13.187334091434538,44.094460000000005,15.8864,122.21,33.66085,28.79568792181218,16.573529411764707,13.5,28.0,15.75,2.650283982955679,73.0,73.0,73.0,73.0,0.0,,,,,,2817,176.544,3.237931034482759,564.8333333333334,143.26228859449813,0.3951637640365681,0.0953697906740591,81.0,23.302360395462113,133.5,9.539392014169543,5093.0,4815.845512472341,233.60933333333335,53.57123790181934,74.33333333333333,3.214550253664302,507.5,161.95215342810351,0.4733346597908709,0.2343141990873081,71.78571428571429,40.164097922208626,110.14285714285714,32.66077449290191,6984.857142857143,5822.485764361345,295.5052857142858,98.78778276641673,72.16666666666667,3.8166302763912783,707.0,0.4916607749278503,1837.0,78.0,0,2025-01-21,2025-01-21,0
2025-01-21,2025-01-21 06:03:25-05:00,2025-01-22 06:08:59-05:00,0.0,164.5,84.5,419.0,668.0,1445.5666666666666,668.0,,1445.5666666666666,0.4621025203495746,0.4621025203495746,0.2462574850299401,0.1264970059880239,0.6272455089820359,102.4169732689211,57.0,150.0,110.0,24.404594776214456,39.713725,16.0418,59.8578,41.41875,11.856920435138642,16.285714285714285,11.0,23.5,16.0,2.3067216454388633,67.0,67.0,67.0,67.0,0.0,,,,,,20175,623.999,3.573127753303965,647.3333333333334,72.25187425481268,0.448877053803779,0.0507069465754678,90.83333333333331,8.1291655988382,147.16666666666666,15.534906930308116,8276.333333333334,10316.191222216334,347.336,241.7860536445393,72.66666666666667,5.507570547286095,535.8571428571429,171.29815972102418,0.4926573563941255,0.2256368174824111,71.07142857142857,39.83970859522421,123.14285714285714,33.73760795427251,7660.0,7101.120474967317,320.3317142857143,151.77451987703586,71.33333333333333,4.366539438350076,567.0,0.3928678661339123,2817.0,73.0,1,2025-01-22,2025-01-22,1
2025-01-22,2025-01-22 06:08:59-05:00,2025-01-23 06:12:59-05:00,0.0,46.0,40.5,176.5,347.0,1444.0,347.0,,1444.0,0.2403047091412742,0.2403047091412742,0.132564841498559,0.11671469740634,0.5086455331412104,110.9790660117878,59.0,161.0,119.0,28.06923465953266,35.14258888888888,12.9061,55.3435,36.9544,12.064509711311146,16.032258064516128,13.5,20.0,16.0,1.4915649060254057,75.0,75.0,75.0,75.0,0.0,,,,,,21036,599.812,3.632058823529412,527.3333333333334,164.13510694952885,0.3650916985415871,0.1134777682138046,75.0,30.866648668101323,115.0,61.609658333738565,14676.0,10279.214026373806,466.785,251.64683845222467,71.66666666666667,4.163331998932257,508.2857142857143,185.46649678195632,0.4736915168641444,0.2423267717813844,74.85714285714286,34.40047757143581,113.0,44.76326619003579,10292.0,8241.142477431962,370.0538571428572,179.9600546115985,71.83333333333333,4.62240918425301,668.0,0.4621025203495746,20175.0,67.0,2,2025-01-23,2025-01-23,0
2025-01-23,2025-01-23 06:12:59-05:00,2025-01-24 06:10:26-05:00,0.0,68.0,50.5,202.0,397.0,1437.45,397.0,,1437.45,0.2761835194267626,0.2761835194267626,0.1712846347607053,0.1272040302267002,0.5088161209068011,109.72379939759035,60.0,170.0,107.0,27.032848755665512,37.827241666666666,13.5695,60.0361,37.1577,16.301492727480426,15.546875,13.0,19.0,15.5,1.0559309799295595,72.0,72.0,72.0,72.0,0.0,,,,,,28099,774.978,3.7470824949698183,470.6666666666667,172.7146008110874,0.3261969163058705,0.1190570122451366,58.5,23.065125189341614,92.83333333333331,63.03239907645381,23103.333333333332,4347.740140962121,666.263,94.92347528930937,71.33333333333333,4.041451884327373,534.7142857142857,144.9694959703756,0.3726093481113882,0.0997089339720922,77.78571428571429,30.60890004401927,114.78571428571428,42.266867582517825,12451.0,10682.549804860892,421.8372857142857,237.24300444741905,71.85714285714286,4.220133150686568,347.0,0.2403047091412742,21036.0,75.0,3,2025-01-24,2025-01-24,0
2025-01-24,2025-01-24 06:10:26-05:00,2025-01-25 06:25:28-05:00,0.0,90.5,42.5,193.0,415.5,1455.0333333333333,415.5,,1455.0333333333333,0.2855604682596045,0.2855604682596045,0.2178098676293622,0.1022864019253911,0.4645006016847172,97.44239684873948,59.0,153.0,92.0,23.02629625046848,41.440841666666664,20.4795,85.0099,35.42895,19.259192586245593,16.358974358974358,13.0,21.0,16.0,1.811461790890263,83.0,83.0,83.0,83.0,0.0,,,,,,15256,542.224,3.693523316062176,386.5,35.43656303875904,0.2673495656092138,0.0238861882346698,44.5,5.291502622129289,68.16666666666667,22.25046815986879,21463.666666666668,6432.171976349306,639.0046666666666,121.2256366010649,76.66666666666667,5.6862407030773205,503.1428571428572,143.1615387961312,0.3499489298981315,0.0987517344958563,65.85714285714286,24.31000186088415,109.92857142857144,42.913118207439965,14263.57142857143,9763.00544329022,463.12014285714287,227.97836296706504,74.28571428571429,5.089672082242804,397.0,0.2761835194267626,28099.0,72.0,4,2025-01-25,2025-01-25,1
2025-01-25,2025-01-25 06:25:28-05:00,2025-01-26 06:01:01-05:00,0.0,44.5,49.5,175.0,362.5,1415.55,362.5,,1415.55,0.256084207551835,0.256084207551835,0.1227586206896551,0.136551724137931,0.4827586206896552,92.99894641744548,62.977,149.0,91.0,21.187852328175115,43.794549999999994,26.4924,70.7115,39.30595,14.867706704493242,16.514285714285716,11.5,21.0,16.0,2.1162153356732807,73.0,73.0,73.0,73.0,0.0,,,,,,8296,417.359,3.4328220858895704,391.6666666666667,26.8995043324831,0.272609398412734,0.015059656108137,47.5,4.358898943540804,67.66666666666667,23.001811522863473,17217.0,10046.085954241084,578.187,181.50162621034585,76.0,6.082762530298214,494.8571428571428,150.2449983320893,0.343537723684402,0.1037903624503055,65.07142857142857,24.80327359346708,98.64285714285714,48.741421711683714,13930.857142857143,9945.647849328736,482.3401428571429,215.57849504950516,74.42857142857143,5.028490259085143,415.5,0.2855604682596045,15256.0,83.0,5,2025-01-26,2025-01-26,1
2025-01-26,2025-01-26 06:01:01-05:00,2025-01-26 12:23:30-05:00,0.0,123.5,46.5,199.5,369.5,382.48333333333335,369.5,,382.48333333333335,0.9660551658024314,0.9660551658024314,0.3342354533152909,0.1258457374830852,0.5399188092016238,66.84018,58.0,84.0,67.0,3.6676683455023578,47.36136666666667,30.6337,60.8466,50.6038,12.545646311060354,15.666666666666666,12.0,22.5,15.5,1.922093765778466,,,,,,,,,,,20741,622.986,3.6802281368821297,382.5,28.792360097774964,0.5025666138712904,0.401663342632543,46.166666666666664,3.511884584284408,86.16666666666667,39.67786956646407,14764.333333333334,6237.051253062887,527.523,103.59877090487174,78.0,7.071067811865465,446.6428571428572,122.39203210915947,0.4113083509521992,0.2575759299103226,59.142857142857146,23.32508357561713,95.92857142857144,46.3630856855507,16631.428571428572,8588.369361276591,536.8431428571429,191.40311247419552,73.83333333333333,5.231315959361137,362.5,0.256084207551835,8296.0,73.0,6,2025-01-27,2025-01-27,0
2025-01-29,2025-01-30 03:36:37-05:00,2025-01-30 06:16:37-05:00,0.0,2.5,47.5,105.0,155.0,160.0,155.0,,160.0,0.96875,0.96875,0.0161290322580645,0.3064516129032258,0.6774193548387096,68.04481515151515,63.0,72.0,67.0,2.3295120316340947,32.3148,32.3148,32.3148,32.3148,0.0,16.46875,15.0,18.0,16.5,0.9596345332990056,,,,,,,,,,,1793,37.928,2.801470588235294,295.6666666666667,121.87117515365674,0.7302964577847555,0.4106820658807316,47.833333333333336,1.5275252316523211,56.833333333333336,61.43560314128392,10276.666666666666,9628.029722291749,359.4243333333333,296.8004970385552,73.0,,387.7857142857143,150.66487567414237,0.4935772272187831,0.3319377759492073,51.642857142857146,14.926805546047806,77.07142857142857,54.23592641677392,16485.14285714286,8867.085756296936,517.0408571428571,236.70193724769032,74.0,5.830951894845286,369.5,0.9660551658024314,20741.0,,2,2025-01-30,2025-01-30,1
2025-01-30,2025-01-30 06:16:37-05:00,2025-01-31 06:18:36-05:00,0.0,161.5,80.5,304.0,546.0,1441.9833333333331,546.0,,1441.9833333333331,0.3786451530877611,0.3786451530877611,0.2957875457875458,0.1474358974358974,0.5567765567765568,89.82288193548386,58.0,156.0,84.0,24.62113344028759,41.460708333333336,15.9399,81.7356,37.811899999999994,16.72099260383278,16.346153846153847,13.0,24.5,16.0,2.155356613226107,69.0,69.0,69.0,69.0,0.0,,,,,,12263,482.76,3.632418952618454,356.8333333333333,195.8075160287094,0.7711501062967309,0.3399219311151013,58.166666666666664,19.3476958145753,95.83333333333331,83.03212229814034,11599.0,9491.435507867078,381.2246666666667,305.45913601877,69.0,,370.3571428571428,115.89136949665208,0.4816547461813813,0.3347436402745596,51.07142857142857,13.464238347775712,76.64285714285714,53.43587612403168,15354.857142857143,8822.507984856536,496.8638571428572,232.03886029458417,74.4,5.272570530585608,155.0,0.96875,1793.0,,3,2025-01-31,2025-01-31,1
2025-01-31,2025-01-31 06:18:36-05:00,2025-02-01 06:13:09-05:00,0.0,63.5,72.0,176.5,466.0,1434.55,466.0,,1434.55,0.3248405423303475,0.3248405423303475,0.1362660944206008,0.1545064377682403,0.3787553648068669,74.69862948207171,58.0,118.0,72.0,12.55726736414372,54.78858,18.2556,97.7787,54.11345,22.002678203336977,16.203389830508474,12.5,24.5,15.5,2.386612811588624,66.0,66.0,66.0,66.0,0.0,,,,,,2708,237.585,3.115972222222222,389.0,206.55991866768332,0.5574118984727029,0.3572436274599589,66.66666666666667,17.13427364475467,75.83333333333333,80.21429631514157,5588.0,5798.795133473852,252.75766666666672,222.8038025176711,67.5,2.1213203435596424,387.3571428571428,120.529289070373,0.4937312937798203,0.3259958541051491,55.57142857142857,14.561446160519711,79.14285714285714,52.157385451562455,12736.57142857143,9545.501154246143,445.1171428571428,245.266978579417,72.6,6.4265076052238355,546.0,0.3786451530877611,12263.0,69.0,4,2025-02-01,2025-02-01,1
2025-02-01,2025-02-01 06:13:09-05:00,2025-02-02 06:10:11-05:00,0.0,89.5,45.5,156.5,458.0,1437.0333333333333,458.0,,1437.0333333333333,0.3187121616292825,0.3187121616292825,0.195414847161572,0.0993449781659388,0.3417030567685589,77.55433653846154,53.0,134.0,75.0,15.439008758318462,43.01123333333334,24.547,71.4551,37.00805,15.240164678262357,16.03061224489796,14.0,22.0,16.0,1.5098593097902422,73.0,73.0,73.0,73.0,0.0,,,,,,6517,318.224,3.4129464285714284,490.0,48.66210024238523,0.3407326190157971,0.0329758918351384,66.0,18.255136263528716,104.83333333333331,50.76744363598915,7162.666666666667,4810.111259974487,346.18966666666665,124.95700876834964,69.33333333333333,3.5118845842842483,396.07142857142856,123.5109403289943,0.499806814094466,0.3216328290213279,54.857142857142854,14.96861796591535,82.21428571428571,52.02471939925702,9653.42857142857,6865.833546315729,379.8665714285715,199.3429079984681,72.8,6.418722614352469,466.0,0.3248405423303475,2708.0,66.0,5,2025-02-02,2025-02-02,0
2025-02-02,2025-02-02 06:10:11-05:00,2025-02-03 06:01:10-05:00,0.0,63.0,54.5,274.5,392.0,1430.9833333333331,392.0,,1430.9833333333331,0.273937502183813,0.273937502183813,0.1607142857142857,0.1390306122448979,0.7002551020408163,98.92489743589744,58.0,165.0,93.0,29.164325804086687,50.913825,13.7723,148.069,35.8281,38.51851532683395,16.78813559322034,13.0,22.0,16.5,1.9402153249158216,72.0,72.0,72.0,72.0,0.0,,,,,,25759,610.877,3.4026408450704224,438.6666666666667,40.611985094714136,0.3058300687144811,0.0277892265534542,57.333333333333336,13.475286020464816,72.0,15.157506391224176,11661.333333333334,12356.58829666722,388.8953333333334,196.4244316075101,70.33333333333333,3.785938897200185,392.7142857142857,123.21385783224537,0.4981463903693529,0.3229505149235583,56.57142857142857,13.97148456508402,78.28571428571429,52.3321580092467,11153.857142857143,9083.681750416914,389.6741428571429,210.0627422584568,70.6,3.049590136395347,458.0,0.3187121616292825,6517.0,73.0,6,2025-02-03,2025-02-03,0
2025-02-03,2025-02-03 06:01:10-05:00,2025-02-03 15:20:45-05:00,0.0,133.0,62.5,348.0,543.5,559.5833333333334,543.5,,559.5833333333334,0.9712583767684289,0.9712583767684289,0.2447102115915363,0.1149954001839926,0.640294388224471,67.53501896551724,59.0,73.0,67.0,2.966867089288359,50.07234000000001,32.4848,68.2549,50.372,14.75250389765751,15.61818181818182,12.5,24.0,15.5,1.6123490383560266,,,,,,,,,,,9497,340.942,3.606756756756757,464.5,75.95887044973713,0.5213026801938415,0.3903156276554348,54.166666666666664,8.504900548115453,95.16666666666669,35.342373057469345,13924.333333333334,10356.862523628151,423.3476666666667,162.80191960272896,72.5,0.7071067811865978,418.57142857142856,134.30885692172,0.6003141288288664,0.3459179417113558,58.42857142857143,13.73689852013114,90.92857142857144,53.48709234590201,11325.42857142857,9031.901015422009,378.7574285714286,210.36962787267012,70.0,3.1622776601683342,392.0,0.273937502183813,25759.0,72.0,0,2025-02-04,2025-02-04,0
2025-02-04,2025-02-05 04:44:10-05:00,2025-02-05 06:01:10-05:00,0.0,0.0,39.5,34.5,74.0,77.0,74.0,,77.0,0.961038961038961,0.961038961038961,0.0,0.5337837837837838,0.4662162162162162,63.643175,62.0,66.2908,63.0,1.151373618498792,50.9507,50.9507,50.9507,50.9507,0.0,15.0,14.5,16.0,15.0,0.4330127018922193,,,,,,,,,,,15468,440.383,3.632530120481928,336.5,239.62001168516775,0.7354116133304011,0.3996809672205607,52.166666666666664,11.67618659209138,65.33333333333333,66.5306946704552,16908.0,8226.078105634539,464.06733333333335,136.5171666506943,72.0,,376.3571428571428,188.0072503667776,0.5995975281483705,0.3450380747631776,57.42857142857143,14.951110804408962,73.28571428571429,60.81862183496732,10572.142857142857,8306.495980628091,352.6712857142857,184.80574936737784,70.0,3.1622776601683342,543.5,0.9712583767684289,9497.0,,1,2025-02-05,2025-02-05,0
2025-02-05,2025-02-05 06:01:10-05:00,2025-02-06 06:02:17-05:00,0.0,54.0,87.0,145.0,452.5,1441.1166666666666,452.5,,1441.1166666666666,0.3139926214625233,0.3139926214625233,0.1193370165745856,0.1922651933701657,0.3204419889502762,104.072623183391,56.0,160.0,107.0,27.163695345458457,55.41113333333333,22.1845,119.067,47.7248,24.62758537833586,15.762295081967212,7.5,21.5,15.5,2.382667188115049,72.0,72.0,72.0,72.0,0.0,,,,,,21318,552.816,3.394078947368421,356.6666666666667,248.98912292173185,0.7487633197566378,0.3765571393372149,63.0,23.753947040439428,62.333333333333336,66.89045771508322,15427.666666666666,5910.6032123069535,444.7136666666667,106.00336774996086,72.0,,418.8571428571428,161.36674437589735,0.5060607597858738,0.3157953884549955,63.07142857142857,17.768015672898915,80.64285714285714,53.503671436106686,13361.42857142857,8143.776209620518,426.2267142857143,134.18938932433556,70.4,2.880972058177549,74.0,0.961038961038961,15468.0,,2,2025-02-06,2025-02-06,0
2025-02-06,2025-02-06 06:02:17-05:00,2025-02-07 06:03:47-05:00,0.0,102.0,31.5,237.0,485.5,1441.5,485.5,,1441.5,0.3368019424210891,0.3368019424210891,0.2100926879505664,0.0648815653964984,0.4881565396498455,102.81694111349036,56.0,180.0,96.0,33.169977361667826,32.90599166666667,14.4574,59.5421,26.58295,15.477713548274195,15.931818181818182,10.5,22.5,15.5,2.6541653422331937,79.0,79.0,79.0,79.0,0.0,,,,,,13290,492.382,3.6243161094224927,337.3333333333333,228.64947700209876,0.5372778416408579,0.3671650596336718,52.666666666666664,30.00138885674019,52.0,51.02940328869232,16692.0,4151.605472585266,495.19366666666673,56.269209825031766,75.5,4.949747468305833,410.2142857142857,154.91310928572648,0.5000831582620636,0.318989041766402,56.07142857142857,19.340002954645954,72.14285714285714,42.00864423515941,13508.142857142857,8129.928524256779,427.60128571428567,134.91233978120053,72.4,4.615192303685705,452.5,0.3139926214625233,21318.0,72.0,3,2025-02-07,2025-02-07,0
2025-02-07,2025-02-07 06:03:47-05:00,2025-02-07 12:03:03-05:00,0.0,33.5,21.5,124.5,346.5,359.26666666666665,346.5,,359.26666666666665,0.9644646502133976,0.9644646502133976,0.0966810966810966,0.062049062049062,0.3593073593073593,60.94023947368421,57.0,67.0,60.0,2.203668647904584,42.961099999999995,29.7715,61.5877,37.5241,13.545931058439653,15.485714285714286,13.5,19.0,15.5,1.0920865630637937,,,,,,,,,,,12454,393.051,3.4436482084690554,428.1666666666667,72.62460556404619,0.5384197380323368,0.3691419329704682,46.666666666666664,35.28573838441438,63.166666666666664,35.157976809443056,15687.333333333334,4894.183214115843,479.41633333333334,80.66780764551277,75.5,4.949747468305833,393.1428571428572,154.32425664967968,0.591458030816785,0.3504803077896339,48.857142857142854,21.68469945551909,67.85714285714286,44.49411411047748,14900.42857142857,6676.742490594834,449.81071428571425,108.6606022863766,74.0,3.3665016461206445,485.5,0.3368019424210891,13290.0,79.0,4,2025-02-08,2025-02-08,0
2025-02-08,2025-02-09 03:50:02-05:00,2025-02-09 06:25:32-05:00,0.0,16.0,36.0,100.0,152.0,155.5,152.0,,155.5,0.977491961414791,0.977491961414791,0.1052631578947368,0.2368421052631578,0.6578947368421053,68.48842058823529,64.0,80.2724,68.0,2.8864808216906432,89.8768,56.4746,123.279,89.8768,33.40219999999999,16.5,15.0,18.0,16.75,0.7905694150420949,,,,,,,,,,,13775,438.046,3.5596875,328.0,167.51790949029885,0.7595861846830926,0.3661998284244227,29.666666666666668,7.421814692737508,50.5,45.450522549251325,13173.0,668.2267579197801,441.1596666666667,49.73864775336618,79.0,,349.42857142857144,174.8631437656863,0.6855694307861435,0.3534713270018401,47.5,22.220486043288957,57.357142857142854,47.12988638301806,15937.285714285714,5641.107270571572,466.92814285714286,92.74971656278096,74.33333333333333,4.041451884327321,346.5,0.9644646502133976,12454.0,,5,2025-02-09,2025-02-09,0
2025-02-09,2025-02-09 06:25:32-05:00,2025-02-10 06:07:49-05:00,0.0,78.5,61.5,185.0,433.0,1422.2833333333333,433.0,,1422.2833333333333,0.3044400435918769,0.3044400435918769,0.1812933025404157,0.1420323325635104,0.4272517321016166,101.04047863636364,58.0,156.0,100.153,24.806748213535982,39.99577000000001,15.6995,79.9023,34.5029,19.329703529596618,16.377551020408163,13.0,22.5,16.5,1.6645481468288037,79.0,79.0,79.0,79.0,0.0,,,,,,15274,530.008,3.5,310.5,143.9175110957661,0.7487988850733552,0.3848811670000955,39.666666666666664,20.250514396758778,42.666666666666664,32.24257020358856,13834.333333333334,1410.9359777584896,453.70166666666665,69.80780677211857,79.0,,355.2857142857143,177.19783133145688,0.6899269367015811,0.3476918473323354,48.5,22.7394664258714,59.57142857142857,47.798560448536335,14439.42857142857,3633.212346172619,455.3754285714286,75.20926138416996,76.66666666666667,4.041451884327321,152.0,0.977491961414791,13775.0,,6,2025-02-10,2025-02-10,0
2025-02-10,2025-02-10 06:07:49-05:00,2025-02-11 06:13:08-05:00,0.0,158.0,78.0,240.5,476.5,1445.3166666666666,476.5,,1445.3166666666666,0.3296855360416979,0.3296855360416979,0.3315844700944386,0.1636935991605456,0.5047219307450157,88.4930029239766,58.0,148.0,83.0,20.84658918263566,47.12784166666666,16.5432,85.079,44.9062,20.62967367141558,17.23015873015873,13.0,26.0,16.5,2.9125145913189874,71.0,71.0,71.0,71.0,0.0,,,,,,10112,435.495,3.5149019607843135,353.8333333333333,176.14080541808957,0.537205847016122,0.3815078382176004,58.5,21.160103969498852,84.16666666666667,71.16939885465757,13053.666666666666,2655.5229867830776,467.8496666666667,53.84580487218522,75.0,5.656854249492381,345.7142857142857,166.8439533273675,0.5982736737406196,0.3457267628990179,50.714285714285715,24.974749152656067,63.142857142857146,54.643323994270865,14527.285714285714,3498.723515526118,468.883,57.679630217261455,75.25,4.3493294502332605,433.0,0.3044400435918769,15274.0,79.0,0,2025-02-11,2025-02-11,1
2025-02-11,2025-02-11 06:13:08-05:00,2025-02-11 10:05:55-05:00,0.0,18.0,5.5,123.0,207.5,232.78333333333333,207.5,,232.78333333333333,0.8913868404095368,0.8913868404095368,0.0867469879518072,0.0265060240963855,0.5927710843373494,65.113122,59.0,72.1776,64.0,3.0140871741401245,73.61,34.839,112.381,73.61,38.771,16.214285714285715,14.5,21.0,16.0,1.4356965173029843,,,,,,,,,,,15916,432.062,3.5017595307917886,372.3333333333333,144.3973106859449,0.5085041400143706,0.331826318152553,48.333333333333336,38.00109647540889,84.83333333333333,70.21455214792255,13767.333333333334,3181.844957463092,465.855,55.58463752692925,75.0,5.656854249492381,364.7857142857143,135.24664417982717,0.588323370793559,0.3343614767016546,45.857142857142854,30.265098553881987,65.71428571428571,51.510401168806965,14591.285714285714,3522.8139658652767,467.6942857142857,58.44553476161757,75.25,4.3493294502332605,476.5,0.3296855360416979,10112.0,71.0,1,2025-02-12,2025-02-12,0
2025-02-12,2025-02-13 02:59:59-05:00,2025-02-13 06:40:29-05:00,0.0,36.5,35.5,146.5,218.5,220.5,218.5,,220.5,0.9909297052154196,0.9909297052154196,0.1670480549199084,0.1624713958810068,0.6704805491990846,66.80085869565218,59.0,72.0,67.0,3.3528484396675173,61.92235,27.617,96.2277,61.92235,34.305350000000004,16.181818181818183,13.5,19.0,16.0,1.0928013891064825,,,,,,,,,,,1277,21.997,2.037777777777778,300.8333333333333,152.23118384001776,0.7373340272222181,0.3565251249978833,39.666666666666664,36.42915499065733,70.83333333333333,76.05316123168934,9101.666666666666,7371.611786667375,296.518,237.7483563623523,71.0,,331.35714285714283,138.8244437787388,0.6850286684725442,0.3396460610955857,38.5,24.260736454883887,63.214285714285715,52.58711593066083,11728.285714285714,4985.068462060349,391.863,169.13651301044771,76.33333333333333,4.618802153516956,207.5,0.8913868404095368,15916.0,,2,2025-02-13,2025-02-13,1
2025-02-13,2025-02-13 06:40:29-05:00,2025-02-13 10:52:43-05:00,0.0,45.0,0.0,76.5,236.5,252.23333333333332,236.5,,252.23333333333332,0.937623893220563,0.937623893220563,0.1902748414376321,0.0,0.3234672304439746,68.4707358490566,63.0,73.0,68.0,2.9867781714911428,59.2112,57.1943,61.2281,59.2112,2.0168999999999997,16.104166666666668,13.0,23.5,16.0,1.8369991758904585,,,,,,,,,,,18505,558.322,3.8645,220.83333333333337,14.640127503996895,0.9399801462818398,0.049813245525732,13.666666666666666,19.107153983085336,33.166666666666664,13.805192259919282,11899.333333333334,9289.84415011002,337.4603333333333,280.39834683594944,,,295.7857142857143,123.83721073209291,0.7708603757296119,0.3117503279711786,34.0,28.3519546651255,55.07142857142857,49.92613591716315,12473.285714285714,5608.10686162708,401.283,177.30685957777646,75.0,5.656854249492297,218.5,0.9909297052154196,1277.0,,3,2025-02-14,2025-02-14,1
2025-02-14,2025-02-15 02:55:36-05:00,2025-02-15 05:41:36-05:00,0.0,0.0,0.0,0.0,156.5,166.0,156.5,,166.0,0.9427710843373494,0.9427710843373494,0.0,0.0,0.0,63.89180285714286,59.0,72.0,64.0,2.964724414317287,39.6458,39.6458,39.6458,39.6458,0.0,16.38235294117647,15.0,21.0,15.5,1.5197659626780955,,,,,,,,,,,678,35.335,3.1599999999999997,203.83333333333337,41.96824196143181,0.9571082275911108,0.0294031062239452,11.833333333333334,20.495934556231727,27.166666666666668,23.907809045024084,6820.0,10123.937919604212,205.218,305.869746253205,,,268.64285714285717,131.4568098545788,0.7677612948901763,0.309605407053909,30.928571428571427,30.9750283446582,50.285714285714285,53.79425088772432,10791.0,7164.9956036274125,350.18071428571426,225.16527350793856,75.0,5.656854249492297,236.5,0.937623893220563,18505.0,,4,2025-02-15,2025-02-15,1
2025-02-15,2025-02-16 03:59:54-05:00,2025-02-16 06:12:24-05:00,0.0,15.5,68.0,47.0,130.5,132.5,130.5,,132.5,0.9849056603773584,0.9849056603773584,0.1187739463601532,0.5210727969348659,0.3601532567049808,69.134825,64.0,84.0,68.0,3.5656666485109865,42.1438,42.1438,42.1438,42.1438,0.0,14.961538461538462,14.0,16.0,15.0,0.5704768066996664,,,,,,,,,,,24322,632.571,3.5873747494989976,174.5,55.24490926773208,0.9551002126450904,0.0259402569375983,22.666666666666668,39.25981830489456,20.166666666666668,22.86008165631382,14501.666666666666,12319.890110440649,408.7426666666667,325.50452015960303,,,265.57142857142856,134.8438691510262,0.7688203947419716,0.3104539470937677,35.5,34.05632589304565,50.214285714285715,53.84766873850185,12297.714285714286,8815.850889435578,377.97,248.60097096619185,75.0,5.656854249492297,156.5,0.9427710843373494,678.0,,5,2025-02-16,2025-02-16,0
2025-02-16,2025-02-16 06:12:24-05:00,2025-02-16 10:47:22-05:00,0.0,43.0,0.0,98.5,244.0,274.96666666666664,244.0,,274.96666666666664,0.8873802885198206,0.8873802885198206,0.1762295081967213,0.0,0.4036885245901639,71.06775172413792,63.0,86.8396,70.5,6.138180152445539,42.26246666666666,31.6746,62.0169,33.0959,13.980540062609249,15.75,14.5,17.0,15.5,0.8608550566567107,,,,,,,,,,,9829,372.942,3.403206997084548,177.0,59.462172849635685,0.9383523444115096,0.0489126107040571,22.666666666666668,39.25981830489456,19.5,21.77728174038262,11609.666666666666,11922.154349501325,346.9493333333333,299.46522997559066,,,238.57142857142856,112.86216836309268,0.8520975725888208,0.2338630792522193,26.714285714285715,34.163646788724996,45.142857142857146,52.39172508271566,11519.857142857143,8749.440009291488,355.53200000000004,239.5134432636298,71.0,,130.5,0.9849056603773584,24322.0,,6,2025-02-17,2025-02-17,0
2025-02-18,2025-02-18 15:57:17-05:00,2025-02-19 06:07:31-05:00,0.0,139.0,96.0,277.0,512.0,850.2333333333333,512.0,,850.2333333333333,0.6021876347669267,0.6021876347669267,0.271484375,0.1875,0.541015625,78.35817384615386,66.0,99.0,79.0,6.618795695029931,42.17249999999999,27.8002,77.8884,33.9343,17.083401075312842,16.860655737704917,10.5,25.5,16.5,2.424484308089453,73.0,73.0,73.0,73.0,0.0,,,,,,17565,424.423,3.6268354430379746,295.5,195.89474214485688,0.8248245278880354,0.1988798360139923,54.666666666666664,49.369356217529656,65.83333333333333,64.83890293129068,17238.666666666668,7252.008848128444,476.6453333333334,137.46702689857457,73.0,,243.6428571428571,125.4328220887296,0.8910264438352822,0.1335939625638977,29.285714285714285,39.001984076515384,42.42857142857143,45.625676772540935,12584.57142857143,8999.468296463285,353.9502857142857,238.93322386370792,73.0,,244.0,0.8873802885198206,9829.0,,1,2025-02-19,2025-02-19,0
2025-02-19,2025-02-19 06:07:31-05:00,2025-02-19 06:13:31-05:00,0.0,3.0,0.0,1.5,4.5,6.0,4.5,,6.0,0.75,0.75,0.6666666666666666,0.0,0.3333333333333333,,,,,,,,,,,,,,,,,,,,,,,,,,14494,385.46,3.644598337950139,253.5,253.88333935097032,0.7465226410955825,0.1426281229539495,32.0,55.42562584220408,61.666666666666664,69.89515958443285,13962.666666666666,3895.274102464842,394.275,26.8486779749033,73.0,,214.6428571428571,155.1323935347146,0.8708283237767768,0.1438266668592182,28.5,39.61165653356763,40.285714285714285,47.28623579053523,12381.42857142857,8927.496940298986,347.29285714285714,237.03575169681935,73.0,,512.0,0.6021876347669267,17565.0,73.0,2,2025-02-20,2025-02-20,0
2025-02-20,2025-02-21 03:48:48-05:00,2025-02-21 06:12:18-05:00,0.0,9.5,49.5,69.0,128.0,143.5,128.0,,143.5,0.89198606271777,0.89198606271777,0.07421875,0.38671875,0.5390625,66.09910344827587,63.0,76.0,66.0,2.6795975810175316,39.8832,39.8832,39.8832,39.8832,0.0,14.642857142857142,13.0,16.0,14.5,0.9715336077668174,,,,,,,,,,,12307,436.768,3.5457317073170733,214.83333333333337,264.65842766353256,0.7480578991615655,0.1449089749720315,48.5,48.007811864320594,50.5,76.71212420471748,14788.666666666666,2641.356154200578,415.55033333333336,26.78004623471365,73.0,,201.71428571428572,158.49207581213054,0.8566935177056839,0.1346238088736835,30.5,40.37016224886888,36.42857142857143,48.7257876380914,13957.142857142857,7500.203184549336,406.5458571428572,189.17701848923457,73.0,,4.5,0.75,14494.0,,3,2025-02-21,2025-02-21,1
2025-02-21,2025-02-21 06:12:18-05:00,2025-02-21 11:13:46-05:00,0.0,71.0,6.0,73.5,292.5,301.46666666666664,292.5,,301.46666666666664,0.9702565236620964,0.9702565236620964,0.2427350427350427,0.0205128205128205,0.2512820512820513,64.404934375,58.0,72.0,64.0,2.89917455543485,44.80466666666666,35.8678,62.5145,36.0317,12.522922005222616,15.553571428571429,13.0,20.0,15.0,1.3184087115201588,,,,,,,,,,,1714,175.105,3.1976190476190474,141.66666666666666,144.48558174895263,0.8707475287932889,0.1116536633808927,18.5,27.013885318480217,27.833333333333332,37.524436482555394,9505.0,6835.239790965641,332.4443333333333,138.65380296383282,,,209.71428571428572,161.91686579405948,0.8613553220544745,0.1384052763904616,31.357142857142858,39.67231852492182,40.142857142857146,50.448582971274064,11558.42857142857,8430.62885865468,351.80057142857146,193.337879805327,73.0,,128.0,0.89198606271777,12307.0,,4,2025-02-22,2025-02-22,0
2025-02-22,2025-02-23 01:44:58-05:00,2025-02-23 06:05:28-05:00,0.0,42.5,48.0,137.0,227.5,260.5,227.5,,260.5,0.8733205374280231,0.8733205374280231,0.1868131868131868,0.210989010989011,0.6021978021978022,71.68842777777778,59.0,85.0,71.0,5.27440574740913,46.306,24.7265,67.8855,46.306,21.579499999999996,16.48076923076923,13.0,22.5,16.25,2.0309185551160818,,,,,,,,,,,10522,428.16,3.553164556962025,216.0,82.85076945931135,0.91185437460263,0.0514315926222243,34.5,24.69311644973151,41.0,30.777426793024805,8181.0,5671.254094113579,346.6776666666667,148.64861040834987,,,219.8571428571429,160.242970278916,0.8514338153531422,0.1340159873302325,38.214285714285715,37.434228034933845,46.214285714285715,47.26949081495126,12964.714285714286,7015.459113374459,407.9184285714286,134.11004300307167,73.0,,292.5,0.9702565236620964,1714.0,,5,2025-02-23,2025-02-23,0
2025-02-23,2025-02-23 06:05:28-05:00,2025-02-23 13:14:40-05:00,0.0,119.0,29.0,256.0,404.0,429.2,404.0,,429.2,0.9412861136999068,0.9412861136999068,0.2945544554455445,0.0717821782178217,0.6336633663366337,69.0625188888889,58.0,84.0,69.0,3.513312677133915,36.437975,31.4483,46.0747,34.11445,5.794667303381188,15.523255813953488,12.5,23.0,15.5,1.4664999003801653,,,,,,,,,,,16527,561.254,3.6249422632794457,308.0,89.26505475268571,0.9282877249300088,0.0497580640675754,27.666666666666668,21.031722072463165,77.5,38.66199684444663,9587.666666666666,7450.568859713556,388.17300000000006,196.15550636421108,,,258.92857142857144,167.9805119082342,0.8452024515420777,0.1276379005885979,32.642857142857146,35.091207690001994,61.0,52.01041562353961,11851.142857142857,5327.93973403641,397.73028571428574,115.63552916918792,73.0,,227.5,0.8733205374280231,10522.0,,6,2025-02-24,2025-02-24,0
2025-02-24,2025-02-25 02:22:31-05:00,2025-02-25 06:08:31-05:00,0.0,46.0,60.0,119.5,225.5,226.0,225.5,,226.0,0.9977876106194692,0.9977876106194692,0.2039911308203991,0.2660753880266075,0.5299334811529933,70.0132914893617,64.0,84.0,70.0,3.4267024346552546,39.01455,32.0663,45.9628,39.01455,6.948250000000002,16.045454545454547,12.5,17.5,16.25,1.0756508696544758,,,,,,,,,,,10095,381.787,3.5609756097560976,285.6666666666667,102.4845516813793,0.9374647539157998,0.0623214663672209,45.666666666666664,15.631165450257836,69.16666666666667,43.19239902266757,12381.333333333334,3596.59510277892,457.067,93.16014173990978,,,256.2857142857143,168.399539078659,0.8609749261277416,0.1399466958980291,41.214285714285715,33.05784972697751,61.42857142857143,51.84948454535539,11889.142857142857,5312.038511048025,398.9938571428572,115.36753341593209,73.0,,404.0,0.9412861136999068,16527.0,,0,2025-02-25,2025-02-25,0
2025-02-25,2025-02-25 06:08:31-05:00,2025-02-25 10:17:56-05:00,0.0,54.0,0.0,92.0,228.0,249.41666666666663,228.0,,249.41666666666663,0.914132976946208,0.914132976946208,0.2368421052631578,0.0,0.4035087719298245,65.89979215686274,58.0,73.0,66.0,3.493885849221389,48.69755,47.1809,50.2142,48.69755,1.5166499999999985,16.6,14.0,23.5,16.0,2.563851269737255,,,,,,,,,,,24829,646.238,3.5437956204379564,285.8333333333333,102.34296914460371,0.9510689004218612,0.0426767105197561,29.666666666666668,30.005555041247515,73.0,40.03748243833522,17150.333333333332,7386.751473640712,529.7596666666667,135.0092686608347,,,215.71428571428572,125.1921380461707,0.9055385464390676,0.0811007280760985,27.5,25.61737691489896,49.285714285714285,39.0212091292,12926.857142857143,7035.542040917956,430.6817142857143,149.0593782342173,,,225.5,0.9977876106194692,10095.0,,1,2025-02-26,2025-02-26,0
2025-02-27,2025-02-28 03:37:33-05:00,2025-02-28 06:13:33-05:00,0.0,16.0,66.5,72.5,155.0,156.0,155.0,,156.0,0.9935897435897436,0.9935897435897436,0.1032258064516129,0.4290322580645161,0.4677419354838709,75.41894060995185,66.0,123.0,75.0,5.389930245223237,,,,,,15.90625,12.5,17.5,16.0,1.0784646204210873,,,,,,,,,,,10967,306.532,3.932679738562092,202.83333333333337,41.44373696149139,0.9685034437184736,0.0471329636737929,42.166666666666664,36.66174209354125,38.666666666666664,20.033305601755657,15297.0,8266.460185593343,444.8523333333333,178.41796100822756,,,237.21428571428572,91.17513236571033,0.9403370812376024,0.0492412027494164,37.0,26.0464328971678,51.142857142857146,36.6909551589515,12423.0,7030.897405974112,419.4062857142858,155.87943552920888,,,228.0,0.914132976946208,24829.0,,3,2025-02-28,2025-02-28,1
2025-02-28,2025-02-28 06:13:33-05:00,2025-02-28 18:36:11-05:00,0.0,107.5,39.0,194.5,461.5,742.6333333333333,461.5,,742.6333333333333,0.6214372278827596,0.6214372278827596,0.2329360780065005,0.0845070422535211,0.4214517876489707,74.28619702970298,59.0,109.0,70.0,10.772240185879092,58.08281666666667,33.0053,120.135,47.3648,28.728383542901533,15.70754716981132,12.5,21.5,15.5,1.5247454543644974,,,,,,,,,,,1950,219.023,3.1850931677018632,281.5,160.10074952978815,0.8430533161395705,0.195993909017727,35.166666666666664,33.4153158496719,59.166666666666664,45.96828616919859,12582.0,11524.683466369042,390.5976666666667,225.6733065524884,,,284.85714285714283,109.8217169953628,0.9016872476897438,0.1313080375390566,35.5,25.503267764478046,65.14285714285714,36.849597788074384,10943.42857142857,8072.044987840098,388.2998571428571,172.66014465169107,,,155.0,0.9935897435897436,10967.0,,4,2025-03-01,2025-03-01,0
2025-03-01,2025-03-02 03:36:45-05:00,2025-03-02 06:24:45-05:00,0.0,19.0,54.5,93.5,167.0,168.0,167.0,,168.0,0.9940476190476192,0.9940476190476192,0.1137724550898203,0.3263473053892216,0.5598802395209581,70.05613235294118,63.0,73.0,71.0,2.554702950698227,39.4483,39.4483,39.4483,39.4483,0.0,14.75,13.0,16.0,15.0,0.770551750371122,,,,,,,,,,,13430,395.871,3.775636363636364,261.1666666666667,173.59747502003967,0.8696915301733741,0.2149946542750153,53.333333333333336,13.787071238422405,47.5,51.98317035349038,8782.333333333334,6043.771697651503,307.142,88.42557803599595,,,266.92857142857144,118.28406083500464,0.9050859756019614,0.1336654015718557,42.42857142857143,22.5728977822014,57.714285714285715,40.52967754503805,12617.142857142857,6980.1971182427205,419.8378571428571,145.20784545543518,,,461.5,0.6214372278827596,1950.0,,5,2025-03-02,2025-03-02,1
2025-03-02,2025-03-02 06:24:45-05:00,2025-03-02 14:51:07-05:00,0.0,138.0,40.0,227.5,405.5,506.3666666666667,405.5,,506.3666666666667,0.8008031071028898,0.8008031071028898,0.3403205918618989,0.0986436498150431,0.561035758323058,69.33368962264151,59.0,85.0,69.2689,4.037606018771129,55.34342,34.4602,97.0186,51.9458,22.13084817122019,15.322916666666666,10.0,18.0,15.5,1.2310631555917655,,,,,,,,,,,16477,497.563,3.563979848866499,344.6666666666667,156.39080322491253,0.8054293180110896,0.1863482687645168,44.5,8.674675786448791,88.16666666666667,61.81086743715326,10619.0,7660.595472938117,370.819,140.94976029777428,,,292.35714285714283,127.19267349370492,0.8947263426983708,0.1392319749596125,41.285714285714285,22.445966866486888,71.35714285714286,49.61074672363026,13467.857142857143,7044.877345243421,429.75257142857146,148.20916477831503,,,167.0,0.9940476190476192,13430.0,,6,2025-03-03,2025-03-03,0
2025-03-03,2025-03-04 01:36:16-05:00,2025-03-04 04:27:16-05:00,0.0,0.0,0.0,0.0,168.5,171.0,168.5,,171.0,0.9853801169590644,0.9853801169590644,0.0,0.0,0.0,75.18930277777777,64.0,85.0,73.5,4.723975440093164,28.0772,28.0772,28.0772,28.0772,0.0,16.764705882352942,13.0,21.5,17.0,1.9335858722227768,,,,,,,,,,,7668,328.856,3.7504310344827583,247.0,137.26707544054386,0.926743614369858,0.1091537444438321,31.5,28.226760352544904,52.333333333333336,74.79527614317186,12525.0,4473.688522908134,407.43,84.94539906904929,,,258.7142857142857,123.84225757755226,0.9010254860211075,0.1426451291216047,37.142857142857146,27.25300332947158,54.357142857142854,50.935182900848176,12202.285714285714,7197.801416967226,396.55285714285714,139.62311434409014,,,405.5,0.8008031071028898,16477.0,,0,2025-03-04,2025-03-04,1
2025-03-07,2025-03-08 01:50:40-05:00,2025-03-08 06:11:40-05:00,0.0,19.0,29.5,135.5,184.0,261.0,184.0,,261.0,0.7049808429118773,0.7049808429118773,0.1032608695652173,0.1603260869565217,0.7364130434782609,77.35009259259259,66.0,97.0,79.0,7.594878065167336,57.2,34.6504,79.7496,57.2,22.5496,17.02173913043478,8.0,21.0,16.5,2.4955537020415237,,,,,,,,,,,12920,364.382,3.4283116883116884,252.66666666666663,132.5842499444534,0.8303880223246106,0.1425215374182249,23.166666666666668,20.73845060107756,52.333333333333336,74.79527614317186,12355.0,4431.595536598524,396.9336666666666,88.93942440972602,,,252.78571428571428,126.65861503231748,0.859195947777166,0.1521558513607253,32.785714285714285,25.362139011489027,50.5,52.66640295292625,12605.857142857143,7138.912648963005,394.0664285714285,140.08410662747957,,,168.5,0.9853801169590644,7668.0,,4,2025-03-08,2025-03-08,0
2025-03-08,2025-03-08 06:11:40-05:00,2025-03-09 06:08:13-05:00,0.0,102.0,64.5,167.5,511.0,1436.55,511.0,,1436.55,0.3557133409905677,0.3557133409905677,0.1996086105675146,0.1262230919765166,0.3277886497064579,98.22109304347826,62.0,146.0,98.0,22.706184311551016,34.18984166666667,18.6338,55.8641,36.65455,11.749369832637717,15.535087719298245,12.5,20.0,15.0,1.4685583368721016,75.0,75.0,75.0,75.0,0.0,,,,,,19173,568.14,3.6828571428571433,287.8333333333333,193.42332675593525,0.6820247669538365,0.3154604543475834,31.333333333333332,32.28905903449858,40.333333333333336,54.24327915358116,13253.666666666666,5759.753148645633,420.4593333333334,129.12284325143006,75.0,,293.2142857142857,158.57355210933338,0.7794217140692172,0.2397351240559458,42.0,23.079572497484985,57.357142857142854,56.20402883373091,11797.857142857143,5699.949398271648,382.90957142857144,118.0262119063066,75.0,,184.0,0.7049808429118773,12920.0,,5,2025-03-09,2025-03-09,0
2025-03-09,2025-03-09 06:08:13-05:00,2025-03-09 11:55:35-05:00,0.0,89.0,12.5,205.5,307.0,347.3666666666667,307.0,,347.3666666666667,0.8837923423855676,0.8837923423855676,0.2899022801302932,0.0407166123778501,0.6693811074918566,68.1335808219178,63.0,85.0,67.0,3.894336321520222,26.566133333333337,23.1701,29.1058,27.4225,2.4977531934832053,15.363636363636363,13.5,20.5,15.0,1.5139389087026418,,,,,,,,,,,12238,507.394,3.838630136986301,334.0,165.16355530200957,0.6481621754293376,0.2685854215318726,35.5,26.51414716712572,70.0,44.64302857109943,14777.0,3822.288973900316,479.972,104.61025381863892,75.0,,314.92857142857144,146.435261171228,0.7637363710400494,0.2266203328335613,34.285714285714285,22.54413660440545,67.78571428571429,53.97982427325443,11979.42857142857,5689.305225805794,411.6041428571429,120.7478852229286,75.0,,511.0,0.3557133409905677,19173.0,75.0,6,2025-03-10,2025-03-10,1
2025-03-10,2025-03-11 01:43:30-05:00,2025-03-11 06:14:30-05:00,0.0,79.5,72.0,115.5,267.0,271.0,267.0,,271.0,0.985239852398524,0.985239852398524,0.297752808988764,0.2696629213483146,0.4325842696629213,69.02038181818182,63.0,80.0,68.0,3.099553363021014,65.50405,50.8661,80.142,65.50405,14.637949999999996,15.925925925925926,14.0,19.5,16.0,0.899626503814157,,,,,,,,,,,28933,718.788,3.60699865410498,361.6666666666667,130.86379687802625,0.7415818452582199,0.3379996690253903,49.666666666666664,32.40498932777689,90.16666666666669,11.295279249904953,20114.666666666668,8387.240805731837,598.1073333333334,108.8365132174558,75.0,,287.14285714285717,131.70001084716318,0.8157081745423014,0.2302346336230545,39.0,26.751946969644383,63.785714285714285,51.52819385447894,15834.142857142857,6794.992701211977,482.9991428571429,134.8295306704342,75.0,,307.0,0.8837923423855676,12238.0,,0,2025-03-11,2025-03-11,1
2025-03-11,2025-03-11 06:14:30-05:00,2025-03-12 06:18:52-05:00,0.0,124.5,93.5,324.0,542.0,1444.3666666666666,542.0,,1444.3666666666666,0.3752509750525029,0.3752509750525029,0.2297047970479704,0.1725092250922509,0.5977859778597786,98.95428943298968,58.0,152.0,91.5,27.726179172677753,43.833590909090915,17.5166,129.447,29.9126,30.74389719394299,15.517241379310343,13.0,22.0,15.25,1.3162299782063664,74.0,74.0,74.0,74.0,0.0,,,,,,14480,409.507,3.5228169014084503,372.0,148.5765795810362,0.7480943899455316,0.3268517375566152,59.333333333333336,41.95930568221231,97.66666666666669,23.71883920712254,18550.333333333332,9061.26185105216,545.2296666666667,158.07383557797735,74.0,,340.7142857142857,149.72081160804424,0.7273086539715706,0.2663156584372633,44.57142857142857,33.68163269427983,78.85714285714286,51.67423139705312,15984.142857142857,6744.477430425877,484.94714285714286,133.4523840806509,74.5,0.7071067811865476,267.0,0.985239852398524,28933.0,,1,2025-03-12,2025-03-12,1
2025-03-12,2025-03-12 06:18:52-05:00,2025-03-12 09:32:46-05:00,0.0,9.5,15.0,57.0,185.0,193.9,185.0,,193.9,0.9541000515729756,0.9541000515729756,0.0513513513513513,0.081081081081081,0.3081081081081081,66.84255365853659,54.0,72.0,67.0,3.839449159557667,42.80985,32.0223,53.5974,42.80985,10.78755,15.8125,15.0,17.0,15.5,0.7043392293490403,,,,,,,,,,,28891,759.877,3.659075907590759,331.3333333333333,186.99286973928525,0.7715302930080009,0.3435409657934838,60.166666666666664,40.56579018499867,71.16666666666667,57.95112883571237,24101.333333333332,8332.345548123485,629.3906666666667,191.52988443147305,74.0,,309.2142857142857,156.8448960870945,0.749208217467297,0.2793504211526692,41.0,35.5222934695007,60.5,49.958315957739536,17757.571428571428,8339.230237400885,522.4205714285714,169.5359816556722,74.5,0.7071067811865476,542.0,0.3752509750525029,14480.0,74.0,2,2025-03-13,2025-03-13,0
2025-03-14,2025-03-15 03:26:54-05:00,2025-03-15 06:00:54-05:00,0.0,19.5,51.5,81.5,152.5,154.0,152.5,,154.0,0.9902597402597404,0.9902597402597404,0.1278688524590163,0.3377049180327869,0.5344262295081967,73.712634375,71.0,80.0,73.0,2.559375964054687,26.445,26.445,26.445,26.445,0.0,18.066666666666663,16.5,19.0,18.0,0.793025150224688,,,,,,,,,,,14433,526.669,3.936338797814208,293.1666666666667,216.10780488759144,0.7732035889617398,0.345110986436793,53.333333333333336,39.2820994007873,51.166666666666664,63.70504951205464,19268.0,8333.795593845574,565.351,178.35920797088124,74.0,,306.92857142857144,159.3341427554656,0.7499053065102508,0.2800432156495707,48.357142857142854,30.60870557770871,63.285714285714285,46.442488756576786,18724.0,7302.647921587548,550.6795714285714,146.86473522809723,74.5,0.7071067811865476,185.0,0.9541000515729756,28891.0,,4,2025-03-15,2025-03-15,1
2025-03-15,2025-03-15 06:00:54-05:00,2025-03-16 06:16:51-05:00,0.0,85.5,67.0,210.0,362.5,1455.95,362.5,,1455.95,0.2489783302998042,0.2489783302998042,0.2358620689655172,0.1848275862068965,0.5793103448275863,95.82052028169016,60.0,151.0,98.0,20.9039745838538,30.71095,19.9799,49.2805,30.76125,8.374181946912787,16.68918918918919,14.0,23.0,16.5,1.6698897493601972,75.0,75.0,75.0,75.0,0.0,,,,,,8211,393.625,3.600493827160494,233.33333333333337,113.03576130293138,0.7311127073775069,0.417931871172275,44.5,26.69737814842501,38.166666666666664,41.295681775862874,17178.333333333332,10609.81815741124,560.0569999999999,185.3947161706613,75.0,,332.42857142857144,150.4156542638401,0.6847620904228118,0.3390549054942646,53.714285714285715,30.034503967460957,72.78571428571429,42.50868258647985,18051.285714285714,8099.803921789023,554.8571428571429,140.9803126248824,74.66666666666667,0.5773502691896247,152.5,0.9902597402597404,14433.0,,5,2025-03-16,2025-03-16,0
2025-03-16,2025-03-16 06:16:51-05:00,2025-03-16 09:14:43-05:00,0.0,41.0,0.0,44.5,157.5,177.86666666666667,157.5,,177.86666666666667,0.8854947526236882,0.8854947526236882,0.2603174603174603,0.0,0.2825396825396825,71.51441842105264,63.0,84.0,72.0,3.836225216198536,41.4171,40.0151,42.8191,41.4171,1.402000000000001,16.5,15.0,22.5,16.0,2.173067468400883,,,,,,,,,,,22428,603.216,3.417723880597015,224.16666666666663,119.82626312012437,0.708244274394411,0.4011705762047215,39.5,35.07491981459118,48.666666666666664,33.66130320313421,15024.0,7126.902061905994,507.83666666666664,106.05701016120244,75.0,,281.92857142857144,139.409298043396,0.7604451492275432,0.3113611028156301,44.5,35.55980877338908,64.07142857142857,41.767639558463365,18516.285714285714,8266.6473598085,559.868,142.1496132202502,74.5,0.7071067811865476,362.5,0.2489783302998042,8211.0,75.0,6,2025-03-17,2025-03-17,0
2025-03-22,2025-03-23 02:31:53-05:00,2025-03-23 06:28:23-05:00,0.0,31.5,51.5,140.5,223.5,236.5,223.5,,236.5,0.945031712473573,0.945031712473573,0.1409395973154362,0.2304250559284116,0.6286353467561522,62.307854,57.0,72.0,63.0,2.5803729672440765,45.137249999999995,33.8826,56.3919,45.137249999999995,11.254650000000002,15.42,13.5,20.5,15.0,1.3013838787997951,,,,,,,,,,,1734,145.834,3.047169811320755,247.83333333333337,104.64384039843569,0.6931682651323552,0.3858298667184164,39.5,35.07491981459118,52.666666666666664,28.82851597521686,10791.0,10585.49521751344,380.89166666666665,228.95671384419668,75.0,,270.0,140.47479014637003,0.7691936306686868,0.3162268004290927,50.07142857142857,32.646373677419575,55.857142857142854,41.70203261004819,17015.714285714286,10299.603482890114,508.21657142857146,212.61648462184775,74.5,0.7071067811865476,157.5,0.8854947526236882,22428.0,,5,2025-03-23,2025-03-23,1
2025-03-23,2025-03-23 06:28:23-05:00,2025-03-24 06:12:41-05:00,0.0,122.0,75.0,213.5,505.5,1424.3,505.5,,1424.3,0.35491118444148,0.35491118444148,0.2413452027695351,0.1483679525222551,0.4223541048466864,127.91650600938968,59.0,192.0,129.0,31.212994960092537,41.055191,9.7094,97.0007,34.2862,28.404249973384772,17.244897959183675,8.5,25.0,17.0,3.205738555070458,72.0,72.0,72.0,72.0,0.0,,,,,,33905,1253.21,3.827994011976048,295.5,184.83506160899225,0.7284792165129138,0.3248860851688395,42.166666666666664,38.36122173932074,64.83333333333333,49.73513178160217,19355.666666666668,16304.071096917276,667.42,556.4728354160696,72.0,,304.07142857142856,166.19477242366085,0.6791466781033949,0.3337142329204028,50.5,32.99999999999999,61.92857142857143,48.291155652828536,17726.0,11373.842241447415,584.5625714285715,351.45139950157994,73.66666666666667,1.5275252316519483,223.5,0.945031712473573,1734.0,,6,2025-03-24,2025-03-24,1
2025-03-24,2025-03-24 06:12:41-05:00,2025-03-24 11:13:13-05:00,0.0,75.0,46.5,163.5,285.0,300.53333333333336,285.0,,300.53333333333336,0.9483141082519964,0.9483141082519964,0.2631578947368421,0.1631578947368421,0.5736842105263158,68.9009619047619,60.0,73.52,71.0,3.816605671977935,34.86723333333334,33.6662,36.295,34.6405,1.0851123945881769,15.327586206896552,13.5,20.5,15.0,1.3536404431993465,,,,,,,,,,,8338,233.445,3.539655172413793,338.0,148.28266925032057,0.7494190017223499,0.3416577336345521,57.666666666666664,15.217862311551322,76.16666666666667,45.261278520754736,14659.0,16991.456411973635,544.1629999999999,615.6132373389969,72.0,,267.35714285714283,129.1267833970793,0.7610128399890368,0.3165899459892138,43.785714285714285,27.035250357722987,54.857142857142854,40.61579566059067,16848.571428571428,11891.135253584824,559.4108571428571,371.77935930397786,73.5,2.121320343559646,505.5,0.35491118444148,33905.0,72.0,0,2025-03-25,2025-03-25,0
2025-03-29,2025-03-30 02:34:39-05:00,2025-03-30 06:10:09-05:00,0.0,52.0,57.5,100.5,210.0,215.5,210.0,,215.5,0.974477958236659,0.974477958236659,0.2476190476190476,0.2738095238095238,0.4785714285714286,71.82144090909091,63.0,84.0,72.0,4.682214162042947,37.8318,37.8318,37.8318,37.8318,0.0,15.88095238095238,14.0,17.5,16.0,0.9373818897633108,,,,,,,,,,,14929,444.306,3.890322580645161,333.5,153.60419916135095,0.7592344169767119,0.3503984789312152,59.666666666666664,14.37300710823362,83.0,35.67912554982255,19057.333333333332,13274.043254914204,643.6536666666667,538.3166196211422,72.0,,270.92857142857144,126.79393668844112,0.7639239695124201,0.3187476865574131,49.857142857142854,24.106904760728955,60.92857142857143,35.56851202424761,14854.0,10639.635394755478,514.3292857142858,362.43513653145095,73.5,2.121320343559646,285.0,0.9483141082519964,8338.0,,5,2025-03-30,2025-03-30,0
2025-03-30,2025-03-30 06:10:09-05:00,2025-03-30 08:45:09-05:00,0.0,57.0,10.5,71.5,139.0,155.0,139.0,,155.0,0.896774193548387,0.896774193548387,0.4100719424460431,0.0755395683453237,0.5143884892086331,69.82129090909092,63.0,73.0,71.0,2.630912748557697,44.0592,38.1184,50.0,44.0592,5.940799999999999,15.285714285714286,14.0,17.0,15.0,0.7726181304565691,,,,,,,,,,,17019,501.753,3.485781990521327,211.33333333333337,73.00913184892201,0.9398554200123476,0.0395364492175783,38.166666666666664,24.583192089989744,61.333333333333336,12.096831541082723,13428.666666666666,4530.8046010982725,393.1679999999999,141.27496947088653,,,269.0,128.97932650881188,0.7505688914107982,0.3095085675290043,44.0,28.26363977504193,66.28571428571429,30.792121750616044,15223.42857142857,10667.440256174292,510.7698571428572,362.41609991069134,73.5,2.121320343559646,210.0,0.974477958236659,14929.0,,6,2025-03-31,2025-03-31,1
2025-03-31,2025-04-01 00:48:03-05:00,2025-04-01 06:55:33-05:00,0.0,41.0,73.5,233.0,347.5,367.5,347.5,,367.5,0.9455782312925172,0.9455782312925172,0.1179856115107913,0.2115107913669064,0.6705035971223021,69.61260129870129,58.0,100.0,69.0,5.950451327671317,52.756,49.0386,59.8421,49.3873,5.012651183422467,15.4,13.5,18.0,15.0,0.991391518451284,,,,,,,,,,,9507,295.53499999999997,4.0649999999999995,232.16666666666663,106.00275153661474,0.9389434610258544,0.0392744687303471,47.166666666666664,32.74650108535772,50.0,8.185352771872479,13818.333333333334,3877.205350936842,413.86466666666666,106.42589892659248,,,266.85714285714283,127.28043653212993,0.8500831629811857,0.220562629112196,44.92857142857143,29.23529341313988,59.92857142857143,30.75769357877332,15408.57142857143,10535.884282728612,496.757,369.5269908644474,72.0,,139.0,0.896774193548387,17019.0,,0,2025-04-01,2025-04-01,1
2025-04-01,2025-04-01 06:55:33-05:00,2025-04-01 08:58:03-05:00,0.0,61.0,0.0,59.0,120.0,122.5,120.0,,122.5,0.979591836734694,0.979591836734694,0.5083333333333333,0.0,0.4916666666666666,64.80853846153846,58.0,73.022,64.0,3.015341468490366,66.5381,66.5381,66.5381,66.5381,0.0,16.25,13.5,25.0,15.0,3.2371540999258386,,,,,,,,,,,751,64.61,2.548076923076923,202.16666666666663,126.2203760623984,0.940648087191866,0.0416283586797916,28.0,39.75235842060193,53.0,10.583005244258386,9092.333333333334,8141.923441873749,287.2993333333333,218.6878374906413,,,261.5,133.29728679409305,0.8635256035684724,0.2258837686359547,44.92857142857143,29.23529341313988,62.785714285714285,29.61398479161652,12311.857142857143,11287.7049103375,419.81328571428566,398.59677758678816,72.0,,347.5,0.9455782312925172,9507.0,,1,2025-04-02,2025-04-02,1
2025-04-05,2025-04-06 01:24:23-05:00,2025-04-06 06:05:53-05:00,0.0,58.0,50.5,170.0,278.5,281.5,278.5,,281.5,0.9893428063943162,0.9893428063943162,0.2082585278276481,0.1813285457809695,0.6104129263913824,71.33907413793104,63.0,79.0,72.0,2.953226957809229,50.11335,37.9726,62.2541,50.11335,12.14075,15.410714285714286,13.5,17.0,15.5,0.8869447098705461,,,,,,,,,,,3347,272.483,3.0902912621359224,248.66666666666663,116.64726029072985,0.9715042914738424,0.0229758742971812,41.333333333333336,37.597650635822106,53.333333333333336,10.78579312490898,4535.0,4497.264946609208,210.876,127.1933793206224,,,269.35714285714283,132.30133354257202,0.8698557598428642,0.2291459099162042,44.785714285714285,29.200252771247733,66.57142857142857,26.47550530117188,12542.285714285714,11049.73312972288,437.906,386.7872986823637,72.0,,120.0,0.979591836734694,751.0,,5,2025-04-06,2025-04-06,0
2025-04-06,2025-04-06 06:05:53-05:00,2025-04-06 09:11:23-05:00,0.0,29.0,9.0,82.0,120.0,185.5,120.0,,185.5,0.6469002695417789,0.6469002695417789,0.2416666666666666,0.075,0.6833333333333333,71.07097435897435,64.0,90.0,72.0,4.319563381587041,37.3206,31.226,43.4152,37.3206,6.0946,15.2,13.5,18.0,15.0,1.0456258094238748,,,,,,,,,,,13667,460.569,3.6432291666666665,172.83333333333334,91.51001766655534,0.871944970890263,0.1949554014540169,19.833333333333332,26.93665408571256,49.333333333333336,17.672954855748763,5921.666666666667,6832.0893827096015,265.88733333333334,198.0618830929695,,,214.28571428571428,91.59323898941152,0.911568486285764,0.1206984274110029,35.357142857142854,28.464472425748372,53.285714285714285,14.772883782054684,9651.142857142857,6041.0827514216335,324.67157142857144,154.73915416366256,,,278.5,0.9893428063943162,3347.0,,6,2025-04-07,2025-04-07,0
2025-04-13,2025-04-14 02:19:09-05:00,2025-04-14 06:11:39-05:00,0.0,54.0,73.5,102.5,230.0,232.5,230.0,,232.5,0.989247311827957,0.989247311827957,0.2347826086956521,0.3195652173913043,0.4456521739130434,66.84900816326531,59.0,77.3086,67.0,3.17724767811649,77.95375,64.0158,91.8917,77.95375,13.93795,15.630434782608695,13.0,21.0,15.0,1.9123022279347173,,,,,,,,,,,13405,371.159,3.647619047619047,209.5,81.21422289229851,0.8751634625880174,0.1976817296933411,44.333333333333336,32.689192913458946,47.0,15.716233645501728,10139.666666666666,5884.080330292344,368.07033333333334,94.08103286706218,,,206.42857142857144,86.74696371796387,0.9174160867966156,0.1237289109698581,39.214285714285715,31.853645975064783,50.285714285714285,11.36829341801548,10375.0,6159.916124970115,344.34499999999997,149.8859133507883,,,120.0,0.6469002695417789,13667.0,,6,2025-04-14,2025-04-14,0
2025-04-14,2025-04-14 06:11:39-05:00,2025-04-14 09:45:09-05:00,0.0,87.5,0.0,125.5,213.0,213.5,213.0,,213.5,0.9976580796252928,0.9976580796252928,0.4107981220657277,0.0,0.5892018779342723,66.58908409090908,60.0,72.0,67.0,3.0707623638071007,45.917,34.0896,57.7444,45.917,11.8274,14.795454545454543,13.0,16.5,14.5,1.0516123001144797,,,,,,,,,,,13493,429.365,3.652903225806452,187.66666666666663,59.214300074671776,0.8779352203316764,0.2001263266504503,27.5,40.090522570802214,56.833333333333336,29.3527397926213,13521.666666666666,133.3316666559913,420.3643333333334,45.379467001423535,,,206.8571428571429,86.77495524137642,0.9207275327092777,0.1258034319758226,31.0,33.71201566207513,55.357142857142854,18.15377436814512,10169.857142857143,6004.939950534391,342.2105714285714,148.32342504794175,,,230.0,0.989247311827957,13405.0,,0,2025-04-15,2025-04-15,0
2025-04-15,2025-04-16 01:43:02-05:00,2025-04-16 06:18:02-05:00,0.0,35.5,57.5,165.0,258.0,275.0,258.0,,275.0,0.9381818181818182,0.9381818181818182,0.1375968992248062,0.2228682170542635,0.6395348837209303,67.42622631578948,62.0,72.0,67.0,3.1711016462281667,48.13485,35.8387,60.431,48.13485,12.296149999999995,15.333333333333334,14.0,20.0,15.0,1.2981468272831025,,,,,,,,,,,8383,42.917,3.127272727272727,233.66666666666663,22.722969289537826,0.975029069878356,0.0321865689679104,43.666666666666664,38.6533741519849,59.0,26.358110706194413,11760.333333333334,2925.187401404099,281.147,208.35578773818548,,,223.8571428571429,82.8325189190587,0.9266429076569106,0.1254624571869843,37.714285714285715,33.628927456949334,52.285714285714285,19.59136106990598,8936.142857142857,5195.88886937137,276.6625714285714,166.3560958524987,,,213.0,0.9976580796252928,13493.0,,1,2025-04-16,2025-04-16,0
2025-04-16,2025-04-16 06:18:02-05:00,2025-04-17 06:02:08-05:00,0.0,115.0,46.0,204.5,365.5,1424.1,365.5,,1424.1,0.2566533249069588,0.2566533249069588,0.3146374829001368,0.1258549931600547,0.5595075239398085,105.29770541586076,58.0,162.0,104.0,26.41119440410269,34.29264615384615,16.9141,67.3939,30.1,15.08255457864714,15.836363636363636,13.0,21.5,15.0,2.0406205505691055,72.0,72.0,72.0,72.0,0.0,,,,,,18976,594.71,3.710526315789474,278.8333333333333,78.35549331944304,0.7308310742380234,0.4117253452112565,34.5,30.426140077242813,79.33333333333333,40.37429049944202,13617.333333333334,5297.594391167869,355.66400000000004,283.18325650186296,72.0,,226.42857142857144,87.4606714336168,0.8282250638875451,0.2814160501485201,33.785714285714285,30.18119881490397,62.857142857142854,29.794734274300712,10288.857142857143,6450.420772543239,319.4018571428572,205.7739764162195,72.0,,258.0,0.9381818181818182,8383.0,,2,2025-04-17,2025-04-17,0
2025-04-17,2025-04-17 06:02:08-05:00,2025-04-17 10:21:08-05:00,0.0,86.0,8.5,140.0,234.5,259.0,234.5,,259.0,0.9054054054054054,0.9054054054054054,0.3667377398720682,0.0362473347547974,0.5970149253731343,67.01648867924528,59.0,73.0,67.692,2.8488122058189065,43.97865,42.381,45.5763,43.97865,1.5976500000000016,15.403846153846152,13.5,21.0,15.0,1.4278765216035822,,,,,,,,,,,11959,415.02,3.67013422818792,286.0,69.84447007458752,0.7000801828313943,0.3843684522111243,37.333333333333336,25.623882089436304,78.83333333333333,40.23162106270805,13106.0,5388.84208341643,350.8823333333333,281.4322457117045,72.0,,242.78571428571428,73.89342389711092,0.8176270022690754,0.276112486893578,35.0,28.731515797117265,66.42857142857143,31.008639349150965,11890.0,4890.818234201737,369.46042857142857,173.56098399108137,72.0,,365.5,0.2566533249069588,18976.0,72.0,3,2025-04-18,2025-04-18,1
2025-04-19,2025-04-20 02:54:55-05:00,2025-04-20 06:23:55-05:00,0.0,32.0,47.0,124.0,203.0,209.0,203.0,,209.0,0.971291866028708,0.971291866028708,0.1576354679802955,0.2315270935960591,0.6108374384236454,64.26196046511627,59.0,70.0,63.0,2.276074002673528,44.6481,44.6481,44.6481,44.6481,0.0,15.714285714285714,14.0,19.0,15.5,1.1909522857523618,,,,,,,,,,,13926,465.912,3.689086294416243,267.6666666666667,86.17762664017434,0.7111168654470242,0.3949532740508997,33.833333333333336,21.94500702513751,77.66666666666667,42.12283624512165,14953.666666666666,3619.6196393175433,491.8806666666667,92.6169679990302,72.0,,232.0,73.3195062722058,0.8150482965025597,0.2743199644621873,34.5,28.445854999747603,62.714285714285715,33.632644289510765,13401.285714285714,3127.7034553745852,397.0931428571429,170.92581561935833,72.0,,234.5,0.9054054054054054,11959.0,,5,2025-04-20,2025-04-20,0
2025-04-20,2025-04-20 06:23:55-05:00,2025-04-20 10:05:25-05:00,0.0,70.0,5.5,142.0,217.5,221.5,217.5,,221.5,0.981941309255079,0.981941309255079,0.3218390804597701,0.025287356321839,0.6528735632183909,65.5231347826087,59.0,72.0,66.0,3.1687942614500653,37.76735,33.332,42.2027,37.76735,4.43535,15.545454545454543,14.0,17.5,15.5,0.9523784927162257,,,,,,,,,,,13887,389.811,3.695744680851064,218.33333333333337,15.766525721708245,0.9528795268963977,0.0414571684846413,20.333333333333332,23.14267342666649,62.666666666666664,27.736858750286313,13257.333333333334,1124.5587282722315,423.581,38.76607525917435,,,245.92857142857144,55.62180969984474,0.8629113021758884,0.269274365955812,34.0,28.99425230397683,68.57142857142857,30.175084329388604,13432.714285714286,3131.9209608101733,386.9848571428571,168.62305583502774,72.0,,203.0,0.971291866028708,13926.0,,6,2025-04-21,2025-04-21,0
2025-04-25,2025-04-26 00:51:46-05:00,2025-04-26 06:02:46-05:00,0.0,62.0,67.5,172.0,301.5,311.0,301.5,,311.0,0.9694533762057878,0.9694533762057878,0.2056384742951907,0.2238805970149253,0.5704809286898839,69.54932222222222,63.0,84.0,69.0,3.1142649481768054,39.545,29.5726,49.5174,39.545,9.9724,15.85,13.5,20.0,15.5,1.198262631201246,,,,,,,,,,,18956,501.906,3.564137931034483,240.66666666666663,53.179726713601,0.9742288504965252,0.0067421455252718,40.0,31.58718094417419,54.666666666666664,20.033305601755657,15589.666666666666,2915.395399141129,452.54300000000006,57.23084725041211,,,256.14285714285717,58.689659996256744,0.8600835970870071,0.2678266105016218,33.142857142857146,27.69132578641771,69.71428571428571,29.678635894721104,14225.714285714286,3762.923230428102,405.663,173.7415273387454,72.0,,217.5,0.981941309255079,13887.0,,4,2025-04-26,2025-04-26,0
2025-04-26,2025-04-26 06:02:46-05:00,2025-04-27 06:22:13-05:00,0.0,114.5,57.5,229.0,401.0,1459.45,401.0,,1459.45,0.2747610401178526,0.2747610401178526,0.2855361596009975,0.1433915211970075,0.571072319201995,91.25747029388404,54.0,156.0,86.0,17.478607865932112,46.43545,25.1851,109.242,36.20885,24.44770391105267,16.071428571428573,13.0,20.0,16.0,1.529750324210382,72.0,72.0,72.0,72.0,0.0,,,,,,17192,806.76,3.7320185614849186,306.6666666666667,91.85904056397108,0.7420519085262399,0.4047339297505946,43.5,33.28663395418649,82.16666666666667,28.28574434822839,16678.333333333332,2573.243154723871,566.159,215.77292035146613,72.0,,283.0,76.0920495189874,0.7568125914430872,0.336503594077144,41.357142857142854,24.57423156769823,73.57142857142857,33.8383763541591,14754.142857142857,3900.104076755394,459.5765714285714,231.33201833717789,72.0,0.0,301.5,0.9694533762057878,18956.0,,5,2025-04-27,2025-04-27,1
2025-04-27,2025-04-27 06:22:13-05:00,2025-04-27 09:29:43-05:00,0.0,62.5,0.0,116.0,178.5,187.5,178.5,,187.5,0.952,0.952,0.3501400560224089,0.0,0.6498599439775911,66.5078923076923,62.0,73.0,67.0,2.3742931255087827,49.2582,38.5376,59.9788,49.2582,10.7206,16.05263157894737,12.5,24.0,15.5,2.438154699347467,,,,,,,,,,,21805,565.233,3.725,293.6666666666667,111.4566432893674,0.7320714721078803,0.3961385849553465,41.666666666666664,36.42915499065734,79.66666666666667,30.167587462926733,19317.666666666668,2327.669292088818,624.633,160.87342953079678,72.0,,271.64285714285717,85.7635870118717,0.7587866174171131,0.3377829834776926,33.142857142857146,27.69132578641771,77.42857142857143,30.108731529005233,16671.571428571428,3527.3283023247527,534.1931428571428,141.22775315122337,72.0,0.0,401.0,0.2747610401178526,17192.0,72.0,6,2025-04-28,2025-04-28,0
2025-05-05,2025-05-06 02:24:48-05:00,2025-05-06 04:44:48-05:00,0.0,0.0,0.0,0.0,133.5,140.0,133.5,,140.0,0.9535714285714286,0.9535714285714286,0.0,0.0,0.0,69.98600333333334,63.0,84.0,69.5,4.528546703044538,39.4391,26.0551,52.8231,39.4391,13.384,16.964285714285715,15.0,18.5,17.0,0.8957097288560322,,,,,,,,,,,8020,289.129,3.486475409836066,237.66666666666663,143.2291287878736,0.7267774895630938,0.3914585166703495,19.166666666666668,33.19764047840352,59.0,57.330184022031546,15672.333333333334,7017.02189916301,553.7073333333333,259.00790293798656,72.0,,238.5,88.23973028063965,0.8583463465120375,0.258522199294921,26.571428571428573,29.52883981724273,61.0,36.81824728763351,15106.42857142857,4601.518983159929,490.53871428571426,164.6844709029101,72.0,,178.5,0.952,21805.0,,0,2025-05-06,2025-05-06,0
2025-05-17,2025-05-18 02:40:53-05:00,2025-05-18 06:43:23-05:00,0.0,57.5,66.5,114.5,238.5,242.5,238.5,,242.5,0.9835051546391752,0.9835051546391752,0.2410901467505241,0.2788259958071278,0.480083857442348,69.21346923076922,58.0,89.123,69.0,5.908628969160875,118.67553333333336,72.6224,201.475,81.9292,58.67121890543002,16.4375,13.5,22.0,16.0,1.850182986445755,,,,,,,,,,,6047,356.627,3.3164596273291926,183.5,52.67826876426322,0.963025527736868,0.0177532725287999,22.166666666666668,38.39379290111014,40.0,34.73110997362453,11957.333333333334,8585.195765580029,403.663,143.9362486519636,,,239.07142857142856,88.22245961744898,0.869503453545433,0.2625456056053534,34.857142857142854,31.672430553130212,56.92857142857143,35.130030566725196,14261.857142857143,5689.430183201481,482.1968571428571,170.52273293750665,72.0,,133.5,0.9535714285714286,8020.0,,5,2025-05-18,2025-05-18,1
2025-05-18,2025-05-18 06:43:23-05:00,2025-05-18 08:42:53-05:00,0.0,45.0,0.0,69.0,114.0,119.5,114.0,,119.5,0.9539748953974896,0.9539748953974896,0.3947368421052631,0.0,0.6052631578947368,67.04284583333333,60.0,73.0,67.0,3.1704346607864315,95.5129,95.5129,95.5129,95.5129,0.0,16.916666666666668,15.5,21.5,16.5,1.6435902436096683,,,,,,,,,,,16036,529.535,3.8144702842377263,162.0,66.96454285664878,0.963683826202698,0.0171669593146179,22.166666666666668,38.39379290111014,34.166666666666664,30.242078852706776,10034.333333333334,5290.386028763239,391.76366666666667,123.99475883009418,,,226.3571428571429,99.92443573592442,0.8670296005981163,0.2615061739455865,28.142857142857142,33.59279968201801,58.785714285714285,33.91516025670665,14563.285714285714,5724.457229417371,491.2858571428572,171.20428754408053,72.0,,238.5,0.9835051546391752,6047.0,,6,2025-05-19,2025-05-19,0
2025-05-19,2025-05-19 12:38:04-05:00,2025-05-19 13:49:04-05:00,0.0,0.0,0.0,0.0,65.5,71.0,65.5,,71.0,0.9225352112676056,0.9225352112676056,0.0,0.0,0.0,76.5,70.0,84.0,77.0,4.484098890205574,,,,,,,,,,,,,,,,,,,,,20211,562.979,3.8854,139.33333333333334,89.23891154274173,0.9533384204347568,0.0304899544762947,22.166666666666668,38.39379290111014,34.166666666666664,30.24207885270678,14098.0,7278.159588797152,483.047,110.7525962855952,,,204.6428571428571,117.19311494484742,0.8585430151713342,0.25809716877365,27.357142857142858,34.26819989158349,48.785714285714285,39.85688683993555,15466.714285714286,6087.452880427808,516.0241428571428,166.545453796082,72.0,,114.0,0.9539748953974896,16036.0,,0,2025-05-20,2025-05-20,0
2025-05-20,2025-05-21 00:12:15-05:00,2025-05-21 05:18:45-05:00,0.0,78.0,36.5,179.5,294.0,306.5,294.0,,306.5,0.9592169657422512,0.9592169657422512,0.2653061224489796,0.1241496598639455,0.6105442176870748,68.22767301587301,58.0,83.0,68.0,4.350811870714617,28.5592,20.9328,36.1856,28.5592,7.6264,16.75,14.5,32.0,16.5,2.9488698400121582,,,,,,,,,,,2015,42.388,2.296078431372549,157.83333333333334,120.39137566010815,0.9452423574691156,0.0198388682095829,12.166666666666666,21.073284825421407,41.0,39.1535439009038,12754.0,9531.644506589611,378.3006666666667,291.3891127072754,,,203.57142857142856,116.19001268447768,0.8570806708194004,0.2573920673977027,22.928571428571427,29.946380654191135,51.07142857142857,41.17789513342136,13046.57142857143,7638.8956195064275,450.37871428571424,245.0819410242993,72.0,,65.5,0.9225352112676056,20211.0,,1,2025-05-21,2025-05-21,0
2025-05-23,2025-05-24 02:12:51-05:00,2025-05-24 06:06:21-05:00,0.0,55.5,48.5,127.0,231.0,233.5,231.0,,233.5,0.9892933618843684,0.9892933618843684,0.2402597402597402,0.2099567099567099,0.5497835497835498,67.01014583333334,59.0,76.9899,66.0,3.6800471843645304,42.6087,41.1033,44.1141,42.6087,1.5054000000000016,15.630434782608695,14.5,17.0,15.5,0.6949724940498164,,,,,,,,,,,4751,99.75,2.964516129032258,196.83333333333337,118.0194193060332,0.9570151796314084,0.0334334946573164,28.333333333333332,25.260311425897648,44.5,40.14660633229166,8992.333333333334,9811.487416968605,235.039,285.44891392506594,,,179.28571428571428,80.25628591313867,0.9591567167860456,0.0221790720144816,21.642857142857142,28.366227404130708,42.642857142857146,30.748596561082092,11269.285714285714,7954.423019391711,349.3772857142857,217.91236822685883,,,294.0,0.9592169657422512,2015.0,,4,2025-05-24,2025-05-24,0
2025-05-24,2025-05-24 06:06:21-05:00,2025-05-24 11:10:21-05:00,0.0,40.0,0.0,133.0,173.0,304.0,173.0,,304.0,0.569078947368421,0.569078947368421,0.2312138728323699,0.0,0.7687861271676301,69.41906984126983,59.0,106.0,67.0,9.858052629737667,74.06115,64.9528,83.1695,74.06115,9.108350000000002,16.23076923076923,13.5,24.0,15.75,2.149377231945826,,,,,,,,,,,5735,266.52,3.3644329896907217,232.66666666666663,60.517215181576915,0.839196424998347,0.2344114677060174,28.333333333333332,25.260311425897648,57.833333333333336,19.10715398308535,4167.0,1927.5352136861052,136.2193333333333,116.43151446808922,,,178.5,80.29217479514031,0.9044537092672486,0.149506957357623,21.642857142857142,28.366227404130708,39.42857142857143,29.476584734650764,8973.57142857143,6612.765277782642,306.704,196.8245312319242,,,231.0,0.9892933618843684,4751.0,,5,2025-05-25,2025-05-25,0
2025-05-25,2025-05-25 21:42:16-05:00,2025-05-26 06:17:46-05:00,0.0,121.5,62.0,294.5,478.0,515.5,478.0,,515.5,0.92725509214355,0.92725509214355,0.25418410041841,0.1297071129707113,0.6161087866108786,70.84728518518519,58.0,85.0,72.0,4.570621702521255,38.37656,18.9014,67.9023,40.0507,17.441556494372858,15.865384615384617,11.5,21.5,15.5,1.8452521836599391,73.0,73.0,73.0,73.0,0.0,,,,,,15094,498.289,3.9827751196172247,294.0,161.96604582442563,0.8285424671321131,0.2268329237439558,36.833333333333336,32.60495872307362,72.33333333333333,43.27913277011607,8526.666666666666,5708.718274125397,288.1863333333333,200.15095835477055,73.0,,227.71428571428572,135.03205086906144,0.9006942326346944,0.1483927215474629,30.5,30.108138434649177,56.785714285714285,37.16052693254982,9984.142857142857,6973.44430508989,336.584,209.19911064501852,73.0,,173.0,0.569078947368421,5735.0,,6,2025-05-26,2025-05-26,1
2025-05-26,2025-05-26 06:17:46-05:00,2025-05-26 10:34:46-05:00,0.0,80.5,0.0,102.5,183.0,257.0,183.0,,257.0,0.7120622568093385,0.7120622568093385,0.4398907103825136,0.0,0.5601092896174863,68.02199245283019,59.0,97.0,66.0,7.150841530312439,68.27375,56.5917,79.9558,68.27375,11.682049999999997,14.95,11.0,19.0,15.0,1.6725728683677732,,,,,,,,,,,3267,180.046,3.2218905472636816,278.0,173.27723451163442,0.73613209877377,0.1802971315374645,20.666666666666668,35.79571668975683,80.66666666666667,40.75025562292014,8032.0,6239.121652925188,314.95166666666665,164.5565906134821,73.0,,219.78571428571428,135.91966289652424,0.8619166758018606,0.1582829112447379,21.0,27.207535720825557,60.07142857142857,38.23548588618144,9587.0,7306.257706012483,311.35814285714287,216.8846175131135,73.0,,478.0,0.92725509214355,15094.0,73.0,0,2025-05-27,2025-05-27,1
2025-06-03,2025-06-03 22:41:08-05:00,2025-06-04 06:08:08-05:00,0.0,138.5,66.5,240.5,445.5,447.0,445.5,,447.0,0.9966442953020134,0.9966442953020134,0.3108866442199775,0.1492704826038159,0.5398428731762065,69.34233936170213,59.0,84.0,69.0,3.801720527861207,65.682075,24.7218,147.391,45.30775,48.48870831510027,16.15909090909091,11.5,24.0,15.75,2.308021405862033,84.0,84.0,84.0,84.0,0.0,,,,,,27909,640.523,3.525709779179811,368.8333333333333,161.7547011166392,0.8786538814183006,0.1483856206683498,42.833333333333336,37.16292955800625,113.5,29.81610303175117,15423.333333333334,12324.30064276806,439.6193333333333,235.77820981238563,78.5,7.7781745930520225,267.14285714285717,149.945744155932,0.8680123043596498,0.1631653551876728,30.5,30.108138434649177,73.42857142857143,47.34045888686596,11283.142857142857,9952.019802173692,327.2135714285714,238.4750943535874,78.5,7.7781745930520225,183.0,0.7120622568093385,3267.0,,1,2025-06-04,2025-06-04,1
2025-06-04,2025-06-04 06:08:08-05:00,2025-06-04 06:27:38-05:00,0.0,0.0,0.0,19.5,19.5,19.5,19.5,,19.5,1.0,1.0,0.0,0.0,1.0,67.0,63.0,72.0,66.5,3.24037034920393,,,,,,15.5,15.5,15.5,15.5,0.0,,,,,,,,,,,22374,621.664,3.446818181818182,216.0,214.9087015455632,0.9029021840371172,0.1652807416389844,22.166666666666668,38.39379290111014,73.0,69.55393590588531,17850.0,12928.9200245032,480.7443333333333,260.5830601215923,84.0,,260.57142857142856,160.86599717659126,0.8790787027499919,0.1699648723562882,30.5,30.108138434649177,73.42857142857143,47.34045888686596,11592.142857142857,10302.817582722568,335.5971428571429,248.94643046542407,78.5,7.7781745930520225,445.5,0.9966442953020134,27909.0,84.0,2,2025-06-05,2025-06-05,0
2025-06-09,2025-06-10 01:05:56-05:00,2025-06-10 05:12:56-05:00,0.0,44.0,38.5,161.0,243.5,247.0,243.5,,247.0,0.98582995951417,0.98582995951417,0.1806981519507187,0.1581108829568788,0.6611909650924025,75.29299423076924,64.0,84.0,73.0,5.162178124009785,47.18695,21.422,72.9519,47.18695,25.76495,16.5,14.0,18.5,16.5,1.095445115010332,,,,,,,,,,,10228,319.273,3.7590517241379313,236.16666666666663,213.09465815297503,0.9941580849387278,0.0074049607237462,35.0,33.38787204959312,60.833333333333336,70.7678128341786,20170.333333333332,9044.144532974537,527.1533333333333,180.2764272175746,84.0,,253.3571428571429,160.24817063066965,0.882880559003123,0.1723372942125725,30.785714285714285,30.183959789454857,68.57142857142857,48.52269964616952,12765.42857142857,9463.890370898276,375.1521428571429,214.16062564457596,78.5,7.7781745930520225,19.5,1.0,22374.0,,0,2025-06-10,2025-06-10,0
2025-06-12,2025-06-13 01:41:59-05:00,2025-06-13 05:13:59-05:00,0.0,27.0,50.5,123.5,201.0,212.0,201.0,,212.0,0.9481132075471698,0.9481132075471698,0.1343283582089552,0.2512437810945274,0.6144278606965174,72.25392727272728,66.0,80.0,72.0,3.3294659047772783,34.136250000000004,31.6733,36.5992,34.136250000000004,2.462950000000001,15.976190476190476,14.5,18.5,15.5,1.1283805343878843,,,,,,,,,,,2952,43.357,1.9102564102564104,154.66666666666666,118.97093482583588,0.9779810556871134,0.0268190935011864,29.666666666666668,26.383391240197597,23.666666666666668,22.188585654190184,11851.333333333334,9812.233656682523,328.098,289.2544848934928,,,249.07142857142856,161.3431716795572,0.8769976798120946,0.1687652283524164,31.071428571428573,30.38835930010668,64.5,50.937870653048165,12508.42857142857,9738.25187695655,367.096,226.92730404544392,78.5,7.7781745930520225,243.5,0.98582995951417,10228.0,,3,2025-06-13,2025-06-13,0
2025-06-27,2025-06-28 00:51:47-05:00,2025-06-28 05:13:17-05:00,0.0,52.0,31.0,168.5,251.5,261.5,251.5,,261.5,0.9617590822179732,0.9617590822179732,0.2067594433399602,0.1232604373757455,0.6699801192842942,67.92439999999999,54.0,80.0,68.0,3.854935305793321,32.6431,29.5279,35.7583,32.6431,3.1151999999999997,14.98076923076923,12.0,21.5,14.5,2.154961936263739,,,,,,,,,,,14477,444.902,3.322977346278317,232.0,27.143139096279057,0.9652340830931044,0.0190969910731113,40.0,9.836157786453072,41.0,12.767145334803738,9219.0,5828.376017382545,269.17733333333337,205.40637434201767,,,260.2857142857143,157.86514739455566,0.9330948419334592,0.1010218806056859,35.5,27.196813538844328,66.21428571428571,50.172084820526386,13757.285714285714,9274.334903633902,392.57914285714287,223.74409332943193,78.5,7.7781745930520225,201.0,0.9481132075471698,2952.0,,4,2025-06-28,2025-06-28,1
2025-06-28,2025-06-28 16:34:03-05:00,2025-06-29 06:07:20-05:00,0.0,101.5,47.5,216.0,506.5,813.2833333333333,506.5,,813.2833333333333,0.6227841875525135,0.6227841875525135,0.2003948667324777,0.0937808489634748,0.4264560710760118,85.87115196078432,63.0,129.0,77.0,18.81914446622464,36.95272857142857,15.8365,56.6735,37.7189,12.042167169778782,15.650943396226417,11.0,18.5,15.5,1.3196086671933698,68.0,68.0,68.0,68.0,0.0,,,,,,17824,583.824,3.7310077519379847,319.6666666666667,163.760750283251,0.8442188257725523,0.1918893606394375,43.0,10.50000000000006,60.166666666666664,37.915476171786814,11751.0,7801.756404810392,357.36100000000005,280.6665539977998,68.0,,264.35714285714283,164.6381674778853,0.8895989984204541,0.1550526270287095,33.42857142857143,25.330200307519224,63.357142857142854,46.96604649967381,14147.285714285714,9396.509878926434,404.7984285714286,232.63826021017923,76.0,11.31370849898476,251.5,0.9617590822179732,14477.0,,5,2025-06-29,2025-06-29,0
2025-06-29,2025-06-29 06:07:20-05:00,2025-06-29 10:31:50-05:00,0.0,100.5,0.0,148.0,248.5,264.5,248.5,,264.5,0.9395085066162572,0.9395085066162572,0.4044265593561368,0.0,0.5955734406438632,67.03408333333334,60.0,84.0,67.0,3.9263710432837393,46.14375,22.0255,70.262,46.14375,24.11825,15.788461538461538,13.5,23.0,15.25,2.0008319275658475,,,,,,,,,,,9899,303.627,3.536413043478261,335.5,148.09794056636963,0.8413505921289146,0.1896107247381934,26.166666666666668,24.116038922951994,84.66666666666667,28.294581342252325,14066.666666666666,3978.402485085348,444.1176666666667,140.1001466320908,68.0,,273.7142857142857,161.06620200579465,0.9220913198214424,0.1340580164377244,33.42857142857143,25.330200307519224,66.21428571428571,48.75692868955236,15094.714285714286,8397.91993520392,422.4528571428572,216.89613972085704,76.0,11.31370849898476,506.5,0.6227841875525135,17824.0,68.0,6,2025-06-30,2025-06-30,0
2025-06-30,2025-07-01 01:39:40-05:00,2025-07-01 05:14:10-05:00,0.0,23.0,61.5,125.0,209.5,214.5,209.5,,214.5,0.9766899766899768,0.9766899766899768,0.1097852028639618,0.2935560859188544,0.5966587112171837,69.72481777777777,59.0,75.0,71.0,3.031744344783774,42.4658,34.8503,50.0813,42.4658,7.615500000000001,17.84090909090909,14.5,34.5,17.25,3.938118966173513,,,,,,,,,,,10175,208.047,3.226229508196721,321.5,161.3970259949047,0.8463275569529158,0.1944848167116755,36.333333333333336,32.234815546755264,75.0,45.0360966337004,12632.666666666666,4497.944011805093,365.166,195.30072919218676,68.0,,240.0,142.77634024351983,0.9192407028768655,0.1324105331204128,32.714285714285715,24.29138589235756,49.714285714285715,38.72967977195388,12561.285714285714,6301.0608026026375,360.6705714285714,205.7342708162297,68.0,,248.5,0.9395085066162572,9899.0,,0,2025-07-01,2025-07-01,1
2025-07-01,2025-07-02 00:54:53-05:00,2025-07-02 06:00:23-05:00,0.0,72.5,61.0,169.5,303.0,305.5,303.0,,305.5,0.9918166939443536,0.9918166939443536,0.2392739273927392,0.2013201320132013,0.5594059405940595,67.1381171875,62.0,74.3278,67.0,2.835602440430135,44.81953333333333,30.9807,57.8094,45.6685,10.969209762583423,16.451612903225808,15.0,23.0,16.0,1.710285953782137,,,,,,,,,,,17449,501.003,3.529453681710214,253.66666666666663,46.963638416686614,0.9693383924168624,0.0269178557630646,40.833333333333336,35.36358767621485,65.33333333333333,39.24389549131601,12507.666666666666,4281.544736813256,337.559,149.39658614573435,,,280.5,105.02182312897332,0.9180716591546304,0.1316123977521529,41.42857142857143,21.364746217832323,60.07142857142857,32.39525244464657,11857.714285714286,5201.85068715248,343.4332857142857,184.1445508965845,68.0,,209.5,0.9766899766899768,10175.0,,1,2025-07-02,2025-07-02,0
2025-07-02,2025-07-02 06:00:23-05:00,2025-07-03 05:13:21-05:00,0.0,136.0,47.0,349.0,532.0,1392.9666666666667,532.0,,1392.9666666666667,0.3819186867357438,0.3819186867357438,0.2556390977443609,0.0883458646616541,0.6560150375939849,77.50897783251233,58.0,106.0,72.0,11.099180037142284,47.76087777777778,24.6859,108.196,37.0652,28.24061637389106,16.35,11.5,23.5,16.0,2.0540610182432912,76.0,76.0,76.0,76.0,0.0,,,,,,773,147.004,3.101075268817204,348.1666666666667,165.92643952466793,0.7834751191233581,0.3478403091759559,56.5,8.231038816577207,77.16666666666667,56.6443583539732,9465.666666666666,8360.59862290574,285.35133333333334,189.2373984294148,76.0,,321.7142857142857,139.14646274784752,0.8317986201862839,0.2361844269663658,42.642857142857146,21.412057128547698,73.21428571428571,42.02068651554963,10507.0,6705.711769330193,318.8234285714285,198.836835600497,72.0,5.656854249492381,303.0,0.9918166939443536,17449.0,,2,2025-07-03,2025-07-03,1
2025-07-03,2025-07-04 01:00:47-05:00,2025-07-04 06:15:17-05:00,0.0,99.0,55.0,151.5,305.5,314.5,305.5,,314.5,0.971383147853736,0.971383147853736,0.3240589198036006,0.1800327332242225,0.4959083469721768,68.56923692307691,58.0,84.0,69.0,4.087638731310976,31.42535,27.0607,35.79,31.42535,4.364649999999999,15.67741935483871,12.5,25.0,15.0,2.394713219737737,,,,,,,,,,,26617,825.251,3.595672333848532,380.1666666666667,131.49746512132194,0.7817061761779446,0.3463768323478525,54.333333333333336,7.023769168568553,102.5,31.894356867634137,14946.333333333334,13102.503170514146,491.086,339.2322337558742,76.0,,336.64285714285717,129.293823739353,0.8351228973729363,0.2382491352373603,43.285714285714285,21.75212085992448,83.5,37.37869268268576,13887.714285714286,8085.4694094671295,430.52257142857144,234.68658723842535,72.0,5.656854249492381,532.0,0.3819186867357438,773.0,76.0,3,2025-07-04,2025-07-04,1
2025-07-04,2025-07-04 06:15:17-05:00,2025-07-04 12:30:17-05:00,0.0,128.0,0.0,234.5,362.5,375.0,362.5,,375.0,0.9666666666666668,0.9666666666666668,0.353103448275862,0.0,0.646896551724138,65.6019435897436,59.0,73.0,66.0,2.718225602068556,46.11723333333333,24.334,68.1191,45.8986,17.875860742042295,15.13888888888889,13.5,17.5,15.0,0.9690424190284672,,,,,,,,,,,20418,557.609,3.494705882352941,400.0,117.81447279515343,0.7733228337520489,0.3389741376932282,34.0,29.71531591620728,121.0,19.467922333931828,15936.0,13492.380331135048,509.9546666666667,341.6254526031886,76.0,,352.5,123.8012520130553,0.8358239808656068,0.2386907001224074,38.857142857142854,27.154978496453587,94.35714285714286,37.740025487663935,14736.42857142857,8460.733377533797,446.6235714285714,239.651226553546,72.0,5.656854249492381,305.5,0.971383147853736,26617.0,,4,2025-07-05,2025-07-05,1
2025-07-10,2025-07-11 01:25:03-05:00,2025-07-11 06:01:03-05:00,0.0,57.5,83.5,133.5,274.5,276.0,274.5,,276.0,0.9945652173913044,0.9945652173913044,0.209471766848816,0.3041894353369763,0.4863387978142076,62.56431754385965,56.0,73.0,63.0,2.9569156444026716,31.51015,26.088,36.9323,31.51015,5.4221499999999985,15.482142857142858,13.0,22.5,15.5,1.8683555740330609,,,,,,,,,,,890,52.992,3.2896551724137932,314.1666666666667,44.635561308594305,0.977538343970569,0.0149330878441507,46.166666666666664,42.445062531857985,94.83333333333331,35.434211340642726,15975.0,13426.645858143422,478.61733333333336,392.1425165961138,,,319.35714285714283,105.387663053175,0.8889355565568626,0.2243161653713776,44.0,32.03513695928269,88.07142857142857,39.951458641945074,12317.285714285714,9753.023269979522,370.7904285714286,270.9438625335866,76.0,,362.5,0.9666666666666668,20418.0,,3,2025-07-11,2025-07-11,0
2025-07-11,2025-07-11 06:01:03-05:00,2025-07-11 08:23:03-05:00,0.0,48.0,0.0,91.0,139.0,142.0,139.0,,142.0,0.9788732394366196,0.9788732394366196,0.3453237410071942,0.0,0.6546762589928058,66.73304827586206,59.0,71.0,67.0,2.915576107336154,47.4632,47.4632,47.4632,47.4632,0.0,15.535714285714286,14.0,22.0,15.25,1.91296596297744,,,,,,,,,,,19621,463.487,3.3763819095477388,258.6666666666667,112.58811364141992,0.9800350411648636,0.0139855146696655,27.833333333333332,48.20874747733377,77.83333333333333,43.70450014967947,13643.0,11051.608887397342,358.02933333333334,268.32921713136864,,,303.7142857142857,124.11985375127588,0.8945590898169143,0.2262801533944507,44.0,32.03513695928269,80.57142857142857,42.09951362687041,13706.142857142857,10039.276574676947,393.62757142857146,271.0763860451251,76.0,,274.5,0.9945652173913044,890.0,,4,2025-07-12,2025-07-12,0
2025-07-15,2025-07-16 01:32:47-05:00,2025-07-16 06:07:47-05:00,0.0,50.0,57.0,166.0,273.0,275.0,273.0,,275.0,0.9927272727272728,0.9927272727272728,0.1831501831501831,0.2087912087912088,0.608058608058608,67.75837543859649,62.0,72.0,67.0,2.2462746503176976,60.065549999999995,27.4001,92.731,60.065549999999995,32.66544999999999,16.185185185185187,14.0,20.5,16.0,1.4916318937483164,,,,,,,,,,,26166,1064.905,3.968575418994414,228.83333333333337,77.801563823186,0.9887219098517324,0.008578562924871,46.833333333333336,42.66829423979044,51.833333333333336,5.008326400438706,15559.0,13118.457493165875,527.128,508.9495186686004,,,312.7857142857143,118.2690637004092,0.8968501321079568,0.2273290619180366,43.357142857142854,31.66848365714495,84.42857142857143,36.856058492723385,15990.57142857143,10885.550190614213,516.0358571428571,354.0671219709753,76.0,,139.0,0.9788732394366196,19621.0,,1,2025-07-16,2025-07-16,0
2025-07-16,2025-07-16 06:07:47-05:00,2025-07-16 09:34:47-05:00,0.0,54.5,0.0,113.5,168.0,207.0,168.0,,207.0,0.8115942028985508,0.8115942028985508,0.3244047619047619,0.0,0.6755952380952381,67.6893909090909,60.0,73.0,68.0,3.175071240705273,60.68925,36.2715,85.107,60.68925,24.41775,15.19047619047619,12.5,17.5,15.0,1.4431792819706415,,,,,,,,,,,18305,679.712,3.6134003350083743,193.33333333333337,70.50059101407084,0.927731571687481,0.1008161687504361,19.0,32.9089653438087,50.833333333333336,3.3291640592393863,21364.0,4210.387986872446,736.0346666666666,304.6392699018525,,,293.5,130.50478918415223,0.8711040619585564,0.2249744130105228,34.642857142857146,34.28886394262997,81.85714285714286,38.42168906329067,16112.857142857143,10909.44626502757,541.5657142857143,359.2080731441106,76.0,,273.0,0.9927272727272728,26166.0,,2,2025-07-17,2025-07-17,0
2025-07-18,2025-07-18 23:09:14-05:00,2025-07-19 04:59:14-05:00,0.0,69.5,68.0,192.5,330.0,350.0,330.0,,350.0,0.9428571428571428,0.9428571428571428,0.2106060606060606,0.206060606060606,0.5833333333333334,68.98058082191781,63.0,74.0,69.0,2.633145723673104,55.87336666666666,25.1032,78.445,64.0719,22.535140979121667,17.191176470588236,14.5,19.0,17.0,0.970253953129805,,,,,,,,,,,30453,804.332,3.661242603550296,257.0,82.17663901620674,0.9157262061609888,0.093564753197462,41.666666666666664,36.50114153466073,58.0,10.21028892833099,24974.666666666668,6161.000919764019,849.6496666666666,196.5545216888533,,,264.64285714285717,82.47207319537243,0.9512381271187562,0.0640010593003949,37.642857142857146,36.40365627895349,72.35714285714286,30.129877593669764,20352.85714285714,9648.673370444458,635.4697142857143,322.9613198943562,,,168.0,0.8115942028985508,18305.0,,4,2025-07-19,2025-07-19,0
2025-07-23,2025-07-24 01:52:54-05:00,2025-07-24 05:17:54-05:00,0.0,57.5,47.0,94.5,199.0,205.0,199.0,,205.0,0.9707317073170731,0.9707317073170731,0.2889447236180904,0.236180904522613,0.4748743718592965,71.8921953488372,63.0,93.0,72.0,5.968296127151677,83.1674,24.2318,142.103,83.1674,58.93560000000001,17.736842105263158,16.0,25.0,17.0,1.9355974261508728,,,,,,,,,,,15645,397.855,3.4329931972789116,232.33333333333337,85.99030953155876,0.9083943510242556,0.0849820530690232,38.333333333333336,34.81857741685227,60.5,7.937253933193678,21467.666666666668,7894.368963592538,627.2996666666667,208.24547389159164,,,249.42857142857144,83.49572273048315,0.9511450641849472,0.0639673493966569,36.5,35.889877867350464,66.42857142857143,28.02294977845326,18785.428571428572,9347.976552123342,574.4131428571428,321.4997580410849,,,330.0,0.9428571428571428,30453.0,,2,2025-07-24,2025-07-24,0
2025-07-24,2025-07-24 13:28:45-05:00,2025-07-25 06:13:38-05:00,0.0,138.0,101.0,259.5,498.5,1004.8833333333332,498.5,,1004.8833333333332,0.4960774882656361,0.4960774882656361,0.2768304914744233,0.2026078234704112,0.5205616850551655,75.58713526570048,59.0,116.0,73.0,10.172440403006432,47.724175,24.986,88.8098,39.49155,20.783699817389948,16.41509433962264,12.0,24.0,16.5,2.2291716226382183,68.0,68.0,68.0,68.0,0.0,,,,,,13328,460.625,3.341007194244604,342.5,150.14076728190767,0.803222112813284,0.2663599315350268,72.0,27.22131517763241,88.33333333333333,43.429060930825266,19808.666666666668,9290.774797256316,554.2706666666667,218.82189343466865,68.0,,268.85714285714283,121.40727404268742,0.8839180386990856,0.182464699121385,50.92857142857143,38.94272350883685,67.85714285714286,31.69873063404153,17772.571428571428,9524.049153890086,560.5582857142857,324.42108164529736,68.0,,199.0,0.9707317073170731,15645.0,,3,2025-07-25,2025-07-25,0
2025-07-25,2025-07-25 06:13:38-05:00,2025-07-26 06:05:49-05:00,0.0,66.5,35.0,167.0,268.5,1432.1833333333334,268.5,,1432.1833333333334,0.1874759981845899,0.1874759981845899,0.2476722532588454,0.1303538175046555,0.6219739292364991,84.2290192893401,59.0,137.0,85.0,12.73073326791172,49.71875,36.6717,71.3741,48.38465,10.84300503227772,16.612903225806452,10.0,20.0,17.0,2.09342163739775,72.0,72.0,72.0,72.0,0.0,,,,,,2335,202.027,3.226785714285714,322.0,156.75378783302162,0.5514283979224331,0.3945505910172143,61.0,35.15679166249391,87.33333333333333,44.10876708017731,10436.0,7110.680206562517,353.5023333333333,134.8836560941807,70.0,2.8284271247461903,268.0,121.38197285154556,0.7686195788124122,0.3107766540541405,44.0,36.41428291206624,69.14285714285714,31.389640389936343,17979.0,9103.51743375421,581.8489999999999,288.45632717796286,70.0,2.8284271247461903,498.5,0.4960774882656361,13328.0,68.0,4,2025-07-26,2025-07-26,1
2025-07-26,2025-07-26 06:05:49-05:00,2025-07-27 05:10:20-05:00,0.0,164.0,46.5,391.0,700.5,1384.5166666666669,700.5,,1384.5166666666669,0.5059527392230743,0.5059527392230743,0.2341184867951463,0.0663811563169164,0.5581727337615988,88.3930059945504,62.0,145.0,84.0,19.578224661954657,58.499325,24.647,173.888,46.01035,38.75949092964468,17.0,12.0,26.5,16.5,1.818118685772619,72.0,72.0,72.0,72.0,0.0,,,,,,2759,259.298,3.225,489.1666666666667,216.15118166073785,0.3965020752244334,0.1810892205719811,60.833333333333336,35.25738693285897,122.83333333333331,50.48844752350121,6140.666666666667,6228.022505846728,307.3166666666666,135.8218526686083,70.66666666666667,2.309401076758502,348.2142857142857,188.75752902044673,0.7010595073533343,0.3088498816187793,50.642857142857146,30.868962683298204,85.71428571428571,45.71729900783104,15570.142857142857,10689.389325067044,552.6791428571429,311.80007930586356,70.66666666666667,2.309401076758502,268.5,0.1874759981845899,2335.0,72.0,5,2025-07-27,2025-07-27,0
2025-07-27,2025-07-28 01:14:54-05:00,2025-07-28 05:13:24-05:00,0.0,51.0,72.0,114.5,237.5,238.5,237.5,,238.5,0.9958071278825996,0.9958071278825996,0.2147368421052631,0.3031578947368421,0.4821052631578947,64.86654285714286,59.0,71.0,64.0,2.6778811569246765,61.29815,61.0749,61.5214,61.29815,0.2232500000000001,15.333333333333334,12.5,17.0,15.5,1.151689580090438,,,,,,,,,,,19793,461.511,3.502702702702703,402.1666666666667,258.8287722285397,0.5630786217634213,0.4071821811569422,51.166666666666664,18.936296716447355,93.83333333333331,61.25833276651703,8295.666666666666,9959.23939532198,307.6119999999999,136.32192967750936,72.0,0.0,343.14285714285717,191.5710734700733,0.7014994866612382,0.3093364445692589,52.785714285714285,31.88763755080374,85.85714285714286,45.588480165602405,14659.714285714286,9877.047782853031,466.48,214.9573572719328,70.66666666666667,2.309401076758502,700.5,0.5059527392230743,2759.0,72.0,6,2025-07-28,2025-07-28,1
2025-07-29,2025-07-30 02:29:03-05:00,2025-07-30 06:29:33-05:00,0.0,53.0,37.5,147.5,238.0,240.5,238.0,,240.5,0.9896049896049895,0.9896049896049895,0.2226890756302521,0.157563025210084,0.6197478991596639,67.52674,60.0,73.0,67.0,2.6607076070098348,42.08495,35.0968,49.0731,42.08495,6.988149999999997,16.729166666666668,14.5,21.0,16.5,1.2908263395549724,,,,,,,,,,,1542,107.679,2.9422222222222225,392.0,267.16895403470807,0.8304549522368879,0.2810442693206005,52.0,17.895530168173323,89.33333333333333,64.67096205665517,8031.333333333333,10204.061658640314,276.16266666666655,177.51784077194353,72.0,,353.14285714285717,182.51797041335288,0.7269295990478721,0.3267239700429147,58.142857142857146,23.61975565375005,85.64285714285714,45.763626646164354,12265.0,10831.898587043735,384.761,228.6789232825508,70.66666666666667,2.309401076758502,237.5,0.9958071278825996,19793.0,,1,2025-07-30,2025-07-30,0
2025-07-30,2025-07-30 06:29:33-05:00,2025-07-30 08:36:33-05:00,0.0,48.0,10.0,68.0,126.0,127.0,126.0,,127.0,0.9921259842519684,0.9921259842519684,0.3809523809523809,0.0793650793650793,0.5396825396825397,68.65072962962962,61.0,79.0,68.0,3.940810377820392,65.6157,65.6157,65.6157,65.6157,0.0,16.307692307692307,15.0,17.5,16.5,0.8887861544839494,,,,,,,,,,,22326,681.351,3.749771689497717,200.5,64.51937693437485,0.9925127005798524,0.0031191011433071,39.833333333333336,31.06579040252051,50.666666666666664,2.5166114784230875,14553.666666666666,11339.383772204432,416.8469999999999,289.43228148912476,,,324.0,202.0684702437931,0.7339680049614188,0.3326281607763661,49.857142857142854,29.11859984859947,82.57142857142857,47.70781607122374,11104.0,8803.077984432497,367.1922857142858,193.01532138210732,70.66666666666667,2.309401076758502,238.0,0.9896049896049895,1542.0,,2,2025-07-31,2025-07-31,0
2025-07-31,2025-07-31 23:46:47-05:00,2025-08-01 06:01:17-05:00,0.0,94.0,73.0,200.5,367.5,374.5,367.5,,374.5,0.9813084112149532,0.9813084112149532,0.25578231292517,0.1986394557823129,0.545578231292517,66.1232948051948,57.0,84.0,66.0,3.965419813869995,70.2742,34.3239,111.594,64.9047,31.77305709968746,15.486486486486486,11.5,21.0,15.5,1.6785067627269448,,,,,,,,,,,17212,517.225,3.3945945945945946,243.83333333333337,120.8556301267478,0.9876797950239704,0.0056599251084902,40.166666666666664,31.584542632961067,65.0,25.23885892824789,13693.333333333334,10829.562564265152,435.4183333333333,295.45581552803003,,,348.07142857142856,194.59411359961297,0.735478962661116,0.3339044785836021,53.57142857142857,30.326595274649296,87.78571428571429,46.49001428878495,11327.857142857143,8956.387765696834,384.2451428571429,201.27241054553303,70.66666666666667,2.309401076758502,126.0,0.9921259842519684,22326.0,,3,2025-08-01,2025-08-01,0
2025-08-01,2025-08-01 06:01:17-05:00,2025-08-01 11:18:17-05:00,0.0,124.5,0.0,168.0,292.5,317.0,292.5,,317.0,0.9227129337539433,0.9227129337539433,0.4256410256410256,0.0,0.5743589743589743,69.80761363636363,63.0,84.0,69.0,4.5388459561103085,47.1475,46.5327,47.7623,47.1475,0.6148000000000025,16.46875,13.5,22.0,16.5,1.4786897705401223,,,,,,,,,,,2338,186.953,3.079310344827586,262.0,123.60521833644378,0.9653824430736218,0.0373466228833238,27.666666666666668,39.57692930652069,88.83333333333333,38.51082099012345,13958.666666666666,10383.552828070611,461.8429999999999,251.80889587939507,,,318.64285714285717,183.3022809200044,0.7964268834451599,0.3216349264726226,39.142857142857146,27.93252925311615,85.85714285714286,44.2876151665774,9757.857142857143,9494.418982198114,345.1491428571429,210.33874505380513,72.0,0.0,367.5,0.9813084112149532,17212.0,,4,2025-08-02,2025-08-02,1
2025-08-02,2025-08-02 13:16:29-05:00,2025-08-03 07:09:31-05:00,0.0,158.0,116.0,294.0,568.0,1073.0333333333333,568.0,,1073.0333333333333,0.5293404988972074,0.5293404988972074,0.278169014084507,0.204225352112676,0.5176056338028169,84.84915630252101,59.0,138.0,79.0,20.0067016579136,44.985011111111106,21.6484,69.4149,45.2665,15.065169624626384,17.21641791044776,12.0,26.5,16.5,2.578938634800618,68.0,68.0,68.0,68.0,0.0,,,,,,11374,385.061,3.593871866295265,409.3333333333333,142.4344878648892,0.8111206146220346,0.2457811683350525,63.0,58.642987645583005,125.5,32.01171660501825,10308.0,7494.080063623551,363.0796666666666,166.22960854593026,68.0,,361.42857142857144,203.4898499867231,0.8452646692612479,0.225282121812345,50.714285714285715,40.0706221801554,98.92857142857144,50.66592261358432,11049.142857142857,8913.520898585693,371.2968571428571,200.7392229788263,70.0,2.828427124746185,292.5,0.9227129337539433,2338.0,,5,2025-08-03,2025-08-03,1
2025-08-03,2025-08-03 07:09:31-05:00,2025-08-03 16:34:10-05:00,0.0,49.0,0.0,181.0,338.5,564.65,338.5,,564.65,0.5994864075090764,0.5994864075090764,0.1447562776957164,0.0,0.534711964549483,79.9606625,64.0,142.0,75.1394,13.002563635978756,68.62066,50.5373,101.601,65.2242,17.70573504066973,15.11842105263158,8.0,19.0,16.5,2.7825447708279647,,,,,,,,,,,1709,152.265,2.9848214285714287,399.6666666666667,147.5841567829463,0.6838466133867422,0.2098164707025416,38.666666666666664,66.9726312259966,110.5,55.83233829959122,5140.333333333333,5407.666810495396,241.42633333333325,125.59459557374684,68.0,,309.7142857142857,138.61483119988077,0.858626621873534,0.2035259123920224,44.07142857142857,44.49571943028955,82.5,44.29352849645946,10899.142857142857,9083.496287747572,356.00642857142856,214.3097617366487,68.0,,568.0,0.5293404988972074,11374.0,68.0,6,2025-08-04,2025-08-04,1
2025-08-05,2025-08-06 00:08:10-05:00,2025-08-06 06:39:10-05:00,0.0,73.0,55.0,253.5,381.5,391.0,381.5,,391.0,0.975703324808184,0.975703324808184,0.1913499344692005,0.1441677588466579,0.6644823066841415,65.97687804878049,58.0,74.0,66.0,3.2400705072885487,59.3757,40.5121,71.0546,66.5604,13.464174987226906,15.63157894736842,13.0,21.5,15.5,1.4404139140425276,,,,,,,,,,,3771,193.312,3.3084745762711867,429.3333333333333,121.99829233777524,0.7015100770714892,0.2400345078359426,57.0,58.02585630561604,93.33333333333331,57.2741943054054,5618.0,5090.345076711411,243.5459999999999,124.2621642777869,68.0,,330.2857142857143,136.78476314477226,0.8557546500057603,0.2013982405063457,41.642857142857146,43.1612425347424,85.64285714285714,42.42710836021616,8610.285714285714,8466.572362616918,317.69228571428573,216.26931187350232,68.0,,338.5,0.5994864075090764,1709.0,,1,2025-08-06,2025-08-06,1
2025-08-06,2025-08-06 06:39:10-05:00,2025-08-06 11:10:10-05:00,0.0,54.0,3.0,85.0,142.0,271.0,142.0,,271.0,0.5239852398523985,0.5239852398523985,0.380281690140845,0.0211267605633802,0.5985915492957746,72.73314464285714,62.0,105.0,69.5,9.069067902017268,50.81915,45.7213,55.917,50.81915,5.097850000000001,16.17391304347826,13.5,21.0,16.0,1.9088392537839296,,,,,,,,,,,1929,262.857,3.14620253164557,287.3333333333333,127.68548599325324,0.6997249907232197,0.2419672234882532,19.333333333333332,30.92463958291731,58.666666666666664,12.66227994214828,2469.6666666666665,1132.343293058034,202.81133333333324,55.90461176265314,,,316.57142857142856,151.59084970500604,0.7892375428982473,0.2252964184547867,36.714285714285715,45.61328127389464,85.78571428571429,42.30037149448488,8665.57142857143,8413.823998974209,339.8605714285714,198.36657551601903,68.0,,381.5,0.975703324808184,3771.0,,2,2025-08-07,2025-08-07,0
2025-08-07,2025-08-08 00:07:22-05:00,2025-08-08 06:04:22-05:00,0.0,79.0,43.0,230.5,352.5,357.0,352.5,,357.0,0.9873949579831932,0.9873949579831932,0.2241134751773049,0.1219858156028368,0.6539007092198581,68.73811756756756,63.0,84.0,69.0,3.3217692813431765,51.851266666666675,42.343,70.7463,42.4645,13.360898274775126,16.416666666666668,14.0,18.0,16.5,0.9753916592266354,,,,,,,,,,,18441,536.242,3.2905494505494506,292.0,130.7105581045385,0.8290278408812587,0.2642393136976664,33.666666666666664,27.227437142216218,68.66666666666667,13.05118130030118,8047.0,9048.46218978673,330.8036666666666,181.28102040294553,,,348.92857142857144,126.17660525741584,0.788561682002708,0.2245923347660083,41.42857142857143,44.07137068762116,90.21428571428572,39.193810249894845,8110.571428571428,7433.596322488487,319.1307142857143,160.74703394538332,68.0,,142.0,0.5239852398523985,1929.0,,3,2025-08-08,2025-08-08,1
2025-08-08,2025-08-08 06:04:22-05:00,2025-08-09 05:30:31-05:00,0.0,138.5,45.0,261.0,444.5,1406.15,444.5,,1406.15,0.3161113679194964,0.3161113679194964,0.311586051743532,0.1012373453318335,0.5871766029246345,100.00980299785869,59.0,143.0,103.0,21.913286157405757,29.17729,15.0291,42.6562,28.0656,8.356456189611718,16.270833333333332,14.0,23.0,16.25,1.4753471813629344,72.0,72.0,72.0,72.0,0.0,,,,,,19898,506.954,3.640827338129496,313.0,155.07014541812984,0.6091638552516961,0.3436523853594022,30.333333333333332,23.692474191889193,90.5,43.40794858087628,13422.666666666666,9980.430468338189,435.3509999999999,150.10023905044247,72.0,,359.92857142857144,131.31718235231978,0.6935335329605,0.2663005366424907,37.42857142857143,41.947813383048306,96.57142857142856,43.30360702011302,8494.285714285714,8027.317312657779,317.6634285714286,158.67095074698614,70.0,2.828427124746185,352.5,0.9873949579831932,18441.0,,4,2025-08-09,2025-08-09,0
2025-08-09,2025-08-09 23:53:19-05:00,2025-08-10 05:26:19-05:00,0.0,85.0,85.5,162.5,333.0,333.0,333.0,,333.0,1.0,1.0,0.2552552552552553,0.2567567567567567,0.487987987987988,66.39258571428572,60.0,73.8442,67.0,2.429719076135917,48.73953333333333,31.5643,61.5616,53.0927,12.627273309344694,16.421875,13.5,22.0,16.5,1.6013147674255053,,,,,,,,,,,10546,477.734,3.424398625429553,376.6666666666667,59.548999431839896,0.7678354419675633,0.3912552888805449,57.833333333333336,23.980895173728044,100.83333333333331,32.75795068885312,16295.0,5031.795206484446,506.97666666666663,29.25400658599456,72.0,,365.7142857142857,128.7176681549123,0.7045745424242222,0.2786996667078071,49.642857142857146,41.680045471138705,90.92857142857144,41.59770483595276,9666.857142857143,7564.303788817838,359.2035714285715,156.7998251942663,70.0,2.828427124746185,444.5,0.3161113679194964,19898.0,72.0,5,2025-08-10,2025-08-10,0
2025-08-10,2025-08-11 01:48:44-05:00,2025-08-11 06:06:44-05:00,0.0,92.0,50.5,114.0,256.5,258.0,256.5,,258.0,0.994186046511628,0.994186046511628,0.3586744639376218,0.1968810916179337,0.4444444444444444,69.87675185185185,62.0,85.0,70.0,3.6811138661864153,34.8123,27.6318,41.9928,34.8123,7.180500000000002,16.98076923076923,14.0,20.5,17.0,1.3831455874116545,,,,,,,,,,,12829,309.904,3.589328063241106,344.6666666666667,94.5414371232703,0.7700991381437081,0.3931756886541367,60.333333333333336,21.96777943564922,105.16666666666669,29.07891561481158,14424.333333333334,4875.837603256822,431.53066666666655,106.34019293443708,72.0,,321.2142857142857,97.08752801074974,0.7709810492262824,0.2852893588410525,40.285714285714285,30.02201573131671,81.5,29.615592739861427,9874.714285714286,7638.657489251324,348.4668571428571,157.30650176267227,72.0,,333.0,1.0,10546.0,,6,2025-08-11,2025-08-11,1
2025-08-11,2025-08-11 06:06:44-05:00,2025-08-12 05:25:54-05:00,0.0,201.5,42.0,273.5,517.0,1399.1666666666667,517.0,,1399.1666666666667,0.3695056581298391,0.3695056581298391,0.3897485493230174,0.081237911025145,0.5290135396518375,106.24897325800376,58.0,154.0,112.0,23.543240092690557,36.04150833333333,16.8902,88.3923,28.3268,19.328949387617975,17.359649122807017,14.0,22.5,17.0,1.632333347569347,74.0,74.0,74.0,74.0,0.0,,,,,,17210,572.954,3.439033457249071,368.8333333333333,133.89579281416303,0.787897234880489,0.3623493951087985,59.333333333333336,23.05609102457164,126.16666666666669,65.33439624985704,13528.333333333334,3386.594799106214,453.53066666666655,133.1847462487102,74.0,,346.7142857142857,122.49995140912554,0.7381266564578199,0.3195195114690889,46.285714285714285,24.275943412593225,103.28571428571428,50.47099591420235,12089.142857142857,7105.117860354178,408.5652857142857,150.04919955658366,73.0,1.414213562373085,256.5,0.994186046511628,12829.0,,0,2025-08-12,2025-08-12,1
2025-08-12,2025-08-13 02:39:10-05:00,2025-08-13 06:06:40-05:00,0.0,47.5,38.5,120.5,206.5,207.5,206.5,,207.5,0.9951807228915662,0.9951807228915662,0.2300242130750605,0.1864406779661017,0.5835351089588378,69.08743023255815,63.0,84.0,69.71,3.8482308115357937,38.7835,33.3964,44.1706,38.7835,5.3871,15.954545454545457,14.5,19.0,16.0,0.9989664079925412,,,,,,,,,,,13541,475.654,3.358132530120482,326.6666666666667,166.71857524983014,0.7862908091776778,0.3609468713616343,43.666666666666664,6.171169527191283,113.66666666666669,79.25328594659867,14526.666666666666,2350.9454126655573,452.8373333333332,133.00103696337607,74.0,,321.7142857142857,131.72726152384496,0.7409091418983031,0.3220083418706602,43.92857142857143,24.08912024723431,99.64285714285714,53.829758100356145,13484.857142857143,6085.179521552668,448.8998571428571,116.80992304655828,73.0,1.414213562373085,517.0,0.3695056581298391,17210.0,74.0,1,2025-08-13,2025-08-13,1
2025-08-13,2025-08-13 06:06:40-05:00,2025-08-13 13:47:10-05:00,0.0,134.5,0.0,288.5,423.0,460.5,423.0,,460.5,0.9185667752442996,0.9185667752442996,0.317966903073286,0.0,0.682033096926714,70.19617628865979,60.0,86.9053,69.0,6.175898369890082,55.49799999999999,42.2763,83.494,48.11085,16.3612407672829,16.193181818181817,13.5,23.0,16.0,1.5455798745973404,,,,,,,,,,,1734,229.139,3.1150602409638557,382.1666666666667,159.22651579851038,0.7610843854219017,0.3412738621609892,26.833333333333332,23.30414841467793,127.83333333333331,77.21614684334703,10828.333333333334,8086.752397182279,425.9156666666666,177.22193687106932,74.0,,361.8571428571428,108.62309234447444,0.7972779326685746,0.3120898387758222,43.5,24.949949899749292,111.14285714285714,50.97688551827053,13457.0,6147.0295807541725,444.083,126.0871547660586,73.0,1.414213562373085,206.5,0.9951807228915662,13541.0,,2,2025-08-14,2025-08-14,1
2025-08-14,2025-08-15 01:21:30-05:00,2025-08-15 05:43:30-05:00,0.0,50.0,37.0,166.5,253.5,262.0,253.5,,262.0,0.9675572519083968,0.9675572519083968,0.1972386587771203,0.145956607495069,0.6568047337278107,68.88091785714286,63.0,84.0,68.7222,3.488050481803509,46.854600000000005,38.5204,51.3203,50.7231,5.898210417293255,16.21153846153846,14.5,18.5,16.25,0.8789534524635723,,,,,,,,,,,8213,165.926,3.5360576923076925,294.3333333333333,113.87968797521916,0.9604349166814208,0.0388003864392934,25.166666666666668,21.807873196011936,77.33333333333333,49.52356341513939,7829.333333333333,5912.842999212259,290.2396666666666,163.65459693003763,,,347.7142857142857,116.22351208729148,0.7944439746578895,0.310159837509352,42.642857142857146,25.072751287859433,107.0,55.04089388809017,11995.857142857143,5978.162299251385,391.18071428571426,155.28216044426404,73.0,1.414213562373085,423.0,0.9185667752442996,1734.0,,3,2025-08-15,2025-08-15,1
2025-08-15,2025-08-16 01:27:30-05:00,2025-08-16 06:24:00-05:00,0.0,92.0,47.5,156.0,295.5,296.5,295.5,,296.5,0.9966273187183812,0.9966273187183812,0.311336717428088,0.1607445008460236,0.5279187817258884,69.59926885245902,59.0,84.0,70.0,3.689150066696068,44.6711,34.4964,54.8458,44.6711,10.174699999999998,16.603448275862068,15.0,19.0,16.5,0.8547969142234855,,,,,,,,,,,33400,783.05,3.596353436185133,324.0,88.27088987882665,0.9609171152903592,0.0394516244608103,28.166666666666668,24.951619853895973,92.16666666666669,42.25024654760411,14449.0,16728.70769067354,392.7049999999999,339.5230258922065,,,326.42857142857144,108.9607836836373,0.8916605390577301,0.2320608210553658,43.0,25.12966374625812,100.35714285714286,53.38672922312115,13924.714285714286,9866.446400372766,430.623,213.67558049451205,74.0,,253.5,0.9675572519083968,8213.0,,4,2025-08-16,2025-08-16,1
2025-08-16,2025-08-16 06:24:00-05:00,2025-08-16 10:30:30-05:00,0.0,130.5,7.0,102.0,239.5,246.5,239.5,,246.5,0.9716024340770792,0.9716024340770792,0.5448851774530271,0.0292275574112734,0.4258872651356993,71.96884038461539,63.0,85.0,72.0,4.699149614650409,51.04774999999999,33.5516,68.5439,51.04774999999999,17.496149999999997,15.78,14.0,18.0,16.0,1.0590561835898982,,,,,,,,,,,9517,444.937,3.426615969581749,262.8333333333333,29.143323992524856,0.9785956682346192,0.0157463071566258,30.5,21.017849556983755,90.83333333333331,40.26267916238725,17043.333333333332,14180.286045539886,464.6376666666666,309.03332351759957,,,313.07142857142856,113.65093802642252,0.8876037439258843,0.2300910735224112,31.785714285714285,19.993451308818457,106.85714285714286,53.971994501557866,13777.714285714286,9932.619320774793,425.93771428571426,212.82829666087983,74.0,,295.5,0.9966273187183812,33400.0,,5,2025-08-17,2025-08-17,1
2025-08-17,2025-08-18 00:16:14-05:00,2025-08-18 06:33:44-05:00,0.0,120.0,63.0,188.5,371.5,377.5,371.5,,377.5,0.9841059602649008,0.9841059602649008,0.323014804845222,0.1695827725437416,0.5074024226110363,67.26623164556962,59.0,73.0,67.0,3.292833313580247,48.63736666666667,31.9362,75.9813,37.9946,19.49263228749662,16.22222222222222,13.5,17.5,16.0,0.8452846697057188,,,,,,,,,,,17166,444.384,3.584468664850136,302.1666666666667,66.25204399362539,0.9841119043534536,0.0125124433795602,39.166666666666664,28.91510562549158,114.16666666666669,19.90184246077063,20027.666666666668,12195.953194946802,557.457,195.3694645767351,,,329.5,112.41552383901444,0.8861637316049232,0.2293431881750017,33.57142857142857,22.361478356444,110.85714285714286,53.7243848155521,14397.285714285714,9998.624067245222,445.14914285714286,206.58662140002247,74.0,,239.5,0.9716024340770792,9517.0,,6,2025-08-18,2025-08-18,1
2025-08-18,2025-08-18 06:33:44-05:00,2025-08-18 12:56:14-05:00,0.0,81.0,0.0,215.5,296.5,382.5,296.5,,382.5,0.7751633986928105,0.7751633986928105,0.2731871838111298,0.0,0.7268128161888702,70.39672597402597,57.0,99.0,68.0,7.193624330846817,65.95933333333333,43.8919,87.0146,66.9715,17.619310899187354,16.34375,14.0,20.5,16.5,1.3195495206698382,,,,,,,,,,,11189,298.225,3.3826714801444044,302.5,66.2042294721413,0.9102905976782636,0.1171904623722548,23.333333333333332,34.53018003621377,110.5,26.081602711489943,12624.0,4021.345421621969,395.8486666666666,84.54502748437208,,,298.0,76.16921950499435,0.9441148373996334,0.0790221299736678,27.571428571428573,25.1800658117828,93.64285714285714,36.32918281230013,13537.142857142857,9975.28374581515,405.9021428571429,204.3438792945434,,,371.5,0.9841059602649008,17166.0,,0,2025-08-19,2025-08-19,0
2025-08-19,2025-08-19 23:49:50-05:00,2025-08-20 06:11:20-05:00,0.0,95.5,36.5,246.0,378.0,381.5,378.0,,381.5,0.9908256880733946,0.9908256880733946,0.2526455026455027,0.0965608465608465,0.6507936507936508,67.99118375,60.0,84.0,68.0,3.259226359446508,33.781000000000006,29.7468,36.7286,34.8676,2.95205097968627,16.763157894736842,14.5,22.5,16.5,1.2862473062999935,,,,,,,,,,,20947,580.147,3.5524945770065077,348.6666666666667,45.29440730745104,0.9166983490103688,0.1226189027291475,33.166666666666664,31.631998566852133,98.83333333333331,19.7125171739515,16434.0,4920.011077223288,440.91866666666664,140.9929428103879,,,322.5,69.08509245850382,0.943492689568466,0.0785689204749307,27.285714285714285,25.046385539063863,100.5,30.17725412735007,14595.142857142857,10361.049937604004,420.82971428571426,213.8826188884255,,,296.5,0.7751633986928105,11189.0,,1,2025-08-20,2025-08-20,1
2025-08-20,2025-08-20 06:11:20-05:00,2025-08-20 09:03:20-05:00,0.0,51.5,0.0,71.0,122.5,172.0,122.5,,172.0,0.7122093023255814,0.7122093023255814,0.4204081632653061,0.0,0.5795918367346938,70.9191111111111,63.0,85.0,68.5,6.4063035874301955,38.71365,29.7521,47.6752,38.71365,8.961549999999999,15.794117647058824,12.5,18.5,16.0,1.3510216562183357,,,,,,,,,,,1931,18.411,1.6206896551724137,265.6666666666667,130.51085523179012,0.8260661296972621,0.1461166952116594,12.166666666666666,21.073284825421435,76.0,22.42208732477865,11355.666666666666,9509.095505532236,298.92766666666665,280.8686592151803,,,279.57142857142856,87.21258919608864,0.9140130505800776,0.1181988520763652,27.285714285714285,25.046385539063863,88.64285714285714,30.889202921779255,14623.285714285714,10320.482138516045,390.7257142857143,256.03592974666304,,,378.0,0.9908256880733946,20947.0,,2,2025-08-21,2025-08-21,1
2025-08-21,2025-08-22 01:13:34-05:00,2025-08-22 06:22:34-05:00,0.0,87.5,58.5,157.5,303.5,309.0,303.5,,309.0,0.982200647249191,0.982200647249191,0.2883031301482702,0.1927512355848435,0.5189456342668863,65.75006944444445,60.0,72.0,65.2758,2.9467230711343144,47.41065,44.9045,49.9168,47.41065,2.5061500000000017,16.15,14.5,19.0,16.0,1.042033268822706,,,,,,0.9925,0.96,1.0,1.0,0.0129903810567665,14194,465.36,3.722077922077922,268.0,131.39729829794803,0.8950785458827223,0.158428116228387,31.666666666666668,29.547983574743903,78.16666666666667,23.437861108329248,12357.333333333334,9640.12823220383,354.6393333333333,296.78465752854066,,,286.7142857142857,86.76782100470639,0.9161049642001912,0.1194276251672163,30.357142857142858,27.622023649185977,94.0,25.92296279363143,15477.714285714286,9941.9674061406,433.502,236.4857552623414,,,122.5,0.7122093023255814,1931.0,,3,2025-08-22,2025-08-22,0
2025-08-22,2025-08-22 06:22:34-05:00,2025-08-23 06:43:21-05:00,0.0,109.0,61.5,404.5,575.0,1460.7833333333333,575.0,,1460.7833333333333,0.3936244252512921,0.3936244252512921,0.1895652173913043,0.1069565217391304,0.7034782608695652,86.17487768924303,57.0,152.0,71.0,24.247631403286004,36.29167,16.0589,60.0608,33.105149999999995,14.228342420819793,16.540983606557376,14.0,24.5,16.5,1.8648937076184424,78.0,78.0,78.0,78.0,0.0,0.9826666666666668,0.96,1.0,0.98,0.0123648246606609,6441,185.934,3.1491891891891894,333.6666666666667,227.75333879733415,0.6960114582753548,0.2946222494809857,40.0,34.67347689517163,82.66666666666667,29.05311228308135,7522.0,6202.556972733114,223.235,225.79720016200292,78.0,,326.64285714285717,139.66827195349777,0.8299616937048928,0.2236571664252692,32.357142857142854,29.5123057465219,96.42857142857144,26.49438395117691,11626.42857142857,6450.883191655313,348.19971428571426,193.099208239111,78.0,,303.5,0.982200647249191,14194.0,,4,2025-08-23,2025-08-23,1
2025-08-23,2025-08-23 06:43:21-05:00,2025-08-24 06:06:24-05:00,0.0,128.0,79.0,255.5,462.5,1403.05,462.5,,1403.05,0.3296390007483696,0.3296390007483696,0.2767567567567567,0.1708108108108108,0.5524324324324325,93.16969775,58.0,138.0,91.0,23.12788486941834,48.707418181818184,16.683,131.864,38.0454,30.21256640601475,16.361702127659573,12.5,26.0,16.0,2.464000655523656,74.0,74.0,74.0,74.0,0.0,0.9852941176470588,0.96,1.0,0.98,0.0119398724295202,13946,407.976,3.407874015748032,447.0,136.41205958418757,0.5684880244162842,0.3597111818607624,66.33333333333333,11.071735786828167,108.16666666666669,20.262856001396557,11527.0,4406.350303822885,353.09,147.57735976768197,76.0,2.8284271247461903,358.5,141.89344593743584,0.7382526318007915,0.2803337303010642,42.642857142857146,31.66979934379424,96.07142857142856,25.97022104165424,12259.142857142857,6426.660548801679,342.91957142857143,190.50099206290895,76.0,2.8284271247461903,575.0,0.3936244252512921,6441.0,78.0,5,2025-08-24,2025-08-24,0
2025-08-24,2025-08-24 06:06:24-05:00,2025-08-24 07:26:54-05:00,0.0,30.0,0.0,49.5,79.5,80.5,79.5,,80.5,0.9875776397515528,0.9875776397515528,0.3773584905660377,0.0,0.6226415094339622,64.85543333333334,59.0,74.0,64.0,4.536109771476975,54.7577,54.7577,54.7577,54.7577,0.0,16.25,15.0,20.0,16.0,1.4577379737113252,,,,,,0.96,0.96,0.96,0.96,0.0,18276,369.664,3.267085427135678,372.3333333333333,259.7644766578627,0.5702803552504049,0.3628033921785025,46.833333333333336,41.49196709404525,89.0,51.97114584074512,12887.666666666666,5988.059646774847,321.1913333333333,118.6922996716009,76.0,2.8284271247461903,316.7857142857143,176.20723054187678,0.7387485860131703,0.2808437824205713,33.642857142857146,33.80053535783405,83.21428571428571,33.37271483170187,12417.714285714286,6579.780941497622,332.2452857142857,185.9060781808157,76.0,2.8284271247461903,462.5,0.3296390007483696,13946.0,74.0,6,2025-08-25,2025-08-25,0
2025-08-27,2025-08-28 00:54:48-05:00,2025-08-28 06:05:48-05:00,0.0,71.5,42.5,196.5,310.5,311.0,310.5,,311.0,0.9983922829581994,0.9983922829581994,0.2302737520128824,0.1368760064412238,0.6328502415458938,67.59142837837838,62.0,75.0,67.0,3.1415432536358527,38.75783333333334,31.6094,47.7828,36.8813,6.734772943627886,16.93548387096774,14.0,22.0,16.5,1.7858852304085688,,,,,,0.991111111111111,0.97,1.0,0.99,0.009938079899999,26584,604.642,3.5959574468085105,284.1666666666667,192.85313928825036,0.7718696411527072,0.3830211399012389,40.5,39.537956446938445,76.5,49.190954453029256,19602.0,6422.497022186911,460.7606666666666,126.06875464338243,74.0,,318.7857142857143,176.0179576877639,0.7706384266225116,0.2978280986262387,39.714285714285715,30.395801715117855,81.85714285714286,33.6696132609636,14617.0,8417.01661318705,376.01914285714287,210.94863338297063,76.0,2.8284271247461903,79.5,0.9875776397515528,18276.0,,2,2025-08-28,2025-08-28,1
2025-08-28,2025-08-28 06:05:48-05:00,2025-08-28 10:56:48-05:00,0.0,40.0,0.0,169.5,209.5,291.0,209.5,,291.0,0.7199312714776632,0.7199312714776632,0.1909307875894988,0.0,0.8090692124105012,71.84090307692307,59.0,110.0,68.0,9.647680446200036,71.33345,63.1875,79.4794,71.33345,8.14595,15.807692307692308,10.0,19.0,16.0,1.544698894463323,,,,,,0.9925,0.98,1.0,0.995,0.0082915619758885,1072,38.45,2.1999999999999997,199.83333333333337,115.80299362854704,0.9019670647291383,0.1577403298000928,14.166666666666666,24.537386440559175,47.166666666666664,21.658331730152543,15310.666666666666,13011.934419344929,337.5853333333333,284.45584166498173,,,294.7142857142857,178.0800047597655,0.7319392242516928,0.2816069499664988,34.5,33.960761671866734,73.92857142857143,36.34949400315928,11777.714285714286,9238.004234578772,298.6338571428572,222.62124883190367,76.0,2.8284271247461903,310.5,0.9983922829581994,26584.0,,3,2025-08-29,2025-08-29,0
2025-08-30,2025-08-31 01:00:02-05:00,2025-08-31 05:12:32-05:00,0.0,40.0,42.5,163.0,245.5,252.5,245.5,,252.5,0.9722772277227724,0.9722772277227724,0.1629327902240326,0.1731160896130346,0.6639511201629328,66.65275081967212,58.0,73.7347,67.0,3.1045669293627367,39.19533333333333,27.8775,55.5588,34.1497,11.850665360317208,16.42,14.0,18.5,16.5,1.1373653766490344,,,,,,0.9771428571428572,0.96,0.99,0.98,0.0127775312999988,783,8.707,1.4142857142857144,255.16666666666663,51.1891915674911,0.8968669273862115,0.153786113730494,28.333333333333332,24.537386440559143,50.5,18.186533479473187,9479.666666666666,14813.491969597626,217.26633333333336,335.8066286664588,,,312.2857142857143,163.7467193419096,0.7690917850227201,0.2953883721213324,40.57142857142857,30.37464481469779,72.28571428571429,37.76446427403359,11613.714285714286,9449.709179198517,297.24757142857146,224.6777703362883,76.0,2.8284271247461903,209.5,0.7199312714776632,1072.0,,5,2025-08-31,2025-08-31,0
2025-08-31,2025-08-31 09:38:02-05:00,2025-08-31 10:51:32-05:00,0.0,0.0,0.0,0.0,71.5,73.5,71.5,,73.5,0.9727891156462584,0.9727891156462584,0.0,0.0,0.0,67.8125,63.0,80.0,67.0,4.080728335726357,,,,,,,,,,,,,,,,,,,,,17039,506.379,3.6160990712074303,175.5,91.84770002564012,0.8883325382822314,0.14583999966864,14.166666666666666,24.537386440559175,26.666666666666668,23.094010767585008,6298.0,9303.10114961673,184.51199999999992,279.14142612482215,,,279.14285714285717,187.5674799207195,0.7677472805080153,0.2942760336271339,32.214285714285715,32.58688021128689,59.785714285714285,45.56484129133731,12020.142857142857,9638.478293253758,303.10742857142856,230.2586962511642,76.0,2.8284271247461903,245.5,0.9722772277227724,783.0,,6,2025-09-01,2025-09-01,0
2025-09-02,2025-09-03 00:51:52-05:00,2025-09-03 05:27:22-05:00,0.0,61.5,54.0,155.5,271.0,275.5,271.0,,275.5,0.9836660617059892,0.9836660617059892,0.2269372693726937,0.1992619926199262,0.5738007380073801,62.69718550724638,57.0,70.1226,63.0,2.4709279604790013,46.506466666666675,34.9625,61.5046,43.0523,11.107631569431094,15.685185185185183,13.5,22.0,15.5,1.408625204128638,,,,,,0.987,0.95,1.0,0.99,0.0148660687473185,5599,90.702,3.071900826446281,196.0,108.57140507518528,0.9762441350250066,0.0064326708337181,32.166666666666664,28.444390190920515,33.833333333333336,31.210308126215807,7807.0,8349.900119163107,201.9293333333333,266.8295235845031,,,235.71428571428572,135.66007062472272,0.8520389428586864,0.250502070071156,31.142857142857142,31.570970692650384,53.0,40.23990556648953,11899.857142857143,9724.578335821245,289.5028571428571,240.9029079570088,74.0,,71.5,0.9727891156462584,17039.0,,1,2025-09-03,2025-09-03,0
2025-09-03,2025-09-04 02:25:37-05:00,2025-09-04 06:00:37-05:00,0.0,44.5,70.5,97.5,212.5,215.0,212.5,,215.0,0.9883720930232558,0.9883720930232558,0.2094117647058823,0.3317647058823529,0.4588235294117647,71.71719999999999,63.0,84.0,72.0,3.923848601144784,29.6791,26.9481,32.4101,29.6791,2.731,17.295454545454547,15.5,19.0,17.0,0.9002410145608345,,,,,,0.9683333333333332,0.93,0.99,0.98,0.0240947204913349,12910,432.095,3.7690721649484535,185.0,102.55364449886687,0.9816090901251678,0.0079925368342125,41.5,36.8747881349846,35.333333333333336,31.75820104057112,11849.333333333334,5793.285797656914,343.0586666666666,221.68094995360596,,,200.0,91.8336358131739,0.9461436703265272,0.1001689014065423,29.928571428571427,29.520372303756265,41.07142857142857,22.973587318608043,11751.857142857143,9696.089442460325,292.94842857142856,243.04279330388007,,,271.0,0.9836660617059892,5599.0,,2,2025-09-04,2025-09-04,1
2025-09-04,2025-09-04 06:00:37-05:00,2025-09-05 06:15:55-05:00,0.0,166.0,36.5,292.5,495.0,1455.3,495.0,,1455.3,0.3401360544217687,0.3401360544217687,0.3353535353535353,0.0737373737373737,0.5909090909090909,81.22782738589211,59.0,127.0,73.0,14.189717549213936,45.57124444444444,24.3452,91.7916,39.1674,19.837284725660258,17.233870967741936,13.0,23.0,17.0,1.8043802929025776,72.0,72.0,72.0,72.0,0.0,0.98,0.96,1.0,0.98,0.0126491106406735,2622,209.209,3.1246153846153844,326.1666666666667,149.11097656890755,0.7707247363836712,0.3729081608894553,53.666666666666664,17.002450803732167,90.66666666666669,65.79197012807363,7043.666666666667,5293.961874941433,244.00199999999995,173.33554092856906,72.0,,259.35714285714283,128.0900445928938,0.8536520152794153,0.246930612991025,35.142857142857146,26.41292973418239,60.5,51.65429959516113,9515.57142857143,9745.665170682176,270.02628571428573,242.16655316380564,72.0,,212.5,0.9883720930232558,12910.0,,3,2025-09-05,2025-09-05,0
2025-09-05,2025-09-05 06:15:55-05:00,2025-09-06 05:36:21-05:00,0.0,115.5,55.0,183.0,499.0,1400.4333333333334,499.0,,1400.4333333333334,0.3563182824363887,0.3563182824363887,0.2314629258517034,0.1102204408817635,0.3667334669338677,101.52419037199124,61.0,143.0,102.0,24.311924868952794,43.98170909090909,13.4005,86.5213,42.6964,20.999805975963188,18.05263157894737,13.5,26.5,17.0,2.855717887631692,66.0,66.0,66.0,66.0,0.0,0.977222222222222,0.94,1.0,0.98,0.0166017253305377,12570,427.843,3.58855421686747,402.1666666666667,164.26832723727753,0.5616088099604711,0.3696764003202985,54.0,17.02204453054918,108.66666666666669,61.037556744461305,9367.333333333334,5844.1031248031,356.3823333333333,127.47357533753092,69.0,4.242640687119285,286.2857142857143,157.1514283376751,0.7619271580620138,0.298145746380224,36.92857142857143,27.39742775552199,66.78571428571429,55.73213999633807,7513.571428571428,6580.402592981245,244.76928571428567,208.30300987801,69.0,4.242640687119285,495.0,0.3401360544217687,2622.0,72.0,4,2025-09-06,2025-09-06,1
2025-09-06,2025-09-07 01:10:56-05:00,2025-09-07 05:32:56-05:00,0.0,58.5,40.0,154.0,252.5,262.0,252.5,,262.0,0.9637404580152672,0.9637404580152672,0.2316831683168317,0.1584158415841584,0.6099009900990099,62.78079193548387,59.0,70.0,63.0,2.230789259743416,39.46725,38.0531,40.8814,39.46725,1.4141499999999994,16.192307692307693,13.0,21.5,16.0,1.5259103403751824,,,,,,0.98,0.96,0.99,0.98,0.0106904496764969,8213,233.188,3.323497267759563,415.5,141.1763082106908,0.5533982649578082,0.3554588621462157,43.833333333333336,9.8276819918704,113.33333333333331,53.782741965553726,7801.666666666667,4986.739649644183,290.08,119.90717758749776,69.0,4.242640687119285,292.42857142857144,154.46721026683642,0.7967570418531,0.3065448375092505,42.642857142857146,22.06376041860324,69.42857142857143,54.67893300244356,8533.714285714286,5937.461683084385,272.589,188.1886405294792,69.0,4.242640687119285,499.0,0.3563182824363887,12570.0,66.0,5,2025-09-07,2025-09-07,0
2025-09-08,2025-09-09 01:13:43-05:00,2025-09-09 06:08:43-05:00,0.0,78.5,51.0,160.0,289.5,295.0,289.5,,295.0,0.9813559322033898,0.9813559322033898,0.2711571675302245,0.1761658031088082,0.5526770293609672,64.38826470588235,58.0,83.0,63.0,4.244984253513534,76.4483,69.4607,83.4359,76.4483,6.9876000000000005,16.120689655172413,13.5,19.5,16.0,1.149626419184114,,,,,,0.99,0.95,1.0,1.0,0.016583123951777,9225,187.88,3.4642045454545456,347.0,132.92949258911642,0.7671382242183485,0.3558895118671207,48.666666666666664,7.767453465154019,84.16666666666667,28.919428302325297,10002.666666666666,2280.227254756278,282.9703333333333,127.49223849447876,66.0,,298.7142857142857,153.1287195855329,0.7980539996360454,0.3074291420787983,43.857142857142854,22.287354945712817,74.92857142857143,53.14008889359375,9739.714285714286,4860.451958212866,298.1851428571428,155.6949761546907,69.0,4.242640687119285,252.5,0.9637404580152672,8213.0,,0,2025-09-09,2025-09-09,0
2025-09-09,2025-09-09 06:08:43-05:00,2025-09-10 06:31:22-05:00,0.0,85.5,43.0,239.0,367.5,1462.65,367.5,,1462.65,0.2512562814070351,0.2512562814070351,0.2326530612244897,0.1170068027210884,0.6503401360544218,87.0152476340694,55.0,138.0,89.0,17.181000264995493,47.25784,22.6355,82.346,44.7825,19.228677155758792,16.675,14.5,23.5,16.5,1.477117124672245,73.0,73.0,73.0,73.0,0.0,0.9742105263157896,0.91,1.0,0.98,0.0247760048335575,2720,277.126,3.3281105990783413,303.1666666666667,58.70547958524223,0.732117557208564,0.4165312127041901,44.666666666666664,5.686240703077354,74.16666666666667,14.011899704655804,6719.333333333333,3500.2908926735536,232.73133333333328,44.62475251845055,73.0,,341.0,116.38943251000072,0.6949778804590135,0.3561737974353257,50.0,11.499999999999964,87.14285714285714,41.62602780083862,7694.142857142857,4251.475015747337,265.4347142857143,125.8545621894772,70.33333333333333,3.785938897200184,289.5,0.9813559322033898,9225.0,,1,2025-09-10,2025-09-10,0
2025-09-10,2025-09-10 06:31:22-05:00,2025-09-11 06:29:51-05:00,0.0,139.5,55.0,291.0,485.5,1438.4833333333331,485.5,,1438.4833333333331,0.3375082552225144,0.3375082552225144,0.2873326467559217,0.1132852729145211,0.5993820803295572,71.78300094821297,56.0,162.0,67.0,16.203870132934266,43.036260000000006,13.5869,70.2796,48.3741,18.97536874736299,15.778846153846152,13.5,18.5,15.75,0.9527968018219468,74.0,74.0,74.0,74.0,0.0,0.9829411764705884,0.96,1.0,0.98,0.0117647058823529,21384,568.067,3.4870488322717623,380.8333333333333,98.6779272853524,0.5233734896109797,0.3989621398565889,49.666666666666664,6.110100926607764,101.16666666666669,33.38163167571851,11109.666666666666,9473.658233931246,344.3576666666666,198.8104914091134,73.5,0.7071067811865476,371.6428571428572,122.9406070309679,0.6026696223899456,0.3525990662914988,50.142857142857146,11.564004084926191,98.28571428571428,43.99039397305692,9949.142857142857,6530.411279252672,333.6297142857143,143.4904745290487,71.25,3.5939764421413054,367.5,0.2512562814070351,2720.0,73.0,2,2025-09-11,2025-09-11,0
2025-09-11,2025-09-11 06:29:51-05:00,2025-09-12 04:39:14-05:00,0.0,73.5,49.0,181.0,365.0,1329.3833333333334,365.0,,1329.3833333333334,0.2745633940548875,0.2745633940548875,0.2013698630136986,0.1342465753424657,0.4958904109589041,88.74765805084746,60.0,141.0,85.5,16.44993677780529,39.70982,16.0411,69.2364,34.9237,18.341277080825098,16.485714285714284,13.5,22.5,16.5,1.6539377872464347,72.0,72.0,72.0,72.0,0.0,0.9821428571428572,0.96,1.0,0.985,0.0126370042949672,1936,224.741,3.0784722222222225,406.0,68.86036595894595,0.2877759768948124,0.0446181578030955,49.0,5.999999999999983,99.5,35.156791662493895,8680.0,11008.967980696469,356.64466666666664,184.96107517619265,73.0,1.0,393.42857142857144,101.71997041364295,0.5006969511087502,0.3245650758322282,47.07142857142857,7.339553638951541,102.42857142857144,39.183785519255906,8381.42857142857,7001.3964763501035,304.0077142857143,141.15960063194993,71.4,3.1304951684997064,485.5,0.3375082552225144,21384.0,74.0,3,2025-09-12,2025-09-12,1
2025-09-13,2025-09-13 17:07:21-05:00,2025-09-14 06:21:46-05:00,0.0,32.5,46.0,65.5,248.5,794.4166666666666,248.5,,794.4166666666666,0.3128081401447603,0.3128081401447603,0.1307847082494969,0.1851106639839034,0.2635814889336016,88.34499172932331,63.0,140.0,84.0,14.18309129261295,29.375099999999996,18.9115,42.8207,27.0299,8.785473508696045,18.379310344827587,16.0,23.5,17.5,1.7599724351965305,80.0,80.0,80.0,80.0,0.0,0.98,0.96,1.0,0.98,0.0165144564768954,2179,185.378,3.294078947368421,366.3333333333333,118.5056257455033,0.3082932631407207,0.0317143811641215,50.0,4.582575694955806,81.83333333333333,53.98456569551461,8499.666666666666,11158.821458081198,326.06199999999995,210.5045758671288,75.33333333333333,4.163331998932267,358.2142857142857,103.35128492301442,0.4967929633548918,0.3269736601516343,48.42857142857143,5.7693772875166935,83.35714285714286,35.39034035547255,8318.142857142857,7063.856157193735,300.60328571428573,144.0840489942298,73.0,5.000000000000001,365.0,0.2745633940548875,1936.0,72.0,5,2025-09-14,2025-09-14,1
2025-09-14,2025-09-14 06:21:46-05:00,2025-09-15 06:03:51-05:00,0.0,113.0,69.0,350.5,532.5,1422.0833333333333,532.5,,1422.0833333333333,0.3744506299443305,0.3744506299443305,0.212206572769953,0.1295774647887324,0.6582159624413145,97.97680851581508,62.0,137.0,99.0,22.662835621752837,57.55594,21.872,154.647,36.2223,44.48616933634992,16.683333333333334,10.5,24.5,16.0,2.332678479535679,81.0,81.0,81.0,81.0,0.0,0.982,0.94,1.0,0.99,0.0186010752377382,19413,432.435,3.3050218340611353,382.0,142.7611641869033,0.3206073880479928,0.0503982755091819,54.666666666666664,12.503332889007334,73.0,40.25232912515746,7842.666666666667,10020.939194174038,280.8513333333333,132.7424854458174,77.66666666666667,4.932882862316248,363.0,111.41775741176394,0.4993832987131693,0.3257448357999571,50.42857142857143,9.58918041087872,83.0,35.02261174346271,9295.714285714286,8141.6258350587,301.25928571428574,144.76873666612187,76.0,4.183300132670379,248.5,0.3128081401447603,2179.0,80.0,6,2025-09-15,2025-09-15,0
2025-09-15,2025-09-15 06:03:51-05:00,2025-09-16 06:04:42-05:00,0.0,159.5,45.0,379.5,584.0,1440.85,584.0,,1440.85,0.405316306346948,0.405316306346948,0.2731164383561644,0.0770547945205479,0.6498287671232876,105.5100153846154,49.0,157.0,108.0,22.083896468610657,39.836775,14.3792,118.927,25.44085,30.29993120924878,15.976190476190476,13.5,23.0,15.5,1.7421674409454015,72.0,72.0,72.0,72.0,0.0,0.981578947368421,0.93,1.0,0.99,0.0189911774238618,21235,613.293,3.5474725274725274,455.0,180.6785820179026,0.3641916921453463,0.0470996237468472,53.333333333333336,13.576941236277507,101.66666666666669,64.25405304985307,14275.666666666666,10515.55653940072,410.36866666666657,214.80922723741008,77.66666666666667,4.932882862316248,410.3571428571428,126.10535089285284,0.4196084199034094,0.2534202691630304,51.142857142857146,8.839844859659944,97.42857142857144,43.116536436565895,11156.0,9263.423233340904,355.56,181.58528235331588,75.33333333333333,4.08248290463863,532.5,0.3744506299443305,19413.0,81.0,0,2025-09-16,2025-09-16,0
2025-09-16,2025-09-16 06:04:42-05:00,2025-09-16 09:37:12-05:00,0.0,87.0,0.0,120.0,207.0,212.5,207.0,,212.5,0.9741176470588236,0.9741176470588236,0.4202898550724637,0.0,0.5797101449275363,64.789208,58.0,72.0,64.0,2.749922758176309,41.05125,37.5639,44.5386,41.05125,3.487350000000003,15.7,12.0,22.0,15.0,2.1988633427296023,,,,,,0.99,0.97,1.0,0.99,0.01,4004,162.838,3.2458715596330276,441.1666666666667,204.4225607249193,0.5846281944500341,0.3376606251327922,38.0,35.028559776274,119.83333333333331,36.729869770165706,14884.0,9466.293942193,402.85533333333336,226.6796070808604,76.5,6.36396103067893,398.57142857142856,142.12125942642217,0.4185743791684713,0.2507467938244888,43.857142857142854,21.26365107743391,98.64285714285714,42.61133875479848,10410.142857142857,9647.05726164844,351.98257142857136,185.64073256414525,75.33333333333333,4.08248290463863,584.0,0.405316306346948,21235.0,72.0,1,2025-09-17,2025-09-17,1
2025-09-18,2025-09-18 15:05:50-05:00,2025-09-19 06:57:01-05:00,0.0,21.1,36.266666666666666,102.75,224.1,951.1833333333332,224.1,,951.1833333333332,0.2356012685952585,0.2356012685952585,0.0941543953592146,0.1618325152461698,0.4585006693440429,82.31502807881775,51.0,123.0,80.0,12.384061640046957,55.4707,29.6189,128.432,48.57885,30.45806164535918,16.91176470588235,15.5,19.0,17.0,0.8086898285216189,72.0,72.0,72.0,72.0,0.0,0.9806666666666666,0.94,1.0,0.99,0.0198214249964246,2809,210.515,3.068831168831169,338.3666666666667,212.8964615331436,0.5383450740003434,0.3868127455013213,27.08888888888889,23.862600522652727,89.2,69.22622335502638,9349.333333333334,10310.616389592496,328.882,247.45805053180183,72.0,0.0,378.0857142857143,156.91181630214504,0.416337948766789,0.2525511597304939,42.89523809523809,21.46027707331597,89.44285714285715,51.86848295265173,10422.857142857143,9635.284348486584,342.4667142857143,191.72488807378372,75.16666666666667,4.215052391924288,207.0,0.9741176470588236,4004.0,,3,2025-09-19,2025-09-19,0
2025-09-19,2025-09-19 06:57:01-05:00,2025-09-19 11:43:33-05:00,0.0,81.08333333333333,8.566666666666666,131.45,221.1,286.53333333333336,221.1,,286.53333333333336,0.7716379711493717,0.7716379711493717,0.3667269712045831,0.0387456656113372,0.5945273631840796,71.53394925373135,60.0,123.0,68.0,10.23715492653902,60.3,42.9252,77.6748,60.3,17.374800000000004,16.574074074074073,12.0,20.5,16.5,1.7089291844532335,,,,,,0.985,0.96,1.0,0.99,0.0111803398874989,20392,523.345,3.4800925925925927,217.4,9.13071738692945,0.6604522956011513,0.3816062121481646,14.944444444444445,18.95586491866881,63.06111111111111,36.45960600953292,9068.333333333334,9824.768512964232,298.89933333333335,195.8319867803344,72.0,,340.3142857142857,158.56009826531005,0.4783564796134829,0.2816003160004759,36.261904761904766,24.108016405885696,81.09761904761906,46.9373700408236,10281.142857142857,9452.766815921705,336.07785714285717,183.5239943898608,75.4,4.669047011971501,224.1,0.2356012685952585,2809.0,72.0,4,2025-09-20,2025-09-20,0
2025-09-20,2025-09-21 00:33:16-05:00,2025-09-21 06:02:25-05:00,0.0,81.93333333333332,53.266666666666666,185.41666666666663,320.6166666666667,329.15,320.6166666666667,,329.15,0.9740746366904656,0.9740746366904656,0.255549202058533,0.1661381712325206,0.5783126267089462,69.11113797468354,64.0,73.8772,69.0,2.2317556176783637,40.592000000000006,28.4179,61.0135,32.3446,14.52889052680899,17.59090909090909,15.5,20.5,17.5,1.196298238978902,,,,,,0.979,0.96,0.99,0.98,0.007,2920,,,255.2722222222222,56.609825249816744,0.6604379588116985,0.3815885361281091,32.699999999999996,22.562431902021,61.37222222222223,34.87935688967093,8707.0,10119.659035758075,366.93,221.204214358587,72.0,,333.9738095238095,158.29562470765677,0.5782866571328512,0.3188769393539212,36.871428571428574,24.533925329296387,82.30238095238096,46.81793581264143,10421.714285714286,9314.285582091734,354.634,193.7134278856273,76.25,4.9244289008980555,221.1,0.7716379711493717,20392.0,,5,2025-09-21,2025-09-21,0
2025-09-21,2025-09-21 06:02:25-05:00,2025-09-21 08:39:42-05:00,0.0,89.95,0.0,65.83333333333333,155.78333333333336,157.28333333333333,155.78333333333336,,157.28333333333333,0.9904630708911732,0.9904630708911732,0.5774045148175885,0.0,0.4225954851824113,68.77637368421054,60.0,85.0,68.0,4.70879522778409,31.75885,29.3591,34.1586,31.75885,2.399749999999999,16.966666666666665,15.0,19.5,17.5,1.2840906856172147,,,,,,0.974,0.96,1.0,0.97,0.0135646599662505,24302,590.468,3.646563192904656,232.5,83.0058849988627,0.9120585595770035,0.121883556867444,20.61111111111111,28.603075462717804,84.32222222222222,4.8922936376546025,15871.333333333334,11385.288812029898,556.9065,47.463128473588256,,,320.7285714285714,170.07990679609162,0.6750945043823388,0.3275930536410634,30.3,27.644669970498413,90.5095238095238,41.3485655816665,13582.142857142857,9792.321199602808,422.14899999999994,193.5173849482264,75.0,5.19615242270663,320.6166666666667,0.9740746366904656,2920.0,,6,2025-09-22,2025-09-22,1
2025-09-23,2025-09-23 23:40:32-05:00,2025-09-24 05:36:48-05:00,0.0,69.85,28.15,234.63333333333335,332.6333333333333,356.26666666666665,332.6333333333333,,356.26666666666665,0.9336639221556886,0.9336639221556886,0.2099909810602264,0.0846277182082373,0.7053813007315363,68.26208023255813,63.0,73.0,68.0,2.738705921442486,34.71516666666667,24.3137,51.4148,28.417,11.926653143927492,17.771428571428572,15.0,21.0,17.5,1.5181890393438078,,,,,,0.9790909090909092,0.93,1.0,0.98,0.0210862063722603,15101,529.797,3.5212885154061624,269.67777777777775,98.81831017542191,0.9660672099124424,0.029233969743657,27.13888888888889,26.647724174940457,80.57777777777777,10.118332280971346,14107.666666666666,10725.554266952046,560.1324999999999,42.90087552137317,,,292.17619047619047,143.26604876073478,0.7549821175553898,0.3097580889889189,24.464285714285715,21.80944076195456,84.34523809523809,40.64732203183609,12966.142857142857,9495.517950215104,438.376,198.56852133205817,72.0,0.0,155.78333333333336,0.9904630708911732,24302.0,,1,2025-09-24,2025-09-24,1
2025-09-25,2025-09-26 01:40:20-05:00,2025-09-26 06:37:49-05:00,0.0,76.38333333333333,77.36666666666667,143.23333333333335,296.98333333333335,297.48333333333335,296.98333333333335,,297.48333333333335,0.998319233570508,0.998319233570508,0.2571973735899882,0.260508446040743,0.4822941803692688,63.19341830985916,58.0,80.0,63.0,3.0678544125670304,54.16030000000001,30.95,78.9946,52.5363,19.647712831947302,16.7,15.0,26.5,16.25,1.9561867668161612,,,,,,0.98375,0.97,1.0,0.985,0.0121834929310112,1817,,,261.8,93.5274335868001,0.97414874220579,0.0352802397083404,35.172222222222224,39.15844712806527,78.72777777777777,10.25303929646295,13740.0,11304.11637413557,560.1324999999999,42.90087552137317,,,251.17380952380952,66.13694186583685,0.8396968214444699,0.2776121837149194,29.08809523809524,29.10097159235489,72.47142857142856,23.598979329556258,10192.142857142857,9513.613253798854,403.3926,200.2699054109231,72.0,,332.6333333333333,0.9336639221556886,15101.0,,3,2025-09-26,2025-09-26,1
2025-09-26,2025-09-26 06:37:49-05:00,2025-09-26 18:12:22-05:00,0.0,30.65,0.0,45.733333333333334,249.05,694.55,249.05,,694.55,0.3585774962205745,0.3585774962205745,0.1230676570969684,0.0,0.1836311316335407,106.33014140786749,58.0,141.0,110.0,20.693515735176856,43.062439999999995,25.5601,68.5457,37.9982,16.949955220660613,18.196969696969695,13.0,24.5,18.5,2.4891869000386757,,,,,,0.9825,0.97,1.0,0.985,0.0116368667031407,11414,382.352,3.516151202749141,292.8888888888889,41.94182589324447,0.7635202173155905,0.3521775586964811,35.172222222222224,39.15844712806527,58.96111111111111,24.73480079504116,9444.0,6857.611756289511,456.0745,104.25935935205057,,,257.18095238095236,63.30502249439515,0.7517625141818629,0.3218930716015718,29.08809523809524,29.10097159235489,64.42142857142856,27.15942424641625,11250.714285714286,9114.172401893034,447.2954,152.78338594330214,72.0,,296.98333333333335,0.998319233570508,1817.0,,4,2025-09-27,2025-09-27,0
2025-09-28,2025-09-29 01:53:39-05:00,2025-09-29 06:08:26-05:00,0.0,53.38333333333333,38.266666666666666,152.08333333333331,243.73333333333332,254.78333333333333,243.73333333333332,,254.78333333333333,0.9566298161836856,0.9566298161836856,0.21902352297593,0.1570021881838074,0.6239742888402625,65.53969661016949,59.0,69.0,66.0,2.1689762812908,36.3445,30.5643,42.1247,36.3445,5.780199999999999,16.71153846153846,14.0,25.5,16.25,2.454090294100369,,,,,,0.995,0.98,1.0,1.0,0.0076376261582597,992,6.931,1.27,263.25555555555553,29.32983091464145,0.7711755153249227,0.3579278501418085,38.54444444444445,38.68408132744203,53.47222222222222,22.86679624193929,4741.0,5793.69079257776,194.6415,265.46273489983315,,,259.9857142857143,62.016902884506,0.8547665924087811,0.2320094094122472,29.373809523809523,29.19287054190097,69.03333333333333,20.502079840293657,10991.142857142857,9415.55334590187,406.5786,236.0813472265441,,,249.05,0.3585774962205745,11414.0,,6,2025-09-29,2025-09-29,0
2025-09-29,2025-09-29 06:08:26-05:00,2025-09-29 08:49:36-05:00,0.0,69.5,0.0,80.6,150.1,161.16666666666666,150.1,,161.16666666666666,0.9313340227507756,0.9313340227507756,0.4630246502331779,0.0,0.5369753497668222,64.97782307692307,59.0,71.0,64.0,2.791630892825043,53.7047,43.3429,64.0665,53.7047,10.361800000000002,16.625,13.0,24.0,16.0,2.797878660699924,,,,,,0.998,0.99,1.0,1.0,0.004,41345,938.434,3.5583042973286876,214.29444444444445,55.657540003662035,0.7488471117183453,0.3382199711385078,12.755555555555556,22.093270300989776,51.17777777777778,19.5186828828556,17917.0,20947.742336586056,442.5723333333333,468.662273030733,,,249.84285714285716,74.07114376479103,0.8775803140661245,0.2303183082824698,28.15,30.366488290731116,67.37857142857142,19.823636084710728,13984.42857142857,14731.92724275118,489.5964,338.272674328418,,,243.73333333333332,0.9566298161836856,992.0,,0,2025-09-30,2025-09-30,1
2025-09-30,2025-10-01 02:02:08-05:00,2025-10-01 06:01:19-05:00,0.0,27.633333333333333,43.7,163.81666666666666,235.15000000000003,239.18333333333337,235.15000000000003,,239.18333333333337,0.98313706361926,0.98313706361926,0.1175136437734779,0.1858388262810971,0.6966475299454248,64.19236964285714,59.0,72.0,63.5,3.109093452503458,79.8767,61.246,98.5074,79.8767,18.6307,15.958333333333334,14.5,18.5,16.0,0.9119195261766372,,,,,,0.995,0.98,1.0,1.0,0.0076376261582597,7640,268.113,3.4094117647058826,209.66111111111113,51.7596645117639,0.9570336341845738,0.0259038812253856,27.322222222222223,23.81718178433692,50.17222222222222,21.11724106909728,16659.0,21635.57078054563,404.4926666666666,480.49351698262615,,,237.63333333333335,67.18462952524517,0.8788749464845236,0.2309756406154822,26.783333333333335,29.242157859780033,59.62142857142857,23.46802535974664,14658.714285714286,14240.936576343169,452.68249999999995,315.78242167210635,,,150.1,0.9313340227507756,41345.0,,1,2025-10-01,2025-10-01,1
2025-10-01,2025-10-01 06:01:19-05:00,2025-10-02 06:00:32-05:00,0.0,108.53333333333332,33.65,259.73333333333335,401.91666666666663,1439.2166666666667,401.91666666666663,,1439.2166666666667,0.2792607089504707,0.2792607089504707,0.2700393945676964,0.0837238233464648,0.6462367820858388,81.49512429022082,56.0,121.0,84.0,15.52100264121051,55.190975,28.8707,101.088,46.1006,21.63430845278416,16.833333333333332,13.5,24.0,16.5,1.8925832465255628,68.0,68.0,68.0,68.0,0.0,0.9904761904761904,0.96,1.0,1.0,0.0129011592229943,2841,313.964,3.2589285714285716,262.38888888888886,128.09908744289976,0.7312439317735023,0.39228499084967,25.78333333333333,22.887460176553795,68.55555555555556,40.45826839450102,17275.333333333332,20982.59374656367,506.837,374.476376233535,68.0,,272.7952380952381,80.330277555001,0.7772746090644232,0.3148876529134895,31.590476190476192,26.766479619421943,62.27619047619047,28.07046829812762,11592.857142857143,14128.544976141642,406.59850000000006,311.80386690402037,68.0,,235.15000000000003,0.98313706361926,7640.0,,2,2025-10-02,2025-10-02,1
2025-10-02,2025-10-02 06:00:32-05:00,2025-10-03 06:26:39-05:00,0.0,186.4333333333333,80.89999999999999,341.15,608.4833333333335,1466.1166666666666,608.4833333333335,,1466.1166666666666,0.4150306364886834,0.4150306364886834,0.3063902051548932,0.1329535183105535,0.560656276534553,67.73942166666667,57.0,104.0,63.36075,10.235670789028136,56.45908571428571,31.871,127.024,42.913,32.060339906335926,16.643939393939394,13.0,23.0,16.5,1.902480739987629,74.0,74.0,74.0,74.0,0.0,0.9866666666666666,0.96,1.0,0.99,0.0120185042515466,671,61.4,2.8,415.1833333333334,187.0199127841144,0.5591428030194715,0.3734122628839382,52.75,24.891112871866497,107.53333333333332,79.40472278145677,3717.3333333333335,3566.189890251729,214.49233333333328,134.5493420434784,71.0,4.242640687119285,312.202380952381,151.08119243092182,0.7031841396834225,0.3324812522511143,39.12619047619047,32.45702266237338,78.93095238095238,54.990412824832475,9531.42857142857,14576.969173518695,328.5323333333334,332.7240396524826,71.0,4.242640687119285,401.91666666666663,0.2792607089504707,2841.0,68.0,3,2025-10-03,2025-10-03,1
2025-10-03,2025-10-03 06:26:39-05:00,2025-10-04 05:11:29-05:00,0.0,140.68333333333334,32.15,431.68333333333334,604.5166666666667,1364.8333333333333,604.5166666666667,,1364.8333333333333,0.44292343387471,0.44292343387471,0.232720355104629,0.0531829836508505,0.7140966612445204,100.91429395085066,58.0,154.0,106.0,26.61689509018386,44.046,14.8873,75.6506,47.4313,17.670126087458083,16.713333333333335,12.0,22.5,16.5,1.7458013123555105,62.0,62.0,62.0,62.0,0.0,0.982,0.96,1.0,0.98,0.013856406460551,14149,452.554,3.7205263157894737,538.3055555555555,118.13289283840616,0.3790715931046214,0.0875566187288457,48.9,27.72295979869391,145.21666666666667,39.147360489991335,5887.0,7236.899059680203,275.9726666666666,198.3251597385794,68.0,6.0,356.13571428571424,186.48423437200313,0.6238418825840227,0.3161822400672685,32.666666666666664,27.73386918552835,88.11666666666666,59.66559278983961,11293.142857142857,14230.32137641981,346.2497142857143,307.3300255158476,68.0,6.0,608.4833333333335,0.4150306364886834,671.0,74.0,4,2025-10-04,2025-10-04,0
2025-10-04,2025-10-04 08:01:15-05:00,2025-10-04 10:23:57-05:00,0.0,0.0,0.0,0.0,69.36666666666667,142.7,69.36666666666667,,142.7,0.4861013781826677,0.4861013781826677,0.0,0.0,0.0,72.84425714285715,62.0,89.0,72.0,8.30618779101411,102.401,102.401,102.401,102.401,0.0,16.428571428571427,15.0,18.0,16.25,0.9035079029052512,,,,,,0.9925,0.97,1.0,1.0,0.0129903810567665,11144,263.998,3.801769911504425,427.4555555555556,310.12041672610064,0.448018482848687,0.0358082703333715,37.68333333333333,40.732859380766946,109.03888888888888,97.16159268246167,8654.666666666666,7075.429763154562,259.3173333333333,195.61900319072532,68.0,8.48528137423857,330.46666666666664,214.0152075766442,0.642059580007179,0.3016928112025779,32.666666666666664,27.73386918552835,83.73809523809523,65.43167394333155,11254.57142857143,14230.30511335044,329.342,308.2670220642056,68.0,6.0,604.5166666666667,0.44292343387471,14149.0,62.0,5,2025-10-05,2025-10-05,1
2025-10-07,2025-10-08 01:32:58-05:00,2025-10-08 06:10:50-05:00,0.0,79.9,26.133333333333336,164.81666666666666,270.84999999999997,277.8666666666667,270.84999999999997,,277.8666666666667,0.9747480806142031,0.9747480806142031,0.2949972309396345,0.0964863700695342,0.6085163989908314,68.54860882352942,63.0,75.0,68.0,2.545145978347532,70.11435,43.3564,96.8723,70.11435,26.757949999999997,16.537037037037038,14.5,18.0,16.5,0.7567709904334278,,,,,,0.981,0.97,0.99,0.98,0.007,2414,109.695,3.0347368421052634,314.9111111111111,270.2821058806135,0.6345909642238604,0.2953747307944769,19.42777777777778,17.091781109102847,73.52777777777779,70.55780595711207,9235.666666666666,6095.806618761246,275.4156666666666,171.7144309728598,62.0,,334.3404761904762,212.42311765130097,0.644647903497253,0.3049020670659318,30.93333333333333,27.70468773009761,87.52619047619046,64.13617735749257,11457.714285714286,14068.617341613992,344.02257142857144,292.39204811340625,68.0,6.0,69.36666666666667,0.4861013781826677,11144.0,,1,2025-10-08,2025-10-08,0
2025-10-08,2025-10-08 06:10:50-05:00,2025-10-08 11:21:23-05:00,0.0,114.58333333333334,7.533333333333333,165.31666666666666,287.43333333333334,310.55,287.43333333333334,,310.55,0.9255621746363978,0.9255621746363978,0.3986431636321466,0.0262089759944334,0.5751478603734199,69.26713194444444,59.0,84.0,68.0,5.06233533487555,88.6755,38.2693,133.427,94.3302,39.053200392882864,17.080645161290324,15.0,24.5,17.0,1.7556212676371328,,,,,,0.9728571428571428,0.96,0.99,0.97,0.0088063057185271,21064,549.031,3.4475609756097563,209.21666666666667,121.3971524011622,0.7954705444777562,0.2690479030345762,11.222222222222229,13.451531648987352,64.82777777777778,58.759799025196465,11540.666666666666,9331.325379244545,307.57466666666664,222.88612480891015,,,353.95952380952383,198.45354756800916,0.6438233537666276,0.3040040461867934,32.009523809523806,26.41931086861437,93.96666666666668,64.28774219317624,8560.42857142857,7391.74077055247,288.3935714285714,173.20511380139016,68.0,6.0,270.84999999999997,0.9747480806142031,2414.0,,2,2025-10-09,2025-10-09,1
2025-10-09,2025-10-10 02:38:54-05:00,2025-10-10 06:08:26-05:00,0.0,56.3,35.166666666666664,115.56666666666666,207.0333333333333,209.53333333333333,207.0333333333333,,209.53333333333333,0.9880687241489022,0.9880687241489022,0.2719368861696989,0.1698599259378522,0.5582031878924489,71.89699361702128,67.0,80.0,72.0,2.38133924812071,34.5217,34.5217,34.5217,34.5217,0.0,17.475,15.5,20.5,17.5,1.2695963925594622,,,,,,0.9775,0.97,0.98,0.98,0.0043301270189221,18373,494.606,4.445225225225225,255.10555555555553,42.449448148922386,0.962792993133168,0.0329235519119553,22.944444444444446,14.089962279475412,83.59444444444445,29.31677720906453,13950.333333333334,10080.952848482786,384.444,239.4906676824796,,,349.9428571428571,201.51986274153003,0.6445278766994337,0.3049257744258934,30.790476190476188,25.983256462616747,98.06190476190476,60.13700000699459,10093.714285714286,8234.172731454484,320.7497142857142,189.20178511201087,68.0,6.0,287.43333333333334,0.9255621746363978,21064.0,,3,2025-10-10,2025-10-10,0
2025-10-10,2025-10-10 06:08:26-05:00,2025-10-10 08:20:05-05:00,0.0,52.75,0.0,72.35,125.09999999999998,131.65,125.09999999999998,,131.65,0.950246866691986,0.950246866691986,0.4216626698641088,0.0,0.5783373301358913,69.25145161290322,60.0,84.0,69.0,4.291221195001824,31.1714,31.1714,31.1714,31.1714,0.0,16.285714285714285,15.0,18.0,16.0,0.9394961741404216,,,,,,0.9933333333333332,0.98,1.0,1.0,0.0094280904158206,10663,392.745,3.5042372881355934,206.5222222222222,81.16787359358136,0.954625921825762,0.0314825233405501,14.233333333333336,18.515969083769697,74.54444444444444,34.72009637936784,16700.0,5398.555084464708,478.794,79.33374412568732,,,310.39761904761906,216.2436060772947,0.7403830420910786,0.2749560193122662,25.98333333333333,28.369272957693976,90.09285714285714,62.17948546505036,11211.142857142857,7591.566580282174,332.0041428571429,191.06479400404885,68.0,8.48528137423857,207.0333333333333,0.9880687241489022,18373.0,,4,2025-10-11,2025-10-11,1
2025-10-11,2025-10-12 03:07:16-05:00,2025-10-12 05:14:23-05:00,0.0,0.0,0.0,0.0,125.1,127.11666666666666,125.1,,127.11666666666666,0.9841353087714698,0.9841353087714698,0.0,0.0,0.0,64.717525,63.0,72.0,64.0,2.1826602791948635,41.4463,41.4463,41.4463,41.4463,0.0,,,,,,,,,,,0.98,0.95,0.99,0.99,0.0154919333848296,20816,524.958,3.676178660049628,152.4111111111111,47.30423205560219,0.9741502998707862,0.0207941945608121,11.722222222222229,20.30348446650195,36.35,31.530025372650684,16617.333333333332,5299.30432541226,470.76966666666664,69.25458419724538,,,241.34285714285713,179.19634324175522,0.8216837095600481,0.2452540401639854,14.426190476190476,16.089408343583045,63.459523809523816,53.3348305841422,14089.0,6695.4653311028405,398.2267142857142,159.34298391385627,62.0,,125.09999999999998,0.950246866691986,10663.0,,5,2025-10-12,2025-10-12,1
2025-10-12,2025-10-12 08:01:49-05:00,2025-10-12 09:46:50-05:00,0.0,0.0,0.0,0.0,93.95000000000002,105.01666666666668,93.95000000000002,,105.01666666666668,0.8946199016029204,0.8946199016029204,0.0,0.0,0.0,64.00304,60.0,70.0,64.0,2.280399482196047,30.8628,30.8628,30.8628,30.8628,0.0,16.772727272727273,15.5,17.5,17.0,0.7186994682200861,,,,,,0.9933333333333332,0.98,1.0,1.0,0.0094280904158206,27263,675.661,3.4990180032733225,114.71666666666664,17.984460885253764,0.9430006923554588,0.045195489952254,0.0,0.0,17.583333333333332,30.455226699752675,19580.666666666668,8368.663951511793,531.1213333333334,141.55866547948744,,,168.4047619047619,86.8501149886688,0.8862117763783638,0.1796341221863042,9.833333333333334,14.716971810099324,43.36190476190477,45.28395463758707,15962.42857142857,8346.237372955215,430.0991428571428,191.15808733909964,,,125.1,0.9841353087714698,20816.0,,6,2025-10-13,2025-10-13,1
2025-10-13,2025-10-14 03:04:50-05:00,2025-10-14 06:07:08-05:00,0.0,38.266666666666666,33.75,82.6,154.61666666666667,182.3,154.61666666666667,,182.3,0.8481440848418358,0.8481440848418358,0.2474938018756063,0.2182817721246092,0.5342244259997844,65.8163487804878,58.0,83.4703,64.0,5.129609274100469,154.588,154.588,154.588,154.588,0.0,16.823529411764707,14.0,20.5,16.5,1.4444740185657263,,,,,,0.985,0.97,1.0,0.985,0.0111803398874989,5814,217.427,3.3881773399014774,124.55555555555556,30.33699764191928,0.908966431738742,0.0691214181109837,11.250000000000004,19.485571585149987,12.755555555555556,22.093270300989555,17964.333333333332,11005.176160940498,472.682,233.5469649149823,,,180.58333333333337,75.93966781694643,0.9379321630439594,0.0520357837431684,14.654761904761909,16.39168916082087,48.82857142857143,41.312497788743904,15201.0,9070.76810419052,423.4461428571429,198.56925742120688,,,93.95000000000002,0.8946199016029204,27263.0,,0,2025-10-14,2025-10-14,1
2025-10-14,2025-10-14 06:07:08-05:00,2025-10-15 06:27:55-05:00,0.0,115.33333333333331,30.183333333333337,329.28333333333336,474.8,1460.7833333333333,474.8,,1460.7833333333333,0.325031090624893,0.325031090624893,0.242909295141814,0.0635706262285874,0.6935200786295984,79.52681487889274,56.0,126.0,83.0,16.49734482089996,65.03970833333334,21.3969,180.715,57.61625,43.6059212668696,16.17,12.0,25.5,16.0,2.072703548508566,71.0,71.0,71.0,71.0,0.0,0.9816666666666666,0.96,1.0,0.98,0.012801909579781,5679,330.316,3.2675675675675677,241.12222222222223,204.63159331217983,0.689265025689883,0.3162906416187453,21.311111111111117,18.54192197077675,51.19999999999999,58.744342517197126,12918.666666666666,12422.740451821945,407.80133333333333,238.74166446251735,71.0,,209.7190476190476,133.58776502961825,0.8451154501883436,0.2346039407978353,15.233333333333334,16.927101324776732,53.890476190476186,47.466522176300465,15667.42857142857,8359.737134167619,454.96342857142855,152.6753465853356,71.0,,154.61666666666667,0.8481440848418358,5814.0,,1,2025-10-15,2025-10-15,0
2025-10-15,2025-10-15 06:27:55-05:00,2025-10-16 06:04:31-05:00,0.0,167.01666666666665,37.666666666666664,202.1,406.7833333333333,1416.6,406.7833333333333,,1416.6,0.2871546896324533,0.2871546896324533,0.4105789322735281,0.0925963862826238,0.4968246814438481,94.72866066945606,54.0,146.0,95.0,20.251245881911185,56.318741666666675,13.9802,115.948,50.12845,29.466379706977303,17.0625,13.0,23.0,17.0,1.841152831787736,72.0,72.0,72.0,72.0,0.0,0.985,0.97,1.0,0.99,0.0104083299973306,16146,571.618,3.5275735294117645,345.3999999999999,168.6869198973185,0.4867766216997274,0.3135258968591855,33.86666666666667,3.7430305606258583,106.8722222222222,64.7906893459695,9213.0,6004.533537253337,373.1203333333333,180.93361858519603,71.5,0.7071067811865476,226.7690476190476,151.56629506239778,0.7539143809020658,0.3100696544864851,19.53809523809523,18.409273816037977,61.38095238095237,60.88183335178999,14964.857142857143,8030.795216510249,458.19014285714286,155.21236418471787,71.5,0.7071067811865476,474.8,0.325031090624893,5679.0,71.0,2,2025-10-16,2025-10-16,1
2025-10-16,2025-10-16 06:04:31-05:00,2025-10-16 09:22:00-05:00,0.0,100.01666666666664,0.0,89.43333333333334,189.45,197.48333333333332,189.45,,197.48333333333332,0.959321461726728,0.959321461726728,0.5279317322072666,0.0,0.4720682677927334,68.395225,60.0,84.0,68.0,4.515327783386324,32.59755,28.5464,36.6487,32.59755,4.05115,16.666666666666668,15.0,19.0,16.5,1.0671873729054748,,,,,,0.9766666666666666,0.97,0.99,0.97,0.0094280904158206,6055,181.067,3.2061475409836064,357.0111111111111,149.04399083392664,0.5238357473280248,0.3776168839207883,22.61666666666667,19.940794311606066,127.45555555555552,35.10642681481135,9293.333333333334,5937.56046986752,361.00033333333334,197.07528291070184,71.5,0.7071067811865476,224.2571428571428,152.09267790382842,0.7498076291274696,0.3066227047259641,14.514285714285714,18.23102877110639,67.62619047619047,62.4946226258136,13205.142857142857,8495.64581474086,413.3988571428572,185.2802268182159,71.5,0.7071067811865476,406.7833333333333,0.2871546896324533,16146.0,72.0,3,2025-10-17,2025-10-17,0
2025-10-17,2025-10-18 00:34:03-05:00,2025-10-18 06:28:08-05:00,0.0,78.05,35.766666666666666,230.2,344.0166666666666,354.0833333333333,344.0166666666666,,354.0833333333333,0.9715697811249704,0.9715697811249704,0.2268785427062642,0.1039678310159391,0.6691536262777968,64.27092948717949,58.0,71.0,64.0,2.3515283517326133,33.33473333333333,26.3044,39.3597,34.3401,5.377005741943082,16.691176470588236,14.5,19.0,16.5,0.8402967427742148,,,,,,0.9766666666666666,0.97,0.99,0.97,0.0094280904158206,20742,587.405,3.5729636048526863,313.41666666666663,111.8513050636618,0.739348644161384,0.3916593350303353,24.477777777777774,21.219653713095944,115.02777777777776,46.34400756340605,14314.333333333334,7512.8719098180545,446.6966666666667,230.17742548376307,72.0,,255.53095238095236,150.80724035465363,0.752853759760753,0.30904220586652,19.623809523809523,18.49536442709373,71.24047619047619,62.2218885336857,14645.0,8840.111160688728,441.2074285714285,195.96382069220252,71.5,0.7071067811865476,189.45,0.959321461726728,6055.0,,4,2025-10-18,2025-10-18,0
2025-10-18,2025-10-18 06:28:08-05:00,2025-10-19 06:00:33-05:00,0.0,148.53333333333333,45.81666666666666,317.7833333333333,512.1333333333333,1412.4166666666667,512.1333333333333,,1412.4166666666667,0.36259366334297,0.36259366334297,0.2900286383754231,0.0894623795886487,0.6205089820359281,83.36212592592592,58.0,140.0,74.5,20.77456241292849,62.87810999999999,13.2741,170.177,49.2634,52.491922884086655,16.4296875,8.5,20.0,17.0,2.0384338111265103,74.0,74.0,74.0,74.0,0.0,0.9814999999999998,0.95,1.0,0.99,0.0142390308658981,6383,262.524,3.2965986394557825,348.5333333333333,161.38907525328662,0.7644949687315563,0.3481106142978223,27.194444444444446,24.081195599086932,108.86666666666666,36.06545361484373,11060.0,8386.461649587387,343.66533333333336,214.97809084260916,74.0,,310.82142857142856,165.27262010093045,0.6640620961281102,0.3205897121633095,26.16904761904762,18.500278848177295,92.4595238095238,59.1278627504762,12583.142857142857,8844.075331892562,403.71685714285707,202.2728037951293,72.33333333333333,1.5275252316519483,344.0166666666666,0.9715697811249704,20742.0,,5,2025-10-19,2025-10-19,0
2025-10-19,2025-10-19 06:00:33-05:00,2025-10-20 06:03:37-05:00,0.0,160.46666666666667,43.7,240.86666666666667,445.0333333333333,1443.0666666666666,445.0333333333333,,1443.0666666666666,0.3083941605839416,0.3083941605839416,0.360572241779642,0.0981948917684068,0.5412328664519512,92.13709147121534,58.0,138.0,91.0,19.30538108432393,41.977554545454545,27.7786,68.0813,41.4925,12.009717070951234,16.852941176470587,10.0,24.5,17.0,2.2432777962280097,59.0,59.0,59.0,59.0,0.0,0.9794736842105264,0.95,1.0,0.99,0.0176138952954542,16741,519.446,3.3818390804597698,433.7277777777777,84.62662165413738,0.5475192016839608,0.3682371069949672,41.76111111111111,5.29812160983426,129.01666666666665,44.53989160791084,14622.0,7410.319898627848,456.4583333333333,171.35489679123066,66.5,10.606601717798211,360.9761904761904,139.7982782364777,0.5803155616968274,0.3268320123483069,32.41190476190476,15.29305008663673,115.38333333333333,47.21286116366236,11080.0,6522.774358609485,381.40042857142856,173.89612786263845,69.0,6.782329983125267,512.1333333333333,0.36259366334297,6383.0,74.0,6,2025-10-20,2025-10-20,0
2025-10-20,2025-10-20 06:03:37-05:00,2025-10-20 09:14:04-05:00,0.0,63.8,0.0,122.63333333333333,186.43333333333337,190.45,186.43333333333337,,190.45,0.9789096000700096,0.9789096000700096,0.3422134811371357,0.0,0.6577865188628642,64.3601347826087,57.0,76.0,64.0,3.3734478479299503,37.89,37.89,37.89,37.89,0.0,16.44736842105263,15.0,19.0,16.0,1.0373896497066857,,,,,,0.9816666666666664,0.97,1.0,0.98,0.0106718737290547,21930,577.42,3.6506329113924054,381.2,171.97715933615498,0.5499658079989739,0.3724633929556581,29.838888888888892,25.862898852159613,124.26666666666664,52.704501178214805,15018.0,7915.418434928113,453.12999999999994,167.5954402601693,66.5,10.606601717798211,365.5214285714286,132.2861123818391,0.5989963495865666,0.3477588418567284,27.59047619047619,19.53322870929234,119.03095238095236,40.814723002326154,13382.285714285714,7166.677745284908,432.828,170.51979410907109,69.0,6.782329983125267,445.0333333333333,0.3083941605839416,16741.0,59.0,0,2025-10-21,2025-10-21,1
2025-10-21,2025-10-22 01:07:48-05:00,2025-10-22 05:19:24-05:00,0.0,72.43333333333334,57.85,119.3,249.58333333333337,251.6,249.58333333333337,,251.6,0.991984631690514,0.991984631690514,0.2902170283806344,0.2317863105175292,0.4779966611018363,64.58065081967213,60.0,70.0,64.0,1.7953020214997164,47.39575,41.9487,52.8428,47.39575,5.447049999999997,16.384615384615383,14.5,18.0,16.5,0.8804248570968921,,,,,,0.9725,0.92,0.99,0.985,0.0253722289127305,2087,24.536,1.393103448275862,293.68333333333334,134.8224665995986,0.7597627974481552,0.3909513702130519,33.85,30.156632769591525,98.90000000000002,53.49275132617918,13586.0,10290.854240538049,373.8006666666667,303.85786431378267,59.0,,333.34761904761905,128.61535081633335,0.6942754268816553,0.351533161379987,31.54285714285714,22.689383749247877,112.90238095238094,44.51553976335992,12869.142857142857,7901.131552475498,389.1451428571429,229.9631507295815,68.33333333333333,8.144527815247077,186.43333333333337,0.9789096000700096,21930.0,,1,2025-10-22,2025-10-22,0
2025-10-22,2025-10-23 00:21:20-05:00,2025-10-23 06:27:09-05:00,0.0,116.56666666666666,31.65,208.05,356.26666666666665,365.81666666666666,356.26666666666665,,365.81666666666666,0.9738940270627364,0.9738940270627364,0.327189371257485,0.0888379491017964,0.5839726796407186,68.71363483146068,59.0,85.0,69.0,5.2426175368155645,49.4872,34.3751,65.4532,48.6333,12.701940371717487,16.364864864864863,14.0,19.0,16.5,1.2555210431715602,,,,,,0.9841666666666667,0.96,1.0,0.985,0.0144096803881588,38103,927.026,3.553263403263403,264.09444444444443,85.84153736412766,0.9815960862744202,0.0093397216256455,29.83333333333334,28.96775506202259,84.26666666666667,28.30372963252565,20706.666666666668,18039.137239162326,509.66066666666666,455.04455327509794,,,326.13095238095235,125.17944949838856,0.7923810465145529,0.3126552041101232,30.683333333333337,22.532153979656755,105.69523809523808,37.884188427419566,16005.857142857143,12461.301409143583,439.9177142857143,304.212863792616,66.5,10.60660171779821,249.58333333333337,0.991984631690514,2087.0,,2,2025-10-23,2025-10-23,0
2025-10-23,2025-10-23 06:27:09-05:00,2025-10-24 06:13:06-05:00,0.0,97.48333333333336,29.633333333333333,124.65,251.76666666666668,1425.95,251.76666666666668,,1425.95,0.1765606554694531,0.1765606554694531,0.3871971402091884,0.1177015755329008,0.4951012842579107,89.9644111570248,59.0,128.0,93.0,18.743002532612543,49.89352857142858,40.0947,64.4033,45.5879,9.086402481371238,15.37037037037037,13.5,21.0,15.0,1.344347512065299,71.0,71.0,71.0,71.0,0.0,0.9866666666666666,0.97,1.0,0.98,0.0124721912892464,14109,376.675,3.4210526315789473,285.8722222222222,60.973150587717576,0.7141464380742346,0.4656508055807977,39.71111111111112,15.741067425803893,95.49444444444444,22.13378722760832,18099.666666666668,18336.633533267035,442.7456666666667,454.8582743782214,71.0,,335.03333333333336,115.69569640512434,0.680558074192085,0.3764648438135502,34.916666666666664,18.16762484730988,105.33333333333331,37.959502055431315,17156.428571428572,11740.35777219109,467.8617142857143,284.83991926853355,68.0,7.93725393319377,356.26666666666665,0.9738940270627364,38103.0,,3,2025-10-24,2025-10-24,0
2025-10-24,2025-10-24 06:13:06-05:00,2025-10-25 06:01:59-05:00,0.0,90.43333333333334,57.266666666666666,320.1333333333333,467.8333333333333,1428.8833333333334,467.8333333333333,,1428.8833333333334,0.3274118484130964,0.3274118484130964,0.1933024581403634,0.1224082650516565,0.68428927680798,77.41004049295776,59.0,111.893,79.0,12.154313139616749,46.938923076923075,26.9187,69.3569,49.3682,12.689628147255588,15.889830508474576,14.0,21.5,15.5,1.455753624532812,69.0,69.0,69.0,69.0,0.0,0.9775,0.94,1.0,0.98,0.0133697419571209,2756,265.526,3.1886925795053003,358.62222222222226,108.05259179025973,0.4926221769817621,0.423563414217284,39.51666666666667,15.40498656640478,101.49444444444444,13.520522809308728,18322.666666666668,18046.297191760223,523.0756666666666,354.2180527589375,70.0,1.4142135623730951,352.7214285714286,126.27880775632872,0.588535512376103,0.372178732106203,37.988095238095234,20.05467460581129,107.10238095238095,36.74521690789787,14587.0,12749.629288728362,421.879,288.2854348494445,68.25,6.499999999999998,251.76666666666668,0.1765606554694531,14109.0,71.0,4,2025-10-25,2025-10-25,1
2025-10-25,2025-10-25 06:01:59-05:00,2025-10-26 06:42:10-05:00,0.0,152.25000000000003,41.233333333333334,350.21666666666664,543.6999999999999,1480.1833333333334,543.6999999999999,,1480.1833333333334,0.3673193635923477,0.3673193635923477,0.2800257494942064,0.0758383912696953,0.6441358592360984,78.91888539325844,50.0,122.0,72.0,15.433272332427276,38.4163,21.0137,71.0697,32.58825,14.93196395086728,16.4672131147541,14.0,25.5,16.0,1.75057098989092,72.0,72.0,72.0,72.0,0.0,0.9811111111111112,0.95,1.0,0.98,0.0136986977843755,1321,153.604,2.843421052631579,421.1,151.47366474444004,0.2904306224916326,0.1006127699855692,42.71111111111111,13.875811621240334,113.38888888888891,33.83881044884106,6062.0,7005.744999641379,265.2683333333333,111.53572322055844,70.66666666666667,1.5275252316519452,357.2309523809524,133.28936720553872,0.5892106124117283,0.3717045705958079,37.33333333333333,19.830044078320828,107.63333333333334,37.46348469089846,13863.857142857143,13418.51254087143,406.319,300.97995948733865,67.75,5.965176722724426,467.8333333333333,0.3274118484130964,2756.0,69.0,5,2025-10-26,2025-10-26,1
2025-10-26,2025-10-26 06:42:10-05:00,2025-10-27 06:47:33-05:00,0.0,148.73333333333332,49.25,344.21666666666664,542.1999999999999,1445.3833333333334,542.1999999999999,,1445.3833333333334,0.3751253992597119,0.3751253992597119,0.2743145210869298,0.0908336407229804,0.6348518381900898,82.61798850931676,59.0,134.0,84.0,15.129361040366998,48.698708333333336,22.7675,72.6267,47.0994,14.961891864581515,16.833333333333332,12.0,22.5,16.5,1.678529212572816,76.0,76.0,76.0,76.0,0.0,0.9772727272727272,0.92,1.0,0.98,0.0195824174804891,2647,328.714,3.437209302325581,517.911111111111,43.375112338417146,0.3566188704217188,0.0255933809640025,49.25,8.016666666666618,130.47222222222223,34.719248317089274,2241.3333333333335,798.8931926945315,249.2813333333333,88.67804080680287,72.33333333333333,3.511884584284247,371.1119047619048,148.18448921501664,0.5987436465082671,0.3640797015559642,38.12619047619047,20.23386613142277,105.95714285714288,34.87897575525187,11850.42857142857,13961.265127214689,379.0715714285715,297.6467362012992,72.0,2.943920288775942,543.6999999999999,0.3673193635923477,1321.0,72.0,6,2025-10-27,2025-10-27,1
2025-10-27,2025-10-27 06:47:33-05:00,2025-10-28 06:02:22-05:00,0.0,73.38333333333333,34.166666666666664,154.26666666666665,261.8166666666667,1394.8166666666666,261.8166666666667,,1394.8166666666666,0.1877068670912545,0.1877068670912545,0.2802851868355718,0.1304984403844929,0.5892163727799349,115.863448015873,60.0,174.0,118.0,28.11405164697832,30.970099999999995,13.1687,66.4726,25.4426,17.37644030634583,17.303571428571427,14.0,25.5,17.25,2.088827788644206,79.0,79.0,79.0,79.0,0.0,0.9822222222222222,0.96,1.0,0.98,0.0147405546238017,33377,859.272,3.709987357774968,449.2388888888888,162.3141384385136,0.3100505433144382,0.1060245956467733,41.55,7.546651207286905,124.78888888888888,44.5532276338381,12448.333333333334,18136.87915087194,447.19666666666666,367.4512733429201,75.66666666666667,3.511884584284247,381.8809523809523,134.64727047768173,0.4857146846541592,0.3488840382256354,43.00714285714286,11.914707908726225,107.32619047619048,33.09069867235107,13485.714285714286,15877.54150484562,419.3361428571429,344.3503980746107,73.4,4.037325847637265,542.1999999999999,0.3751253992597119,2647.0,76.0,0,2025-10-28,2025-10-28,1
2025-10-28,2025-10-28 06:02:22-05:00,2025-10-29 06:45:06-05:00,0.0,124.11666666666667,43.2,289.45,456.7666666666668,1482.7333333333331,456.7666666666668,,1482.7333333333331,0.3080571916730363,0.3080571916730363,0.2717288185068963,0.0945778296723345,0.633693351820769,72.1096939849624,59.0,118.0,69.0,10.0456317905841,38.26266,20.1638,67.2957,39.1603,16.37226226501396,17.12,15.0,24.0,17.0,1.9275891678467176,74.0,74.0,74.0,74.0,0.0,0.98,0.94,1.0,0.98,0.0181497042594606,932,67.699,2.5115384615384615,420.2611111111111,143.71219535096014,0.290296486008001,0.0949631957620116,42.20555555555555,7.5906802017952435,115.41111111111113,38.42194227454084,12318.666666666666,18257.200177829385,418.56166666666667,403.36262343743914,76.33333333333333,2.516611478423581,411.4785714285714,122.9853660047519,0.3880107646516623,0.2704166434796882,40.91428571428571,10.00689775332502,114.70952380952382,29.588227853543813,13320.714285714286,16021.092479543811,425.50228571428573,336.39722505232527,73.5,3.6193922141707673,261.8166666666667,0.1877068670912545,33377.0,79.0,1,2025-10-29,2025-10-29,0
2025-10-29,2025-10-29 06:45:06-05:00,2025-10-30 06:12:03-05:00,0.0,114.59999999999998,70.35,147.71666666666667,332.66666666666663,1406.95,332.66666666666663,,1406.95,0.2364452657640048,0.2364452657640048,0.3444889779559118,0.2114729458917836,0.4440380761523047,112.90898159675238,49.0,155.0,115.0,22.64654218148831,43.351850000000006,16.5118,109.042,35.98185,24.180335789731423,16.771428571428572,13.5,18.5,17.0,1.037461580306589,78.0,78.0,78.0,78.0,0.0,0.9722222222222222,0.94,1.0,0.97,0.015475986974649,28209,729.635,3.611915535444947,350.4166666666667,98.67964582425267,0.2440697748427654,0.0605363528035299,49.23888888888889,18.832406565201275,104.03333333333332,26.966805726876693,20839.333333333332,17432.828122061346,552.2019999999999,424.5689645970371,77.0,2.6457513110645885,408.1071428571428,125.0571853849356,0.2826609416089864,0.0824356043615108,46.44285714285714,13.94935235833298,114.42857142857144,29.57698948301374,11907.285714285714,13745.104155229064,397.30357142857144,292.79772814285815,74.14285714285714,3.7161167647860296,456.7666666666668,0.3080571916730363,932.0,74.0,2,2025-10-30,2025-10-30,0
2025-10-30,2025-10-30 06:12:03-05:00,2025-10-31 06:11:05-05:00,0.0,116.08333333333331,40.2,273.83333333333337,430.1166666666667,1439.0333333333333,430.1166666666667,,1439.0333333333333,0.2988927752426397,0.2988927752426397,0.2698880148796838,0.0934630139109543,0.6366489712093619,101.19621711899792,63.0,145.0,108.0,22.6199609903798,32.44147,21.6351,44.5722,32.726299999999995,6.449217575652104,16.970588235294116,15.0,21.5,17.0,1.284949700342629,75.0,75.0,75.0,75.0,0.0,0.9811111111111112,0.94,1.0,0.98,0.0159474445493414,9304,330.748,3.3623893805309732,406.5166666666667,65.32933873842559,0.2811317442265604,0.0389699583033534,51.25,16.608958426102422,118.26666666666664,5.120248474873578,12815.0,13973.332565998704,376.0273333333333,333.282883665413,75.66666666666667,2.081665999466131,433.5857142857143,104.35018697234833,0.3001369587194417,0.0678750036029347,47.95238095238096,12.301552252894204,117.08571428571427,28.620983348422648,11220.857142857143,13736.80330873443,390.7425714285714,293.84968853585514,74.71428571428571,3.450327796711769,332.66666666666663,0.2364452657640048,28209.0,78.0,3,2025-10-31,2025-10-31,1
2025-10-31,2025-10-31 06:11:05-05:00,2025-11-01 06:11:10-05:00,0.0,82.89999999999999,41.2,171.85000000000002,426.08333333333326,1440.0833333333333,426.08333333333326,,1440.0833333333333,0.2958740813610323,0.2958740813610323,0.1945628789360454,0.0966946997848621,0.4033248582045767,93.56089369863012,57.0,138.0,91.0,19.019495262076543,45.34596666666667,21.5146,82.5059,47.2188,20.01709639792667,17.552083333333332,14.0,23.5,17.5,1.7947829004428983,82.0,82.0,82.0,82.0,0.0,0.9705882352941176,0.89,1.0,0.98,0.0260023954180004,10867,478.675,3.5961805555555557,396.2888888888888,55.135354490696464,0.2770707074558924,0.0352150253823956,50.583333333333336,17.125735993916646,104.52777777777776,18.744883252454432,16126.666666666666,10492.751132726497,513.0193333333333,201.64910021206,78.33333333333333,3.511884584284246,427.62142857142857,103.25385102417629,0.2956315634262896,0.0668010218147015,45.65714285714286,11.761030508604986,116.0095238095238,29.903094812495212,12379.57142857143,13236.764884934975,421.19242857142854,289.7264233576549,76.57142857142857,3.359421718944244,430.1166666666667,0.2988927752426397,9304.0,75.0,4,2025-11-01,2025-11-01,0
2025-11-01,2025-11-01 06:11:10-05:00,2025-11-02 06:14:10-05:00,0.0,180.36666666666667,36.68333333333334,411.0333333333333,628.0833333333334,1443.0,628.0833333333334,,1443.0,0.4352621852621853,0.4352621852621853,0.2871699615231524,0.0584052010083587,0.6544248374684887,85.79992603878117,57.0,132.0,83.0,19.5736536758508,45.723958333333336,24.7912,119.815,35.6576,25.930649168518013,16.456521739130434,12.5,24.0,16.25,2.1839983450695515,79.0,79.0,79.0,79.0,0.0,0.9784,0.92,1.0,0.98,0.0195304889851739,8379,275.061,3.3143459915611815,494.7611111111111,115.47804184410175,0.3433430139552859,0.0796186452314875,39.361111111111114,2.3723132951553967,126.45,49.55339151976496,9516.666666666666,1257.5596738657732,361.49466666666666,105.2315702740069,78.66666666666667,3.511884584284246,439.67619047619047,122.24406327217302,0.3053376808076949,0.0821303516289888,45.00714285714286,12.165064038827817,120.02619047619046,36.698557920429955,13387.857142857143,12502.451471992355,438.5434285714286,274.2540881657355,77.57142857142857,2.760262237369421,426.08333333333326,0.2958740813610323,10867.0,82.0,5,2025-11-02,2025-11-02,0
2025-11-02,2025-11-03 04:51:15-05:00,2025-11-03 06:17:41-05:00,0.0,14.05,26.133333333333333,46.25,86.43333333333334,86.43333333333334,86.43333333333334,,86.43333333333334,1.0,1.0,0.1625530273814115,0.3023524874662552,0.5350944851523332,98.0324681818182,94.0,101.0,99.0,1.982732646761297,67.1533,67.1533,67.1533,67.1533,0.0,19.72222222222222,19.0,21.0,19.5,0.6712803318663652,,,,,,0.9633333333333332,0.96,0.97,0.96,0.0047140452079103,21155,588.201,3.541232227488152,380.2,273.72457111726976,0.5770454222077394,0.372860821264264,34.672222222222224,7.732046109345085,92.43888888888888,83.56764447861207,13467.0,6773.222571272843,447.3123333333333,158.90839356476224,80.5,2.1213203435596357,374.56666666666666,170.4192379594121,0.3946054809134504,0.2776018128726388,41.7047619047619,13.843238469474908,100.78571428571426,51.47197675953771,16031.857142857143,11789.084646804597,475.613,274.4715051020778,77.83333333333333,2.92688685580203,628.0833333333334,0.4352621852621853,8379.0,79.0,6,2025-11-03,2025-11-03,0
2025-11-03,2025-11-03 06:17:41-05:00,2025-11-03 09:54:46-05:00,0.0,38.166666666666664,11.05,148.26666666666665,197.4833333333334,217.08333333333337,197.4833333333334,,217.08333333333337,0.9097120921305184,0.9097120921305184,0.1932652544518524,0.0559540889526542,0.750780656595493,89.83597346938775,83.0,98.0,91.0,4.021900405853214,18.7912,18.7912,18.7912,18.7912,0.0,17.75,15.5,20.0,18.0,1.2316839913490207,,,,,,0.98,0.97,0.99,0.98,0.0089442719099991,28232,733.532,3.5154657293497364,304.00000000000006,286.10405595400647,0.7816580924642347,0.3033654066824526,24.622222222222224,12.883304585277804,77.52777777777779,89.87369583868075,19255.333333333332,10061.90599903085,532.2646666666666,234.29803563054787,79.0,,365.37619047619046,179.0302537171631,0.4977490844904881,0.3189655579282916,38.40238095238095,18.057145473343823,95.7547619047619,56.108923263962815,15296.857142857143,10630.953476030449,457.6501428571429,248.01780020153691,77.6,3.209361307176247,86.43333333333334,1.0,21155.0,,0,2025-11-04,2025-11-04,1
2025-11-04,2025-11-05 02:00:07-05:00,2025-11-05 06:03:24-05:00,0.0,30.699999999999996,42.28333333333333,161.23333333333332,234.21666666666667,243.28333333333333,234.21666666666667,,243.28333333333333,0.9627320682331986,0.9627320682331986,0.1310752152565288,0.1805308475058706,0.6883939372376005,72.41653166666667,66.0,85.0,72.0,3.7438761277803905,38.364,33.8842,46.357,34.8508,5.665663576316546,17.1,15.0,19.0,17.0,1.0392304845413265,,,,,,0.9771428571428572,0.95,1.0,0.98,0.0148461497791618,468,,,172.71111111111114,76.94300259379057,0.9574813867879058,0.0453723904879594,26.48888888888889,15.619702064783288,27.63888888888889,12.34630324039111,16618.333333333332,14427.263508140868,660.8665,102.76453561662508,,,333.5833333333333,179.85461335324294,0.5912740668562256,0.348671733762829,38.271428571428565,18.019839155070223,82.40952380952379,59.25977326579326,15230.57142857143,10736.372429847104,522.6419999999999,195.7914362356021,78.5,2.886751345948137,197.4833333333334,0.9097120921305184,28232.0,,1,2025-11-05,2025-11-05,1
2025-11-05,2025-11-05 06:03:24-05:00,2025-11-06 06:00:18-05:00,0.0,122.35,44.766666666666666,283.0,450.1166666666667,1436.9,450.1166666666667,,1436.9,0.3132553877560489,0.3132553877560489,0.2718184174473284,0.0994556966712333,0.6287258858814382,115.65135571776156,51.0,167.0,121.0,25.90364564667118,36.228385714285714,13.6228,79.3117,26.7605,23.24124515999388,17.083333333333332,14.0,20.0,17.0,1.347580135733019,,,,,,0.968,0.91,1.0,0.975,0.0285657137141713,17914,557.711,3.6947727272727273,293.9388888888889,136.49526785990813,0.7285665160399221,0.3606456424578005,32.699999999999996,18.790519181521113,63.73888888888888,50.89582042797847,15538.0,14033.67222076958,645.6215,124.32422137500224,,,350.3619047619048,185.1551718390016,0.6022469414265176,0.3366452008571188,34.61666666666667,12.027329989098392,83.51666666666665,60.02882486618252,13759.857142857143,9266.771595843064,493.988,170.36951307789752,78.66666666666667,3.5118845842842563,234.21666666666667,0.9627320682331986,468.0,,2,2025-11-06,2025-11-06,0
2025-11-06,2025-11-06 06:00:18-05:00,2025-11-06 09:41:50-05:00,0.0,92.08333333333331,8.066666666666666,103.28333333333332,203.4333333333333,221.53333333333333,203.4333333333333,,221.53333333333333,0.9182967198314774,0.9182967198314774,0.4526462395543176,0.03965262985417,0.5077011305915125,,,,,,,,,,,17.363636363636363,14.5,21.5,17.25,1.8597520495889803,,,,,,,,,,,1073,,,295.9222222222223,134.42041670046206,0.7314280586069084,0.3628290396754389,31.70555555555556,20.50949870272404,81.7111111111111,46.69708631564037,6485.0,9902.425813910457,557.711,,,,317.9785714285714,188.671251591886,0.690733219224923,0.3248165919251382,30.026190476190475,15.243367887388386,80.08809523809524,58.52531243630566,12584.0,10381.566484238623,526.6360000000001,168.19044102742524,80.5,2.1213203435596695,450.1166666666667,0.3132553877560489,17914.0,,3,2025-11-07,2025-11-07,1
2025-11-08,2025-11-09 03:30:24-05:00,2025-11-09 06:18:41-05:00,0.0,30.233333333333334,37.3,96.7,164.23333333333335,168.28333333333333,164.23333333333335,,168.28333333333333,0.9759334455778944,0.9759334455778944,0.1840876801298964,0.2271158920235437,0.5887964278465596,75.33395609756097,67.0,88.0,73.1027,4.971746181591548,36.11865,35.3273,36.91,36.11865,0.7913499999999978,16.970588235294116,13.5,19.0,17.5,1.3876618955394646,,,,,,0.974,0.96,0.98,0.98,0.008,583,29.031,2.762857142857143,272.5944444444445,154.98311048961745,0.735828517721807,0.3670919989123772,30.044444444444448,19.395999969447747,81.55555555555554,46.952056910726974,6523.333333333333,9867.648672978456,293.371,373.83321307770353,,,280.5714285714286,189.62108945509635,0.787884556970189,0.2864703776764354,29.469047619047615,14.832638649686311,72.56428571428572,61.41743737536281,11114.857142857143,11347.751486947704,436.7072,281.9692496393888,79.0,,203.4333333333333,0.9182967198314774,1073.0,,5,2025-11-09,2025-11-09,1
2025-11-09,2025-11-09 06:18:41-05:00,2025-11-09 10:54:15-05:00,0.0,84.13333333333333,14.1,168.76666666666665,267.0,275.56666666666666,267.0,,275.56666666666666,0.9689125438490384,0.9689125438490384,0.3151061173533083,0.0528089887640449,0.6320848938826467,69.07134761904761,59.0,75.0,70.0,3.3460150871991257,24.94355,22.1764,27.7107,24.94355,2.767149999999999,16.685185185185187,13.5,22.5,16.5,1.8616407943499544,,,,,,0.9766666666666666,0.96,0.99,0.975,0.0110554159678513,16690,425.614,3.36044776119403,211.55555555555557,51.862556963716536,0.954380903086137,0.0314463746104128,19.822222222222223,15.4338852793073,68.81666666666666,33.64975235173846,6115.333333333333,9161.206598114328,227.3225,280.42652860330367,,,228.98809523809524,112.93856971425048,0.8641203224825966,0.2449955833336825,26.24285714285714,15.445315294621327,58.81666666666666,40.46010380609519,12302.142857142857,11448.133434881738,466.8178,268.08904999962215,,,164.23333333333335,0.9759334455778944,583.0,,6,2025-11-10,2025-11-10,1
2025-11-10,2025-11-11 02:14:33-05:00,2025-11-11 06:18:21-05:00,0.0,42.81666666666666,33.766666666666666,162.7,239.28333333333333,243.8,239.28333333333333,,243.8,0.98147388569866,0.98147388569866,0.1789371038517796,0.1411158319983283,0.679947064149892,70.48505172413793,63.0,79.0,71.0,2.8813259185744244,59.5522,26.5824,92.522,59.5522,32.9698,15.72,14.5,17.0,16.0,0.6493073232299171,,,,,,0.9816666666666666,0.97,1.0,0.98,0.0121335164821342,35394,808.46,3.5915022761760245,223.5055555555556,53.16907605129202,0.975439958375198,0.0062951945545934,28.38888888888889,12.500014814806134,52.39444444444444,28.197568518763497,17555.666666666668,17421.63782005966,421.035,389.73467505599245,,,250.82380952380953,93.96565510134234,0.8614737347252622,0.2433778119741816,27.333333333333332,15.70360008264202,62.92619047619047,36.41393564275506,14336.285714285714,14214.166533360134,510.8696,308.12727122132475,,,267.0,0.9689125438490384,16690.0,,0,2025-11-11,2025-11-11,1
2025-11-11,2025-11-11 06:18:21-05:00,2025-11-11 11:01:25-05:00,0.0,118.88333333333333,0.0,148.08333333333331,266.96666666666664,283.06666666666666,266.96666666666664,,283.06666666666666,0.9431229392369288,0.9431229392369288,0.4453115245348982,0.0,0.5546884754651017,66.75848787878788,59.0,83.0,67.0,4.097906576405078,52.0586,29.7551,74.3621,52.0586,22.3035,16.46153846153846,14.0,23.0,16.5,1.640374470164317,,,,,,0.9871428571428572,0.97,1.0,0.99,0.0103015750727542,1229,77.639,2.8292682926829267,257.75000000000006,15.99261114111887,0.9645031229282092,0.0195520080367827,15.955555555555556,16.959636177090108,81.94444444444444,38.0805445125246,17771.0,17108.133358142837,437.23766666666666,365.5491290241755,,,260.75,91.01551760246451,0.8662467128833209,0.2448049360874864,25.7547619047619,18.00064482971966,74.45714285714284,39.88164998205319,10478.714285714286,13458.57374457246,379.691,328.57295384510894,,,239.28333333333333,0.98147388569866,35394.0,,1,2025-11-12,2025-11-12,1
2025-11-13,2025-11-14 00:58:10-05:00,2025-11-14 06:11:14-05:00,0.0,85.91666666666666,53.766666666666666,173.38333333333333,313.06666666666666,313.06666666666666,313.06666666666666,,313.06666666666666,1.0,1.0,0.2744356899488926,0.1717419080068143,0.553822402044293,66.97986575342466,60.0,73.0,67.0,2.6662640447308346,53.14183333333333,25.9489,100.384,33.0926,33.53232118363151,17.29032258064516,16.0,20.5,17.0,1.0981964213257551,,,,,,0.9742857142857142,0.96,0.99,0.97,0.0090350790290525,384,,,273.1055555555556,37.272772060003334,0.9748656083118632,0.0290086540152617,29.177777777777777,27.175485957697965,82.53888888888888,38.14566137166163,12335.666666666666,19973.57149668865,443.0495,516.768484933534,,,272.0142857142857,92.05774779219568,0.8715707031357212,0.2476418261349985,27.395238095238096,20.152643688088332,82.34523809523809,34.938886743545574,10466.714285714286,13469.02057456648,379.691,328.57295384510894,,,266.96666666666664,0.9431229392369288,1229.0,,3,2025-11-14,2025-11-14,0
2025-11-14,2025-11-14 06:11:14-05:00,2025-11-15 06:11:19-05:00,0.0,68.33333333333333,34.68333333333334,157.78333333333336,260.8,1440.0833333333333,260.8,,1440.0833333333333,0.1811006307505352,0.1811006307505352,0.2620143149284253,0.1329882413087934,0.6049974437627813,85.39920842105263,57.0,131.0,84.5,16.67501927128793,39.75742857142857,25.2251,56.2643,38.7559,11.16368397447907,16.655172413793103,14.0,20.5,16.5,1.2041841441540844,80.0,80.0,80.0,80.0,0.0,0.979,0.94,1.0,0.98,0.0151327459504215,11320,364.647,3.388,280.2777777777778,28.56291950011935,0.7080745233291549,0.4572579825490836,29.483333333333334,27.25790914782558,91.04444444444444,25.662155086892103,4311.0,6084.65833058853,221.143,202.9453030547876,80.0,,244.9690476190476,48.53342722496672,0.8526914521349334,0.2973485023090209,25.954761904761902,19.033301017402277,74.62857142857142,30.28607691706625,9524.714285714286,13086.517078202864,341.07820000000004,313.41713574356487,80.0,,313.06666666666666,1.0,384.0,,4,2025-11-15,2025-11-15,1
2025-11-15,2025-11-15 06:11:19-05:00,2025-11-16 06:14:36-05:00,0.0,198.01666666666668,50.25,339.1666666666667,587.4333333333333,1443.2833333333333,587.4333333333333,,1443.2833333333333,0.4070117902467752,0.4070117902467752,0.3370878964988935,0.0855416217443114,0.5773704817567952,88.86780873786408,57.0,140.0,84.0,16.706133763583725,35.90410833333333,20.063,70.4198,32.429050000000004,12.9774616588696,17.553846153846155,14.5,24.0,17.0,1.5862948530921814,72.0,72.0,72.0,72.0,0.0,0.9708695652173912,0.91,1.0,0.97,0.0224408485227198,2901,273.523,3.3460714285714284,387.1000000000001,175.4509459776275,0.5293708069991035,0.4229395240158335,46.23333333333334,10.155964312221208,117.42222222222222,70.34836003247882,4868.333333333333,5727.2876943046695,319.08500000000004,64.43439832884116,76.0,5.656854249492381,299.82619047619045,134.55134702697168,0.7796507479085475,0.3384963046343122,31.98095238095238,19.103529896261406,89.76190476190474,56.00640978055936,9785.857142857143,12906.757421709648,329.819,281.6821937751837,76.0,5.656854249492381,260.8,0.1811006307505352,11320.0,80.0,5,2025-11-16,2025-11-16,0
2025-11-16,2025-11-17 01:45:00-05:00,2025-11-17 06:14:58-05:00,0.0,58.45,30.71666666666667,174.76666666666665,263.93333333333334,269.96666666666664,263.93333333333334,,269.96666666666664,0.9776515619212248,0.9776515619212248,0.2214574387471583,0.1163803990906794,0.6621621621621621,73.29180769230769,65.0,87.0,72.0,4.294072309172537,24.8016,21.1923,28.4109,24.8016,3.609300000000001,17.25,15.0,18.5,17.25,0.8906566289930316,,,,,,0.98,0.96,1.0,0.98,0.0149071198499986,18633,608.671,3.6055133079847903,370.72222222222223,187.68386639160977,0.5219213276395119,0.4105197898093128,38.55,10.324781407425142,108.26666666666668,77.88271274451377,10951.333333333334,7872.476886808459,415.6136666666667,173.28948701330188,76.0,5.656854249492381,314.0690476190476,122.5474407112111,0.7798961931004518,0.3386629329063638,31.04047619047619,18.959535022092897,93.79285714285712,51.870595624844995,12364.42857142857,12560.138439485752,426.4256666666667,256.12974061726345,76.0,5.656854249492381,587.4333333333333,0.4070117902467752,2901.0,72.0,6,2025-11-17,2025-11-17,0
2025-11-18,2025-11-19 03:36:05-05:00,2025-11-19 06:15:53-05:00,0.0,0.0,0.0,0.0,156.28333333333333,159.8,156.28333333333333,,159.8,0.9779933249895704,0.9779933249895704,0.0,0.0,0.0,75.39742432432433,66.0,84.0,73.0,4.394875998706097,52.84,52.84,52.84,52.84,0.0,16.15625,13.5,18.0,16.5,1.0999822441748777,,,,,,0.9775,0.97,0.99,0.975,0.0082915619758885,2154,181.303,3.232124352331606,335.8833333333334,224.39960450054255,0.7875522257191903,0.3295577285888619,26.98888888888889,25.33155878287739,85.48888888888888,101.73974741320966,7896.0,9306.013056083695,354.4990000000001,224.89705709057185,72.0,,298.2523809523809,136.03732277515152,0.7811934475490993,0.339523932754156,29.026190476190475,21.621416117373855,81.77380952380952,63.02901878495894,10287.857142857143,12922.20122410228,385.70716666666664,275.00862008338345,76.0,5.656854249492381,263.93333333333334,0.9776515619212248,18633.0,,1,2025-11-19,2025-11-19,1
2025-11-19,2025-11-20 04:37:17-05:00,2025-11-20 06:02:42-05:00,0.0,8.05,26.116666666666667,48.233333333333334,82.4,85.41666666666667,82.4,,85.41666666666667,0.9646829268292684,0.9646829268292684,0.0976941747572815,0.3169498381877022,0.5853559870550161,72.842185,67.0,84.0,72.0,3.429839050199732,48.8335,48.8335,48.8335,48.8335,0.0,17.11111111111111,15.0,19.0,17.0,1.0999438818457403,,,,,,0.975,0.97,0.98,0.975,0.005,18387,458.406,3.435959595959596,167.53888888888892,91.28857226359622,0.9734426045800212,0.0075880278216134,18.944444444444446,16.56680359880822,22.166666666666668,31.67902828896928,13058.0,9443.942026505669,416.1266666666667,216.79831266947937,,,275.8404761904762,158.44860711878684,0.778794739139186,0.337928706476176,27.933333333333337,21.53503605239092,76.80714285714285,67.79971720766358,7858.285714285715,8122.578525613763,327.36483333333337,191.98484352929225,76.0,5.656854249492381,156.28333333333333,0.9779933249895704,2154.0,,2,2025-11-20,2025-11-20,0
2025-11-20,2025-11-20 06:02:42-05:00,2025-11-21 06:30:25-05:00,0.0,162.35,62.31666666666667,252.18333333333337,476.85,1467.7166666666667,476.85,,1467.7166666666667,0.3248924065725673,0.3248924065725673,0.3404634581105169,0.130684002656321,0.5288525392331622,86.03820754608296,60.0,130.0,88.0,12.064247278906068,51.599714285714285,34.3483,122.534,42.8291,29.31762856821953,16.5,12.5,20.5,16.5,1.6506028583273349,93.0,93.0,93.0,93.0,0.0,0.9723076923076922,0.94,1.0,0.97,0.0142255707760822,1923,234.875,3.592696629213483,238.51111111111115,209.6872819312216,0.755856219463802,0.3732849416881286,29.477777777777774,31.294001614319622,56.79999999999999,91.49755461213152,7488.0,9439.517519449828,291.528,146.98193752634998,93.0,,305.8238095238095,175.43700142288694,0.6904760916157059,0.3673320817333608,36.83571428571429,20.935306941135963,83.01666666666667,74.00233917724292,7957.428571428572,8031.905893728725,353.5708333333334,158.97279738674408,81.66666666666667,10.598742063723094,82.4,0.9646829268292684,18387.0,,3,2025-11-21,2025-11-21,0
2025-11-21,2025-11-21 06:30:25-05:00,2025-11-22 06:10:38-05:00,0.0,154.38333333333333,38.78333333333333,340.93333333333334,534.1,1420.2166666666667,534.1,,1420.2166666666667,0.3760693790853508,0.3760693790853508,0.2890532359732883,0.0726143668476564,0.6383323971790551,77.83338739525763,60.0,159.0,72.0,14.490779540108294,31.419739999999997,19.069,43.0799,29.4621,8.492634513883193,16.975806451612904,13.0,21.0,17.0,1.3924549548364928,72.0,72.0,72.0,72.0,0.0,0.9733333333333332,0.95,1.0,0.97,0.0167142178807469,2203,182.873,3.2347826086956526,364.4500000000001,245.93402062341823,0.5552149041623956,0.355531738131678,42.40555555555556,18.36982227378291,108.2611111111111,86.8767347282173,7504.333333333333,9425.70556156586,292.05133333333333,146.39487129791527,82.5,14.849242404917495,337.40000000000003,195.6812963014664,0.601343145770756,0.3552067253494911,34.695238095238096,19.64173729371572,92.79761904761904,78.8175098217227,8217.285714285714,7771.239942126043,329.1854285714286,158.8169628281328,79.25,9.912113800799505,476.85,0.3248924065725673,1923.0,93.0,4,2025-11-22,2025-11-22,0
2025-11-22,2025-11-22 06:10:38-05:00,2025-11-23 06:08:56-05:00,0.0,158.68333333333337,82.60000000000001,311.28333333333336,552.5666666666667,1438.3,552.5666666666667,,1438.3,0.3841803981552296,0.3841803981552296,0.2871750015081137,0.1494842251312058,0.5633407733606804,84.7914907063197,63.0,130.0,78.0,16.126446494575436,40.165809090909086,21.2642,58.5886,40.8062,12.287651866329025,16.95,12.0,22.5,16.75,1.644941741622886,80.0,80.0,80.0,80.0,0.0,0.9777777777777776,0.96,1.0,0.98,0.0122726233524303,18959,446.113,3.3737012987012984,521.1722222222223,39.479095499788485,0.3617140612710494,0.0321453394543901,61.23333333333334,21.92841256857814,158.47222222222223,3.987526848860322,7695.0,9755.914718774464,287.95366666666666,139.41604298405966,81.66666666666667,10.598742063723098,379.0809523809524,207.3704576509134,0.6303545411142838,0.3218941768407768,41.540476190476184,26.71345523282583,105.70476190476192,81.4958739663854,9308.57142857143,8753.801838004309,340.82342857142856,164.72370740916188,79.25,9.912113800799505,534.1,0.3760693790853508,2203.0,72.0,5,2025-11-23,2025-11-23,1
2025-11-23,2025-11-24 01:21:16-05:00,2025-11-24 06:29:54-05:00,0.0,100.66666666666669,35.21666666666667,170.75,306.63333333333327,308.6333333333333,306.63333333333327,,308.6333333333333,0.9935198185549192,0.9935198185549192,0.328296553973258,0.1148494401565387,0.5568540058702034,71.2450493150685,63.0,84.0,72.0,4.249611672190453,33.642133333333334,26.161,43.7445,31.0209,7.413861621014757,16.283333333333335,12.5,19.0,16.25,1.3704216707114476,,,,,,0.98,0.97,1.0,0.97,0.0132287565553229,25587,719.327,3.612033898305085,464.4333333333334,136.9703779816804,0.5845898652651668,0.3541669481766432,52.20000000000001,26.38750230275266,137.91111111111113,32.32621198782017,15583.0,12052.007965480268,449.4376666666667,268.2424529885853,76.0,5.656854249492389,338.96666666666664,186.45325225851613,0.7141414023011615,0.330292934157098,39.392857142857146,26.50000324448416,91.79761904761904,70.71008783168085,12549.42857142857,10084.4968451107,404.5097142857143,213.3648688973221,81.66666666666667,10.598742063723094,552.5666666666667,0.3841803981552296,18959.0,80.0,6,2025-11-24,2025-11-24,1
2025-11-24,2025-11-25 04:49:28-05:00,2025-11-25 06:00:19-05:00,0.0,8.05,33.666666666666664,24.116666666666667,65.83333333333333,70.85,65.83333333333333,,70.85,0.9291931310279934,0.9291931310279934,0.1222784810126582,0.5113924050632911,0.3663291139240506,68.66666666666667,64.0,73.0,69.0,2.086996778999804,,,,,,16.214285714285715,15.5,18.5,16.0,0.9948848769417228,,,,,,1.0,1.0,1.0,1.0,0.0,31354,745.814,3.470298507462686,308.3444444444445,243.37117818338788,0.7689644492460476,0.3347813542634092,50.49444444444445,27.815025582374496,89.13333333333334,75.97607262231385,25300.0,6202.482003198351,637.0846666666666,165.91571171632185,80.0,,310.6666666666667,212.89844149004233,0.7072187693164141,0.3243030259900832,39.81428571428571,26.36212811860602,84.59761904761903,76.96126636928489,14366.714285714286,12272.372994036725,424.1015714285714,239.88445221109905,81.66666666666667,10.598742063723094,306.63333333333327,0.9935198185549192,25587.0,,0,2025-11-25,2025-11-25,0
2025-11-25,2025-11-25 06:00:19-05:00,2025-11-26 06:21:00-05:00,0.0,127.61666666666665,17.066666666666666,308.5833333333333,453.26666666666665,1460.6833333333334,453.26666666666665,,1460.6833333333334,0.310311383941306,0.310311383941306,0.281548757170172,0.0376525959699955,0.6807986468598323,81.69049191176471,54.0,115.0,84.0,13.647091879400078,37.757349999999995,23.8137,58.2516,38.29485,9.205687670176156,16.418367346938776,12.5,21.0,16.0,1.5757956810200784,79.0,79.0,79.0,79.0,0.0,0.9717647058823528,0.94,0.99,0.97,0.0124783549621155,10737,396.362,3.256304347826087,275.24444444444447,195.6146561577216,0.744341444508073,0.3772546232834529,28.65000000000001,10.061353454348769,78.77777777777777,62.71674048479424,22559.333333333332,10636.740399827988,620.5010000000001,194.56132396496548,79.0,,353.0928571428571,206.50066717162952,0.6118356348809478,0.3295364755279044,42.25238095238095,22.584793779286745,102.82857142857142,68.19766254974341,15592.857142857143,11233.634651179937,454.82428571428574,216.20917487448287,81.0,8.75595035770913,65.83333333333333,0.9291931310279934,31354.0,,1,2025-11-26,2025-11-26,1
2025-11-26,2025-11-26 06:21:00-05:00,2025-11-27 06:02:04-05:00,0.0,61.33333333333333,60.8,245.23333333333335,367.3666666666667,1421.0666666666666,367.3666666666667,,1421.0666666666666,0.2585147307187089,0.2585147307187089,0.1669539969149804,0.1655022230287632,0.6675437800562563,95.26589895833332,55.0,131.0,97.0,19.24476407253815,35.014133333333334,23.0767,44.8319,35.62035,6.478267408334491,16.864864864864863,15.0,21.5,17.0,1.378643323768308,81.0,81.0,81.0,81.0,0.0,0.9706666666666668,0.94,0.99,0.97,0.0112348663642351,21471,548.924,3.367185289957567,295.48888888888894,203.47225400075584,0.4993397485626695,0.3731637323400078,37.177777777777784,22.077070390725265,65.66666666666664,59.90100397971445,21187.333333333332,10311.42678455959,563.6999999999999,175.19395739579653,80.0,1.4142135623730951,393.802380952381,168.90994379774295,0.5109544640080108,0.311089780086611,47.207142857142856,22.25699402589627,110.4404761904762,58.078706062408074,16033.42857142857,11420.404923602651,467.7554285714285,219.14602063529617,81.0,7.582875444051549,453.26666666666665,0.310311383941306,10737.0,79.0,2,2025-11-27,2025-11-27,1
2025-11-27,2025-11-27 06:02:04-05:00,2025-11-28 06:09:34-05:00,0.0,183.93333333333337,68.83333333333333,267.33333333333337,520.1000000000001,1447.5,520.1000000000001,,1447.5,0.3593091537132989,0.3593091537132989,0.3536499391142728,0.1323463436518617,0.5140037172338652,92.24787988980717,50.0,138.0,94.0,18.974657771004217,31.85080833333333,14.4634,73.2316,27.264000000000003,15.11600753933052,17.263157894736842,12.5,21.0,17.0,1.5924858179376071,81.0,81.0,81.0,81.0,0.0,0.9756,0.94,1.0,0.98,0.0141647449677006,13309,456.763,3.345751633986928,446.9111111111112,76.56476077538903,0.3093784227911047,0.0504036877528133,48.9,27.859548532674463,124.29444444444444,61.36748219024774,15172.333333333334,5604.346289562518,467.3496666666667,76.83000126469713,80.33333333333333,1.1547005383792526,399.9809523809524,173.1908258809116,0.5158711421709724,0.3079147886710916,48.13809523809523,23.114102465902324,113.52380952380952,61.75066715574734,17660.0,9766.883382123497,499.4537142857143,194.5096143362533,78.6,3.781534080237805,367.3666666666667,0.2585147307187089,21471.0,81.0,3,2025-11-28,2025-11-28,1
2025-11-28,2025-11-28 06:09:34-05:00,2025-11-28 11:07:33-05:00,0.0,94.98333333333332,0.0,193.46666666666667,288.45000000000005,297.98333333333335,288.45000000000005,,297.98333333333335,0.968007159237094,0.968007159237094,0.3292887271046397,0.0,0.6707112728953601,66.86142,58.0,75.0,67.0,3.7385165333171546,71.2289,56.2727,91.4199,65.9941,14.81854165654187,16.879310344827587,13.5,21.0,17.0,1.5683022470712866,,,,,,0.9825,0.97,1.0,0.98,0.0096824583655185,18816,509.562,3.368341708542714,391.97222222222234,117.76886535985692,0.5286103478897007,0.3838515954029566,43.21111111111111,37.63686628431894,113.41666666666669,63.34454067505213,17865.333333333332,4163.218266357537,505.083,46.24347046881415,81.0,0.0,364.8880952380952,166.23329342798758,0.6004336821926499,0.3424655177864188,42.59761904761905,29.49705325610763,105.03809523809524,59.229872119756855,20033.285714285714,7015.959870521073,546.1235714285714,136.40395903205626,80.25,0.9574271077563344,520.1000000000001,0.3593091537132989,13309.0,81.0,4,2025-11-29,2025-11-29,1
2025-11-29,2025-11-30 02:20:07-05:00,2025-11-30 06:00:13-05:00,0.0,40.2,52.266666666666666,120.08333333333331,212.55,220.1,212.55,,220.1,0.96569741026806,0.96569741026806,0.1891319689484827,0.2459029248020073,0.5649651062495099,68.7175358490566,63.0,76.0,69.0,2.6975283559175045,69.2362,60.8005,77.6719,69.2362,8.435699999999997,17.863636363636363,14.0,25.0,17.5,2.0515061993448653,,,,,,0.98,0.97,1.0,0.98,0.0106904496764969,1865,104.213,3.0921875,340.3666666666668,160.21315749130378,0.7643379077394844,0.3507670914240358,40.36666666666667,35.926514504533344,106.37222222222222,72.54031892934003,11330.0,8647.04753080495,356.846,220.37356492329084,81.0,,316.31428571428575,151.25518798221262,0.6835075410659115,0.3516719662863471,38.26428571428572,24.434649101625663,88.11190476190475,58.26628822840308,17591.285714285714,9853.350745039072,497.2807142857142,216.1094268048126,80.33333333333333,1.1547005383792472,288.45000000000005,0.968007159237094,18816.0,,5,2025-11-30,2025-11-30,0
2025-11-30,2025-11-30 06:00:13-05:00,2025-12-01 06:29:05-05:00,0.0,44.71666666666667,82.41666666666666,92.95,220.08333333333337,1468.8666666666666,220.08333333333337,,1468.8666666666666,0.1498320700767031,0.1498320700767031,0.2031806134040136,0.3744793638773191,0.4223400227186671,107.70873216560511,58.0,152.0,103.0,21.49685902500576,32.16206923076923,11.2047,66.8564,30.4146,13.89757830483618,17.82857142857143,14.0,24.5,17.5,2.0940147944042025,85.0,85.0,85.0,85.0,0.0,0.9823076923076924,0.97,1.0,0.98,0.0118671143234934,26304,681.972,3.5303030303030303,240.36111111111117,41.816189492870485,0.6945122131939524,0.4717082546073844,44.894444444444446,41.69998778754594,59.96666666666667,30.40929591058901,15661.666666666666,12521.123924525831,431.9156666666667,296.60256291936065,85.0,,303.95,155.6520359529434,0.5629807198547377,0.3717198597853354,45.00714285714285,29.4510734526473,80.1190476190476,60.06674946702535,17693.714285714286,9953.538963844068,491.94428571428574,210.08993385906112,81.5,2.516611478423583,212.55,0.96569741026806,1865.0,,6,2025-12-01,2025-12-01,0
2025-12-01,2025-12-01 06:29:05-05:00,2025-12-02 06:32:41-05:00,0.0,70.83333333333334,39.2,138.7,248.73333333333335,1443.6,248.73333333333335,,1443.6,0.1723007296573381,0.1723007296573381,0.2847761994103457,0.1575984990619137,0.5576253015277405,111.70692343987824,64.0,159.0,116.0,17.843054240467875,41.12745,20.4563,74.9111,35.0638,18.77601969999233,16.96153846153846,13.0,22.5,16.5,1.7316237206908351,76.0,76.0,76.0,76.0,0.0,0.97125,0.94,1.0,0.97,0.0153602571593056,29717,817.74,3.594585448392555,227.12222222222223,19.091041626121857,0.4292767366673672,0.4646897507644243,57.96111111111111,22.163936757548065,51.916666666666664,16.537239121986584,19295.333333333332,15191.265001089703,534.6416666666667,378.8929469815101,80.5,6.363961030678928,330.0785714285715,120.37147737789732,0.4548532339446441,0.3572423027236151,45.79761904761904,29.168867263922273,89.08809523809524,51.60306274491935,17459.85714285714,9591.756850347623,502.2194285714286,225.75083888500973,80.4,3.286335345030998,220.08333333333337,0.1498320700767031,26304.0,85.0,0,2025-12-02,2025-12-02,1
2025-12-02,2025-12-02 06:32:41-05:00,2025-12-03 06:07:07-05:00,0.0,87.93333333333332,44.21666666666666,316.0666666666666,587.9166666666666,1414.4333333333334,587.9166666666666,,1414.4333333333334,0.4156552683053283,0.4156552683053283,0.1495676824946846,0.0752090715804394,0.5376045357902196,82.3985578358209,62.0,136.0,80.0,11.765672273155676,65.4327,28.0514,169.452,44.2806,47.01413654076825,17.579710144927535,13.5,25.5,17.0,2.211011946830572,,,,,,0.9736842105263156,0.95,1.0,0.97,0.0134596966868888,3100,253.282,3.16933962264151,352.2444444444445,204.60022695581327,0.2459293560131233,0.1474156509445408,55.27777777777778,23.63643805025837,67.82777777777778,21.764537500084437,19707.0,14482.972036153338,584.3313333333333,294.6243087074341,80.5,6.363961030678928,349.31428571428575,150.36114470161135,0.4699023602823615,0.3523235203178085,49.67619047619047,26.38391390029939,83.41904761904762,48.76674491959566,16368.857142857143,10837.339148034627,481.7794285714285,242.7687996509278,80.75,3.6855573979159977,248.73333333333335,0.1723007296573381,29717.0,76.0,1,2025-12-03,2025-12-03,1
2025-12-03,2025-12-03 06:07:07-05:00,2025-12-04 06:10:15-05:00,0.0,123.6,36.666666666666664,191.94999999999996,352.21666666666664,1443.1333333333334,352.21666666666664,,1443.1333333333334,0.2440638425647895,0.2440638425647895,0.3509203615198978,0.1041025883689017,0.5449770501112005,94.26551521739133,59.0,157.0,94.0,21.941027555220153,43.812466666666666,14.2208,63.518,46.1343,15.097171152680668,16.674418604651162,13.5,23.5,16.5,1.823246915023371,76.0,76.0,76.0,76.0,0.0,0.97625,0.93,1.0,0.98,0.0169096865730858,8213,292.848,3.5120171673819742,396.28888888888895,173.8335525193034,0.2773399468424855,0.1250433213213254,40.02777777777778,3.8424649688757246,94.12222222222222,26.922240564949877,13676.666666666666,14124.620785470071,454.6233333333333,315.0899114496263,76.0,0.0,347.15000000000003,150.16690128234256,0.4678379476889445,0.3538077753459823,46.22857142857142,26.264588035148844,92.3142857142857,49.73601276347416,14474.857142857143,10954.93047944732,445.19714285714286,250.14628597977665,79.5,4.358898943540675,587.9166666666666,0.4156552683053283,3100.0,,2,2025-12-04,2025-12-04,0
2025-12-04,2025-12-04 06:10:15-05:00,2025-12-05 06:06:09-05:00,0.0,88.45,29.133333333333333,249.24999999999997,366.83333333333326,1435.9,366.83333333333326,,1435.9,0.2554727580843605,0.2554727580843605,0.2411176737846434,0.079418446160836,0.6794638800545207,91.68055360230548,51.0,137.0,94.0,16.06911810116092,33.96182727272728,11.2266,99.6315,28.68,23.51371921593051,16.5,14.0,22.5,16.5,1.3606437268261486,70.0,70.0,70.0,70.0,0.0,0.9705263157894736,0.94,1.0,0.97,0.0163751044064253,6884,394.354,3.4864150943396224,435.6555555555556,132.0643638674099,0.3050639563181596,0.0959446171164117,36.672222222222224,7.541668201350396,99.99444444444444,20.444642964011944,6065.666666666667,2652.912424738804,313.49466666666666,72.76703188486684,73.0,4.242640687119285,325.2547619047619,130.65253562842796,0.4530041768848105,0.3612155037074439,40.55714285714286,24.81628396306443,78.67380952380952,29.327093492168835,13557.0,11331.575853928412,436.28157142857145,250.7767368808739,76.75,6.184658438426491,352.21666666666664,0.2440638425647895,8213.0,76.0,3,2025-12-05,2025-12-05,0
2025-12-05,2025-12-05 06:06:09-05:00,2025-12-06 06:00:10-05:00,0.0,92.96666666666668,20.1,302.4833333333333,415.55,1434.0166666666669,415.55,,1434.0166666666669,0.2897804535047245,0.2897804535047245,0.2237195684434283,0.0483696306100348,0.7279108009465366,85.97361299638989,50.0,146.0,88.0,14.727293292031163,32.13726666666666,20.3837,45.3414,31.1808,9.59111638826958,17.456521739130434,13.0,26.5,17.0,3.153373085244561,80.0,80.0,80.0,80.0,0.0,0.981818181818182,0.97,0.99,0.98,0.0083319558090106,1806,180.7,3.0384,378.2000000000001,33.16140242979858,0.2631056847179583,0.023794921846959,28.633333333333336,8.294643519230503,101.67222222222222,19.123824098441855,5634.333333333333,3381.369890049525,289.30066666666664,106.87116360053916,75.33333333333333,5.033222956847168,343.41190476190474,133.48618971232722,0.356114647494472,0.2824183322707883,43.42857142857143,20.045717918755265,78.38571428571429,29.149541684617947,11127.0,11828.794584966525,389.3012857142857,265.1526976056844,77.4,5.549774770204643,366.83333333333326,0.2554727580843605,6884.0,70.0,4,2025-12-06,2025-12-06,1
2025-12-06,2025-12-06 06:00:10-05:00,2025-12-07 06:14:09-05:00,0.0,120.1,66.33333333333333,276.36666666666673,541.6999999999999,1453.9833333333331,541.6999999999999,,1453.9833333333331,0.3725627299716869,0.3725627299716869,0.2217094332656452,0.122454002830595,0.51018398867762,84.49528927038627,63.0,135.0,78.0,16.652220603209457,35.02596666666667,13.8189,71.842,23.2759,21.494202507136148,16.89,14.0,31.5,16.5,2.7772108310317383,79.0,79.0,79.0,79.0,0.0,0.9728571428571428,0.91,1.0,0.97,0.0202702825274216,6582,198.46,3.3211981566820277,441.36111111111114,90.24548670360365,0.3059386471869241,0.0601941093168302,38.522222222222226,24.504973040256623,100.50555555555556,17.118900644003286,5090.666666666667,2848.609719377781,257.838,118.55934417834744,76.33333333333333,5.507570547286104,390.43333333333334,137.6151665844798,0.2713811217378473,0.0974522861474086,45.43809523809524,21.714947732528717,89.8,27.288905288630584,11800.857142857143,11337.372453212303,402.7651428571429,250.23717277243787,77.66666666666667,5.00666222813829,415.55,0.2897804535047245,1806.0,80.0,5,2025-12-07,2025-12-07,0
2025-12-07,2025-12-07 06:14:09-05:00,2025-12-07 10:03:47-05:00,0.0,81.89999999999999,0.0,139.2,221.1,229.63333333333333,221.1,,229.63333333333333,0.9628393090434024,0.9628393090434024,0.3704206241519674,0.0,0.6295793758480325,68.4474,58.0,80.0,68.5,4.26063192357051,43.259,42.4825,44.0355,43.259,0.7764999999999986,15.608695652173912,12.5,24.0,15.0,2.115966845198926,,,,,,0.975,0.96,0.99,0.97,0.0111803398874989,10260,385.108,3.4429280397022333,392.78333333333336,161.50798999843093,0.5417274975066048,0.3670348684881524,28.811111111111114,34.01382616481674,98.32222222222224,19.65506248988993,6216.0,4238.867301532354,254.756,113.23686382092998,79.5,0.7071067811866129,390.57857142857137,137.40579322059918,0.3875250130188043,0.2664257610514661,33.66428571428571,20.640095886430785,95.11190476190475,19.581006278491035,9508.857142857143,9367.286380956715,360.3560000000001,218.12741446839456,76.2,3.898717737923587,541.6999999999999,0.3725627299716869,6582.0,79.0,6,2025-12-08,2025-12-08,1
2025-12-09,2025-12-09 19:07:35-05:00,2025-12-09 20:26:28-05:00,0.0,0.0,0.0,0.0,74.86666666666667,78.88333333333334,74.86666666666667,,78.88333333333334,0.9490809211916332,0.9490809211916332,0.0,0.0,0.0,70.52491,67.0,73.0,71.0,1.5286855968118491,37.517,37.517,37.517,37.517,0.0,,,,,,,,,,,0.97,0.97,0.97,0.97,0.0,3166,280.068,3.1784883720930237,279.2222222222223,238.78229585715675,0.7614943200689077,0.3368948792141756,22.11111111111111,38.2975678562452,67.33333333333333,61.3607637935947,6669.333333333333,3547.806270547124,287.8786666666667,93.56881885186542,79.0,,365.74047619047616,177.2557147532865,0.498493611809418,0.3185177790285299,28.064285714285713,23.941600298804666,84.99285714285715,40.907526538685104,5715.857142857143,3099.225195032429,283.54571428571427,83.09102759767947,76.25,4.500000000000002,221.1,0.9628393090434024,10260.0,,1,2025-12-10,2025-12-10,1
2025-12-10,2025-12-10 06:49:57-05:00,2025-12-10 21:10:54-05:00,0.0,136.20000000000002,76.86666666666666,277.4,490.4666666666667,860.95,490.4666666666667,,860.95,0.5696807789844551,0.5696807789844551,0.2776947125186897,0.1567214897376647,0.5655837977436454,77.71617987012986,63.0,110.0,73.0,10.540253167123751,39.8184,21.1903,60.2541,41.493,11.994938348439192,17.160377358490567,14.5,24.0,16.5,1.8448643272345144,,,,,,0.9676470588235294,0.94,0.99,0.97,0.0130741828064075,2863,137.326,3.075714285714286,262.14444444444456,210.81822695112191,0.8272003364064971,0.2231245507563051,25.622222222222224,44.37899069170925,72.7,68.56449518519035,5429.666666666667,4185.93386633539,267.50066666666663,124.36813611746857,,,351.8190476190476,159.87247534524488,0.5204972561921503,0.3171586754283143,32.72857142857143,30.021340734066133,91.88809523809525,45.31605544343395,5682.0,3133.6677658403187,266.9805714285714,99.9734947721277,76.25,4.500000000000002,74.86666666666667,0.9490809211916332,3166.0,,2,2025-12-11,2025-12-11,0
2025-12-12,2025-12-12 12:29:04-05:00,2025-12-12 21:46:20-05:00,0.0,130.66666666666669,63.81666666666666,298.98333333333335,493.4666666666667,557.2666666666667,493.4666666666667,,557.2666666666667,0.8855126211269292,0.8855126211269292,0.2647932991083491,0.1293231559038097,0.6058835449878411,77.60301363636363,61.0,98.0,79.0,5.991780969021075,49.75985,36.8033,60.4296,50.90325,9.139306985898877,17.318181818181817,13.5,27.5,17.0,2.1728984337298844,83.0,83.0,83.0,83.0,0.0,0.97375,0.95,1.0,0.97,0.0136358901432946,1228,77.578,2.4153846153846152,352.9333333333334,240.81746891231387,0.8014247737676726,0.2031974200915006,46.894444444444446,41.132618623360386,88.95555555555556,77.0874347257229,2419.0,1042.503237405212,164.99066666666664,104.04109938545004,83.0,,371.997619047619,168.60650289197145,0.6121327959867416,0.3166436040175469,36.607142857142854,32.28349230893979,92.89761904761905,46.21015042872617,4684.142857142857,3301.044401830596,236.22771428571428,121.48541790919492,78.0,5.597618541248891,490.4666666666667,0.5696807789844551,2863.0,,4,2025-12-13,2025-12-13,0
2025-12-13,2025-12-13 13:47:33-05:00,2025-12-14 02:59:08-05:00,0.0,127.5,39.25,315.9166666666667,544.15,791.5833333333334,544.15,,791.5833333333334,0.6874197283924623,0.6874197283924623,0.2343103923550491,0.0721308462740053,0.580569083279733,78.92232736842105,63.0,105.0,79.0,9.03923518936888,40.48111428571429,18.9578,60.2599,40.286,15.39119656319608,17.314814814814813,14.0,26.5,17.0,2.082324858795644,,,,,,0.975,0.89,1.0,0.99,0.029580398915498,6535,296.123,3.364855072463768,509.36111111111114,30.165379039430253,0.714204376167949,0.1596104669033942,59.97777777777778,19.099900620257188,131.45555555555555,4.40332366051621,3542.0,2717.8747211746713,170.3423333333333,112.95148496736596,83.0,,397.3285714285715,180.59489162474233,0.6738395060307562,0.2748899006555982,38.05238095238095,32.11917684443392,98.47619047619048,47.909581946913725,4634.285714285715,3264.7170737184174,222.1947142857143,104.68785983534622,80.66666666666667,2.0816659994661384,493.4666666666667,0.8855126211269292,1228.0,83.0,5,2025-12-14,2025-12-14,1
2025-12-14,2025-12-14 13:26:15-05:00,2025-12-14 21:33:41-05:00,0.0,63.8,52.78333333333333,268.8333333333333,385.4166666666667,487.43333333333334,385.4166666666667,,487.43333333333334,0.7907064213909595,0.7907064213909595,0.1655351351351351,0.1369513513513513,0.6975135135135134,72.01315803571428,62.0,101.411,71.0,6.6460722019346345,28.398775,23.7805,31.7274,29.0436,3.039971667117146,16.73913043478261,14.5,21.5,16.5,1.5348811398351176,68.0,68.0,68.0,68.0,0.0,0.9690909090909092,0.94,0.99,0.97,0.0131110955471417,5210,271.992,3.382283464566929,474.3444444444445,81.07596632057322,0.7878795903034504,0.0990766963946365,51.95000000000001,12.304515882841937,107.3222222222222,37.72459164543484,4324.333333333333,2762.130759637131,215.231,119.82002168669396,75.5,10.606601717798211,393.0238095238095,180.4472432024527,0.7454003585859326,0.2174459992903665,42.72142857142857,31.44296970572823,94.30952380952382,49.70332619574503,5120.571428571428,3017.37180656405,235.23642857142855,104.3428979788244,76.66666666666667,7.767453465154032,544.15,0.6874197283924623,6535.0,,6,2025-12-15,2025-12-15,1
2025-12-16,2025-12-16 13:13:35-05:00,2025-12-16 22:38:24-05:00,0.0,158.79999999999998,35.166666666666664,343.19999999999993,537.1666666666666,564.8166666666667,537.1666666666666,,564.8166666666667,0.9510460621440584,0.9510460621440584,0.2956251939187093,0.0654669562519391,0.6389078498293514,73.94895075757576,53.0,85.0,73.0,5.448356700912507,47.5411,22.1977,110.942,28.51235,36.74884352813024,16.394736842105264,13.5,25.5,16.5,1.822704858424249,72.0,72.0,72.0,72.0,0.0,0.9826666666666668,0.96,1.0,0.98,0.0106249183003394,945,41.609,2.6374999999999997,488.9111111111112,89.69680462123031,0.8097240706424934,0.1328381127505112,42.400000000000006,9.221095982100532,116.7,48.41208526804024,4230.0,2921.0143786021094,203.2413333333333,140.49674257552425,70.0,2.8284271247461903,392.37619047619046,179.8318025517032,0.8280408346105571,0.152300522970486,38.26904761904762,29.70058521148634,99.83809523809524,54.92789357023889,4315.285714285715,3301.197344110448,212.82914285714284,127.7687444675335,74.33333333333333,7.767453465154032,385.4166666666667,0.7907064213909595,5210.0,68.0,1,2025-12-17,2025-12-17,0
2025-12-17,2025-12-17 15:46:20-05:00,2025-12-17 20:53:21-05:00,0.0,77.88333333333333,32.666666666666664,184.41666666666663,294.96666666666664,307.01666666666665,294.96666666666664,,307.01666666666665,0.9607513164323326,0.9607513164323326,0.2640411345914792,0.1107469770595547,0.625211888348966,70.84288493150684,58.0,102.42,71.0,5.7149232869087925,35.07665,30.6812,39.4721,35.07665,4.3954499999999985,17.370967741935484,14.5,22.5,16.5,2.0711837893538076,,,,,,0.9755555555555556,0.96,0.99,0.97,0.0095581391856029,5692,176.518,2.920863309352518,405.8500000000001,122.3860728732369,0.9008345999891167,0.0954971715874905,40.20555555555555,10.96416300363918,100.1611111111111,51.26865062625534,3949.0,2612.6792761455204,163.373,115.7526455032444,70.0,2.8284271247461903,402.92857142857144,170.0051351932157,0.8277425499518329,0.1519942522171387,42.93571428571429,24.85682600296744,99.26428571428572,55.16697753233277,3662.714285714286,2197.050728763874,183.03057142857145,102.77152883923046,74.33333333333333,7.767453465154032,537.1666666666666,0.9510460621440584,945.0,72.0,2,2025-12-18,2025-12-18,1
2025-12-18,2025-12-18 16:21:56-05:00,2025-12-18 22:39:19-05:00,0.0,96.48333333333332,35.166666666666664,233.18333333333337,364.83333333333337,377.3833333333333,364.83333333333337,,377.3833333333333,0.966744689307954,0.966744689307954,0.2644586569209684,0.0963910461397898,0.6391502969392416,68.78613953488372,62.0,84.0,68.0,3.8674282740234585,44.785266666666665,28.3049,64.0278,42.0231,14.714019836499096,16.525641025641026,15.0,23.0,16.5,1.4409252634079095,,,,,,0.9871428571428572,0.97,1.0,0.99,0.0103015750727542,7812,329.24,3.317045454545455,398.988888888889,124.6601840263418,0.959514022628115,0.0079221143437932,34.333333333333336,1.4433756729741989,111.05555555555554,42.38087990452155,4816.333333333333,3516.250322905577,182.45566666666664,143.90740062391896,72.0,,444.35238095238094,95.93885708586404,0.8302659453970216,0.1544708915301544,47.95952380952381,17.06547537384907,113.04761904761904,34.36288160610414,4326.428571428572,2672.340475883938,190.05514285714284,111.79404059315168,74.33333333333333,7.767453465154032,294.96666666666664,0.9607513164323326,5692.0,,3,2025-12-19,2025-12-19,0
2025-12-20,2025-12-20 16:37:40-05:00,2025-12-21 00:22:59-05:00,0.0,110.54999999999998,39.2,303.03333333333336,452.78333333333336,465.31666666666666,452.78333333333336,,465.31666666666666,0.9730649378559404,0.9730649378559404,0.2441565134170132,0.086575624838959,0.6692678617440277,75.57368392857143,66.0,92.9674,74.0,4.435271552999754,51.814499999999995,24.2826,98.6212,42.1771,29.134817025854137,15.372340425531917,12.5,17.5,15.5,1.2224325465721897,,,,,,0.9664285714285716,0.93,0.99,0.97,0.0183642287602606,1720,148.946,2.849,370.86111111111126,79.08081719448832,0.9668536478654092,0.0061575337689971,35.677777777777784,3.296518927146827,94.9722222222222,16.38567576788837,5074.666666666667,3092.5622602194385,218.23466666666664,97.11689769207597,,,438.9690476190476,93.956796330652,0.8878922538072338,0.1098551480562915,42.57857142857143,11.444114265540632,109.38333333333333,32.81529679438694,4163.142857142857,2808.1320261323976,191.7151428571429,110.96377411334105,74.33333333333333,7.767453465154032,364.83333333333337,0.966744689307954,7812.0,,5,2025-12-21,2025-12-21,1
2025-12-21,2025-12-21 15:28:15-05:00,2025-12-21 23:43:43-05:00,0.0,86.91666666666667,38.7,329.6833333333334,455.30000000000007,495.46666666666664,455.30000000000007,,495.46666666666664,0.9189316469321852,0.9189316469321852,0.1908997730434145,0.0849989018229738,0.7241013251336116,72.34083813559322,63.0,93.0,72.0,5.236759927955186,39.31207499999999,28.5537,47.3094,40.6926,7.750317058474122,16.23404255319149,13.0,23.0,15.5,1.8475143273270136,,,,,,0.972,0.93,1.0,0.97,0.0190438091427809,3212,257.233,3.1284916201117317,424.30555555555566,51.51982448353962,0.9529137580320268,0.0295985521863563,37.68888888888889,2.198568557881168,97.98333333333332,11.887855614496054,4248.0,3175.3878503263604,245.13966666666667,90.753336811013,,,433.5166666666667,91.33809699661478,0.8926664003508418,0.1104590084406515,38.990476190476194,6.578654153866868,103.13333333333334,32.24746903648808,4446.571428571428,2550.8469088483,217.38014285714289,100.44253053600616,70.0,2.828427124746198,452.78333333333336,0.9730649378559404,1720.0,,6,2025-12-22,2025-12-22,0
2025-12-22,2025-12-22 14:54:41-05:00,2025-12-22 22:15:52-05:00,0.0,113.05,33.166666666666664,238.18333333333337,384.4,441.18333333333334,384.4,,441.18333333333334,0.8712931132182388,0.8712931132182388,0.2940946930280957,0.0862816510579257,0.6196236559139785,70.43220297029703,58.0,99.0,69.0,6.620215303974733,61.93926666666666,50.8201,79.428,55.5697,12.51749496353892,16.26829268292683,12.0,23.0,16.0,1.8282924226253816,,,,,,0.959,0.93,0.99,0.955,0.021189620100417,5333,244.147,3.360344827586207,430.8277777777779,40.227320502548125,0.9210965660021216,0.0509204401832524,37.02222222222222,3.3483550411331144,103.50555555555556,14.420677027307748,3421.6666666666665,1815.6024711741377,216.77533333333335,59.105200230886155,,,410.6952380952381,78.0842248936924,0.918934026754524,0.0667181371502894,38.12142857142857,6.9310273561456635,101.06904761904762,30.860364170235822,4274.857142857143,2424.1404269397804,209.955,95.44833638152294,70.0,2.828427124746198,455.30000000000007,0.9189316469321852,3212.0,,0,2025-12-23,2025-12-23,0
2025-12-24,2025-12-24 16:56:43-05:00,2025-12-24 22:34:24-05:00,0.0,94.96666666666668,54.266666666666666,182.9,332.1333333333333,337.68333333333334,332.1333333333333,,337.68333333333334,0.9835644834904496,0.9835644834904496,0.2859293456443195,0.1633881975110397,0.5506824568446407,69.70484125,59.0,84.0,70.0,3.735077121616559,42.00296666666667,32.7396,54.2826,38.9867,9.0498107053254,15.985294117647058,14.0,22.5,15.5,1.6824583471710075,,,,,,0.9688888888888888,0.96,0.98,0.97,0.0073702773119008,1987,173.755,3.048905109489051,390.61111111111126,61.81779978590548,0.924596414546958,0.0563496436527941,42.04444444444445,10.940360208031583,98.31111111111112,13.38382453782378,3510.6666666666665,1692.8763490974852,225.045,44.8977607904873,,,403.08333333333337,83.37691138349938,0.9464851784830228,0.0390067822702699,38.33333333333333,7.456739432416979,105.52142857142856,26.531942164614577,3814.428571428571,2521.0638532930734,195.92114285714288,91.96513480196305,72.0,,384.4,0.8712931132182388,5333.0,,2,2025-12-25,2025-12-25,0
2025-12-26,2025-12-26 16:08:49-05:00,2025-12-26 23:52:07-05:00,0.0,122.1,50.266666666666666,274.8500000000001,447.2166666666667,463.3,447.2166666666667,,463.3,0.96528527232175,0.96528527232175,0.2730220251183244,0.112398911787724,0.6145790630939515,67.05587663551401,54.0,84.0,67.0,4.106140697581198,43.57746666666667,25.5639,58.7815,46.387,13.705773615605295,15.619565217391305,13.0,21.0,15.5,1.639143409013351,,,,,,0.981,0.96,1.0,0.98,0.0113578166916005,3149,297.10699999999997,3.099,387.9166666666668,57.62220588550076,0.940047623010146,0.0602405125541066,45.900000000000006,11.207289294621257,110.03888888888888,13.81501129340957,3489.6666666666665,1698.8140961663908,238.33633333333333,61.88094909851627,,,390.2333333333334,63.9320074303485,0.94851935136555,0.039650244286437,40.490476190476194,8.49923121328809,100.27857142857144,15.639126841348494,4129.285714285715,2222.9787609036084,232.42085714285716,68.12519402646257,,,332.1333333333333,0.9835644834904496,1987.0,,4,2025-12-27,2025-12-27,1
2025-12-28,2025-12-28 16:02:39-05:00,2025-12-28 23:00:13-05:00,0.0,115.58333333333334,46.75,243.15000000000003,405.48333333333335,417.56666666666666,405.48333333333335,,417.56666666666666,0.9710625049892232,0.9710625049892232,0.2850507624645484,0.1152945045008015,0.5996547330346501,67.60192083333334,59.0,73.0,68.0,3.061877689490438,48.9255,46.7294,51.8704,48.1767,2.164562516229703,16.19047619047619,13.5,21.5,16.0,1.640094295170907,,,,,,0.9711111111111111,0.96,0.98,0.97,0.0073702773119008,1609,16.41,2.0,394.94444444444457,58.26100357045837,0.9733040869338078,0.0093434954619842,50.427777777777784,3.760922365196511,110.88333333333334,14.16410761200442,2248.3333333333335,802.5716998086125,162.424,140.69113377537252,,,406.02142857142866,48.19368303684771,0.9499923783022488,0.040365487278236,42.50238095238095,7.990170052027474,105.66428571428573,12.891478769626191,3546.0,2279.547323483319,209.5482857142857,106.238514412485,,,447.2166666666667,0.96528527232175,3149.0,,6,2025-12-29,2025-12-29,1
2025-12-29,2025-12-30 04:33:35-05:00,2025-12-30 07:23:25-05:00,0.0,0.0,0.0,0.0,168.31666666666666,169.83333333333334,168.31666666666666,,169.83333333333334,0.9910696761530912,0.9910696761530912,0.0,0.0,0.0,86.21254358974359,83.0,99.0,84.0,4.737949952425592,40.2542,40.2542,40.2542,40.2542,0.0,18.11111111111111,16.5,20.0,18.25,1.021376461713902,,,,,,0.98,0.95,1.0,0.99,0.0216024689946928,3470,222.352,3.0863095238095237,340.338888888889,150.42988892331678,0.9758058178213548,0.0135308215826663,32.338888888888896,28.06144217671354,79.22777777777777,68.69059116658414,2742.6666666666665,994.8167335412408,178.62299999999996,145.36805196809848,,,377.947619047619,102.65306431742152,0.9534673764229824,0.0430085467676246,37.478571428571435,18.06943068823212,91.88095238095238,42.32400972192732,2925.714285714286,1309.6917848977018,194.27857142857144,93.02814186911093,,,405.48333333333335,0.9710625049892232,1609.0,,0,2025-12-30,2025-12-30,0
2025-12-30,2025-12-30 16:59:14-05:00,2025-12-30 23:17:07-05:00,0.0,135.68333333333334,38.71666666666667,198.4666666666667,372.8666666666667,377.8833333333333,372.8666666666667,,377.8833333333333,0.9867242976227232,0.9867242976227232,0.363892365456821,0.1038351510817092,0.5322724834614697,69.82325444444444,60.0,80.0,71.0,3.5578156899099107,43.05186666666666,37.0306,54.5227,37.6023,8.114461298337815,16.105263157894736,13.5,20.0,16.0,1.298571556997403,,,,,,0.9690909090909092,0.94,1.0,0.97,0.0172966341731276,4734,276.015,3.2017241379310346,315.5555555555557,128.55127201640974,0.982952159588346,0.0105234734526109,28.488888888888894,24.996923884824405,83.75555555555555,73.22736725306193,3271.0,1571.9755087151668,171.59233333333336,137.04414188987835,,,366.5309523809525,97.24450257173072,0.955418713532523,0.0443353037438176,37.40952380952381,18.062678570545856,95.47142857142858,45.14385413472763,3356.285714285714,1342.2719190841572,212.43128571428568,95.0829160517551,,,168.31666666666666,0.9910696761530912,3470.0,,1,2025-12-31,2025-12-31,1
2025-12-31,2025-12-31 17:14:24-05:00,2025-12-31 23:48:51-05:00,0.0,124.11666666666666,40.71666666666667,223.1,387.93333333333334,394.45,387.93333333333334,,394.45,0.9834791059280856,0.9834791059280856,0.3199432892249527,0.1049578965457982,0.575098814229249,68.67891720430107,59.0,80.0,68.0,3.7450305308666527,55.98752499999999,32.3236,80.4098,55.60835,20.880929164356527,15.947368421052632,13.5,20.5,15.75,1.3317453609347365,,,,,,0.967,0.92,1.0,0.96,0.0257099202643648,3684,80.188,2.7413333333333334,309.7055555555557,122.67788935679066,0.9870910265679668,0.0038085504689556,26.477777777777785,22.952222921474043,86.59999999999998,75.22045562507873,3962.6666666666665,676.5096698005214,192.85166666666663,101.19167817727468,,,356.90714285714284,90.06363843557529,0.964639779103366,0.0421398429612684,37.69761904761905,18.102730069766697,100.7857142857143,46.14737204966221,3423.714285714286,1345.6668377035976,187.13914285714284,104.28151892102734,,,372.8666666666667,0.9867242976227232,4734.0,,2,2026-01-01,2026-01-01,0
2026-01-01,2026-01-01 15:58:41-05:00,2026-01-01 18:44:01-05:00,0.0,0.0,0.0,0.0,155.26666666666668,165.33333333333334,155.26666666666668,,165.33333333333334,0.9391129032258064,0.9391129032258064,0.0,0.0,0.0,68.54573243243244,64.0,73.0,68.0,2.3539352821311064,23.7516,23.7516,23.7516,23.7516,0.0,16.65625,15.5,18.0,17.0,0.6782042004440846,,,,,,0.9733333333333332,0.97,0.98,0.97,0.0047140452079103,4728,253.615,3.346103896103896,305.35555555555567,130.19891334814193,0.9697721022588718,0.0266011781937472,26.477777777777785,22.952222921474046,86.59999999999998,75.22045562507873,4382.0,604.4931761403589,203.27266666666665,107.18123145557313,,,324.17380952380955,116.240756246243,0.9743283205330184,0.01796081245268,32.95952380952381,23.128939818825604,84.63571428571429,59.103115657495415,3337.285714285714,1215.7587088296757,188.4917142857143,105.2015120229037,,,387.93333333333334,0.9834791059280856,3684.0,,3,2026-01-02,2026-01-02,0
2026-01-03,2026-01-03 15:01:07-05:00,2026-01-03 18:34:09-05:00,0.0,33.68333333333334,28.633333333333333,146.2,208.51666666666665,213.03333333333333,208.51666666666665,,213.03333333333333,0.9787983101236112,0.9787983101236112,0.1615378466949085,0.1373191591399568,0.7011429941651347,69.7611804347826,63.0,85.0,69.0,3.235651634364402,28.66625,24.1767,33.1558,28.66625,4.4895499999999995,16.11904761904762,13.0,21.0,16.0,1.6683664801290332,,,,,,0.97,0.96,0.98,0.97,0.01,2047,121.657,2.9419753086419753,250.5722222222223,121.90138128527995,0.9671301064258344,0.0243762224043115,23.11666666666667,20.911407041240587,52.59999999999999,64.1842421817414,3486.3333333333335,1351.386078562907,151.82,90.56260822767726,,,306.5142857142857,123.96349575751466,0.97364743862347,0.0176397921534553,29.297619047619047,21.1366266023456,75.88095238095238,61.795314328967315,3345.8571428571427,1204.8144294968297,181.04914285714284,108.2174616153816,,,155.26666666666668,0.9391129032258064,4728.0,,5,2026-01-04,2026-01-04,1
2026-01-04,2026-01-04 14:49:08-05:00,2026-01-04 22:15:50-05:00,0.0,150.25,38.18333333333334,245.71666666666667,434.15,446.7,434.15,,446.7,0.97190508171032,0.97190508171032,0.3460785442819302,0.0879496333832392,0.5659718223348306,69.3099820754717,60.0,91.0,70.0,4.150104519797634,42.261175,34.7867,52.214,41.022,6.636945002550118,15.642857142857142,13.5,21.0,15.5,1.2737538928662149,,,,,,0.9838461538461538,0.96,1.0,0.99,0.0138888231425136,6023,315.159,3.381993569131833,265.9777777777779,148.05510079146316,0.963272098353246,0.0212044613558949,22.27222222222223,19.870569620346547,61.311111111111096,78.8431113268857,4266.0,2027.8626679339663,230.1436666666667,98.86320659038506,,,304.64761904761906,121.56686371909667,0.97459312567898,0.0172907649609508,27.571428571428573,19.574382621846716,79.90238095238097,66.07233019547833,3756.428571428571,1563.0006245619093,183.628,111.60614382730188,,,208.51666666666665,0.9787983101236112,2047.0,,6,2026-01-05,2026-01-05,1
2026-01-05,2026-01-05 14:43:36-05:00,2026-01-05 23:14:38-05:00,0.0,123.15,42.71666666666667,316.01666666666665,481.8833333333333,511.03333333333336,481.8833333333333,,511.03333333333336,0.942958711108212,0.942958711108212,0.2555597827966658,0.0886452460830768,0.6557949711202573,68.78098205128205,62.0,84.0,68.0,3.648054099975014,55.408625,26.5983,117.754,38.641099999999994,36.41275231504583,16.255102040816325,14.5,19.5,16.0,1.129937911331956,,,,,,0.965,0.94,0.98,0.97,0.0120415945787923,1932,219.424,3.195789473684211,374.85000000000014,146.01267448790549,0.9645540343140478,0.0190170354619944,36.51111111111112,7.189041300118884,102.36111111111109,61.0006587699704,3334.0,2329.45208149906,218.74666666666667,96.75277818405604,,,315.56190476190477,134.83435506901932,0.9705782979816928,0.0210921088337048,26.995238095238097,18.965650515363272,80.98333333333333,66.81113166841895,3802.571428571429,1492.2026065677494,212.63,83.83244211322376,,,434.15,0.97190508171032,6023.0,,0,2026-01-06,2026-01-06,0
2026-01-08,2026-01-08 14:34:08-05:00,2026-01-08 22:19:57-05:00,0.0,141.21666666666667,33.666666666666664,268.81666666666666,443.7000000000001,465.81666666666666,443.7000000000001,,465.81666666666666,0.9525206626355148,0.9525206626355148,0.3182706032604612,0.0758770941326722,0.6058523026068664,72.39446111111111,63.0,110.0,72.0,5.144730138098405,49.89785,36.2,64.1325,49.62945,12.06814816749032,16.51086956521739,14.0,23.0,16.0,2.2877013582908714,,,,,,0.974,0.96,0.99,0.97,0.008,4586,229.314,3.1873684210526316,453.2444444444446,25.25747597430345,0.9557948184846824,0.0147483275374544,38.1888888888889,4.5250025578057,138.20555555555555,13.798644592589392,4180.333333333333,2075.4503928867107,254.63233333333332,52.65036617473024,,,354.90238095238095,124.48983873027552,0.9650712960506104,0.0198458830884682,31.804761904761904,14.787493822313944,101.15714285714286,59.165361376167425,3962.0,1510.2563800008595,213.6245714285714,84.00811912122577,,,481.8833333333333,0.942958711108212,1932.0,,3,2026-01-09,2026-01-09,1
2026-01-10,2026-01-10 14:55:10-05:00,2026-01-10 19:31:33-05:00,0.0,45.21666666666667,32.666666666666664,192.94999999999996,270.8333333333333,276.3833333333333,270.8333333333333,,276.3833333333333,0.9799191943556654,0.9799191943556654,0.1669538461538461,0.1206153846153846,0.7124307692307691,72.76834062500001,63.0,85.0,72.0,3.784718224886379,25.5844,24.8884,26.2804,25.5844,0.6959999999999997,16.732142857142858,14.0,24.5,16.5,2.3125517092950085,,,,,,0.97,0.94,0.99,0.975,0.0163299316185545,8675,341.348,3.387562189054726,398.80555555555566,112.45958821497354,0.9584661893664642,0.0191841417986981,36.35,5.536319475367509,103.1944444444444,51.01635177223225,5064.333333333333,3396.8535931555193,263.362,67.71864715128214,,,340.32619047619045,127.9609000094052,0.9640991384410308,0.0187445388821972,30.940476190476183,14.489992897855188,88.23333333333335,60.237509078646326,4525.0,2348.1499100355527,222.95785714285716,95.00449247523257,,,443.7000000000001,0.9525206626355148,4586.0,,5,2026-01-11,2026-01-11,1
2026-01-12,2026-01-12 16:04:09-05:00,2026-01-12 22:45:39-05:00,0.0,118.08333333333331,44.733333333333334,235.16666666666669,397.98333333333335,401.5,397.98333333333335,,401.5,0.9912411789124118,0.9912411789124118,0.2967042170945181,0.1124000167511202,0.5908957661543616,71.80238709677418,64.0,84.0,72.0,3.45478179384159,43.61626666666667,28.1532,62.4391,40.2565,14.19734150567947,16.15,13.0,20.5,16.25,1.2609520212918492,,,,,,0.978,0.96,1.0,0.98,0.0124899959967968,5678,349.129,3.1987854251012147,370.838888888889,89.57308055023674,0.9745603453011974,0.0199087303105626,37.02222222222223,6.696710082266224,101.50555555555552,50.1010682225143,6313.0,2117.167683486638,306.59700000000004,67.04202083022174,,,341.76190476190476,128.638659773646,0.9652080060102204,0.0202511174077958,31.514285714285712,15.011792983232484,87.37142857142858,59.67907747577694,4809.857142857143,2350.069887511955,261.378,80.99207274377903,,,270.8333333333333,0.9799191943556654,8675.0,,0,2026-01-13,2026-01-13,0
