in_bed_minutes,rem_minutes,deep_minutes,core_minutes,asleep_minutes,sleep_window_minutes,total_sleep_minutes,sleep_efficiency_raw,in_bed_fallback_minutes,sleep_efficiency_fallback,sleep_efficiency,rem_pct,deep_pct,core_pct,hr_mean,hr_min,hr_max,hr_median,hr_std,hrv_mean,hrv_min,hrv_max,hrv_median,hrv_std,resp_mean,resp_min,resp_max,resp_median,resp_std,resting_hr_mean,resting_hr_min,resting_hr_max,resting_hr_median,resting_hr_std,spo2_mean,spo2_min,spo2_max,spo2_median,spo2_std,steps,active_energy,avg_physical_effort,total_sleep_minutes_rolling_3d_mean,total_sleep_minutes_rolling_3d_std,sleep_efficiency_rolling_3d_mean,sleep_efficiency_rolling_3d_std,deep_minutes_rolling_3d_mean,deep_minutes_rolling_3d_std,rem_minutes_rolling_3d_mean,rem_minutes_rolling_3d_std,steps_rolling_3d_mean,steps_rolling_3d_std,active_energy_rolling_3d_mean,active_energy_rolling_3d_std,resting_hr_mean_rolling_3d_mean,resting_hr_mean_rolling_3d_std,total_sleep_minutes_rolling_7d_mean,total_sleep_minutes_rolling_7d_std,sleep_efficiency_rolling_7d_mean,sleep_efficiency_rolling_7d_std,deep_minutes_rolling_7d_mean,deep_minutes_rolling_7d_std,rem_minutes_rolling_7d_mean,rem_minutes_rolling_7d_std,steps_rolling_7d_mean,steps_rolling_7d_std,active_energy_rolling_7d_mean,active_energy_rolling_7d_std,resting_hr_mean_rolling_7d_mean,resting_hr_mean_rolling_7d_std,total_sleep_minutes_lag1,sleep_efficiency_lag1,steps_lag1,resting_hr_mean_lag1,day_of_week,fatigue_label
375.6166666666667,0.0,0.0,0.0,0.0,377.01666666666665,0.0,0.0,375.6166666666667,0.0,0.0,,,,,,,,,,,,,,,,,,,,,,,,,,,,,1216,24.055,,0.0,,0.0,,0.0,,0.0,,1216.0,,24.055,,,,0.0,,0.0,,0.0,,0.0,,1216.0,,24.055,,,,,,,,1,0
308.25,0.0,0.0,0.0,0.0,328.73333333333335,0.0,0.0,308.25,0.0,0.0,,,,,,,,,,,,,,,,,,,,,,,,,,,,,2923,49.003,,0.0,0.0,0.0,0.0,0.0,0.0,0.0,0.0,2069.5,1207.0312754854367,36.529,17.64089997704199,,,0.0,0.0,0.0,0.0,0.0,0.0,0.0,0.0,2069.5,1207.0312754854367,36.529,17.64089997704199,,,0.0,0.0,1216.0,,2,1
228.9,0.0,0.0,0.0,0.0,228.9,0.0,0.0,228.9,0.0,0.0,,,,,,,,,,,,,,,,,,,,,,,,,,,,,1425,28.322,,0.0,0.0,0.0,0.0,0.0,0.0,0.0,0.0,1854.6666666666667,931.08664115287,33.79333333333333,13.34362365826215,,,0.0,0.0,0.0,0.0,0.0,0.0,0.0,0.0,1854.6666666666667,931.08664115287,33.79333333333333,13.34362365826215,,,0.0,0.0,2923.0,,3,0
383.28333333333336,0.0,0.0,0.0,0.0,383.28333333333336,0.0,0.0,383.28333333333336,0.0,0.0,,,,,,,,,,,,,,,,,,,,,,,,,,,,,1084,27.631,,0.0,0.0,0.0,0.0,0.0,0.0,0.0,0.0,1810.6666666666667,978.2813160504156,34.98533333333333,12.144570981855775,,,0.0,0.0,0.0,0.0,0.0,0.0,0.0,0.0,1662.0,852.3086295468327,32.25275,11.32232821684657,,,0.0,0.0,1425.0,,4,0
236.23333333333335,0.0,0.0,0.0,0.0,236.7,0.0,0.0,236.23333333333335,0.0,0.0,,,,,,,,,,,,,,,,,,,,,,,,,,,,,3257,66.981,,0.0,0.0,0.0,0.0,0.0,0.0,0.0,0.0,1922.0,1168.648364564808,40.978,22.52190882230012,,,0.0,0.0,0.0,0.0,0.0,0.0,0.0,0.0,1981.0,1026.4635892227254,39.1984,18.367269987671,,,0.0,0.0,1084.0,,5,0
295.01666666666665,0.0,0.0,0.0,0.0,295.01666666666665,0.0,0.0,295.01666666666665,0.0,0.0,,,,,,,,,,,,,,,,,,,,,,,,,,,,,4642,99.159,,0.0,0.0,0.0,0.0,0.0,0.0,0.0,0.0,2994.3333333333335,1793.4844112323176,64.59033333333333,35.82387697239557,,,0.0,0.0,0.0,0.0,0.0,0.0,0.0,0.0,2424.5,1422.3415553234745,49.19183333333333,29.480460379150568,,,0.0,0.0,3257.0,,6,1
170.65,0.0,0.0,0.0,0.0,202.71666666666667,0.0,0.0,170.65,0.0,0.0,,,,,,,,,,,,,,,,,,,,,,,,,,,,,719,14.985,,0.0,0.0,0.0,0.0,0.0,0.0,0.0,0.0,2872.6666666666665,1989.5392263871888,60.375,42.47405085461004,,,0.0,0.0,0.0,0.0,0.0,0.0,0.0,0.0,2180.8571428571427,1449.624943283771,44.305142857142854,29.85642577641967,,,0.0,0.0,4642.0,,0,0
250.0,0.0,0.0,0.0,0.0,250.0,0.0,0.0,250.0,0.0,0.0,,,,,,,,,,,,,,,,,,,,,,,,,,,,,1517,29.304,,0.0,0.0,0.0,0.0,0.0,0.0,0.0,0.0,2292.6666666666665,2073.3370042839956,47.815999999999995,45.037053378301735,,,0.0,0.0,0.0,0.0,0.0,0.0,0.0,0.0,2223.8571428571427,1420.4042181214272,45.055,29.3242418543657,,,0.0,0.0,719.0,,1,0
260.56666666666666,0.0,0.0,0.0,0.0,260.56666666666666,0.0,0.0,260.56666666666666,0.0,0.0,,,,,,,,,,,,,,,,,,,,,,,,,,,,,2895,60.818,,0.0,0.0,0.0,0.0,0.0,0.0,0.0,0.0,1710.3333333333333,1100.807582338228,35.035666666666664,23.447920469272606,,,0.0,0.0,0.0,0.0,0.0,0.0,0.0,0.0,2219.8571428571427,1418.144847864212,46.74285714285714,29.923264067881867,,,0.0,0.0,1517.0,,2,0
247.48333333333332,0.0,0.0,0.0,0.0,247.48333333333332,0.0,0.0,247.48333333333332,0.0,0.0,,,,,,,,,,,,,,,,,,,,,,,,,,,,,2141,45.58,,0.0,0.0,0.0,0.0,0.0,0.0,0.0,0.0,2184.3333333333335,690.021255711253,45.234,15.759848857143275,,,0.0,0.0,0.0,0.0,0.0,0.0,0.0,0.0,2322.1428571428573,1376.468479911718,49.20828571428571,28.84408167899893,,,0.0,0.0,2895.0,,3,1
240.1,0.0,0.0,0.0,0.0,240.1,0.0,0.0,240.1,0.0,0.0,,,,,,,,,,,,,,,,,,,,,,,,,,,,,1463,32.247,,0.0,0.0,0.0,0.0,0.0,0.0,0.0,0.0,2166.3333333333335,716.3360477690164,46.215,14.296080896525464,,,0.0,0.0,0.0,0.0,0.0,0.0,0.0,0.0,2376.285714285714,1326.1850944577477,49.86771428571428,28.3165096702394,,,0.0,0.0,2141.0,,4,0
137.29999999999998,0.0,0.0,0.0,0.0,245.16666666666663,0.0,0.0,137.29999999999998,0.0,0.0,,,,,,,,,,,,,,,,,,,,,,,,,,,,,2474,44.054,,0.0,0.0,0.0,0.0,0.0,0.0,0.0,0.0,2026.0,515.2174298293888,40.627,7.297291894942956,,,0.0,0.0,0.0,0.0,0.0,0.0,0.0,0.0,2264.4285714285716,1271.410484087503,46.59242857142856,27.315412528809578,,,0.0,0.0,1463.0,,5,0
277.01666666666665,0.0,0.0,0.0,0.0,278.4,0.0,0.0,277.01666666666665,0.0,0.0,,,,,,,,,,,,,,,,,,,,,,,,,,,,,3715,77.431,,0.0,0.0,0.0,0.0,0.0,0.0,0.0,0.0,2550.6666666666665,1127.9558206478364,51.244,23.43438795872426,,,0.0,0.0,0.0,0.0,0.0,0.0,0.0,0.0,2132.0,1002.285554786326,43.48842857142857,20.80512722749805,,,0.0,0.0,2474.0,,6,0
163.3166666666667,0.0,0.0,0.0,0.0,214.5,0.0,0.0,163.3166666666667,0.0,0.0,,,,,,,,,,,,,,,,,,,,,,,,,,,,,636,21.388,,0.0,0.0,0.0,0.0,0.0,0.0,0.0,0.0,2275.0,1549.1161996441715,47.62433333333333,28.191575378707263,,,0.0,0.0,0.0,0.0,0.0,0.0,0.0,0.0,2120.1428571428573,1022.0829106244148,44.40314285714286,19.438992175766813,,,0.0,0.0,3715.0,,0,0
246.98333333333332,0.0,0.0,0.0,0.0,246.98333333333332,0.0,0.0,246.98333333333332,0.0,0.0,,,,,,,,,,,,,,,,,,,,,,,,,,,,,762,20.222,,0.0,0.0,0.0,0.0,0.0,0.0,0.0,0.0,1704.3333333333333,1742.4277125130145,39.68033333333333,32.698234116437135,,,0.0,0.0,0.0,0.0,0.0,0.0,0.0,0.0,2012.2857142857144,1130.4320286636305,43.105714285714285,20.865469119371085,,,0.0,0.0,636.0,,1,1
294.2,0.0,0.0,0.0,0.0,295.03333333333336,0.0,0.0,294.2,0.0,0.0,,,,,,,,,,,,,,,,,,,,,,,,,,,,,5134,137.84,,0.0,0.0,0.0,0.0,0.0,0.0,0.0,0.0,2177.3333333333335,2561.323355871596,59.81666666666666,67.57270378883277,,,0.0,0.0,0.0,0.0,0.0,0.0,0.0,0.0,2332.1428571428573,1628.7528386848046,54.10885714285714,41.684494649004165,,,0.0,0.0,762.0,,2,0
229.0,0.0,0.0,0.0,0.0,229.0,0.0,0.0,229.0,0.0,0.0,,,,,,,,,,,,,,,,,,,,,,,,,,,,,1785,38.964,,0.0,0.0,0.0,0.0,0.0,0.0,0.0,0.0,2560.3333333333335,2286.7995831146495,65.67533333333334,63.19509456700999,,,0.0,0.0,0.0,0.0,0.0,0.0,0.0,0.0,2281.285714285714,1641.2261386217433,53.163714285714285,41.984034253964865,,,0.0,0.0,5134.0,,3,1
175.13333333333333,0.0,0.0,0.0,0.0,234.23333333333332,0.0,0.0,175.13333333333333,0.0,0.0,,,,,,,,,,,,,,,,,,,,,,,,,,,,,2871,80.94200000000001,,0.0,0.0,0.0,0.0,0.0,0.0,0.0,0.0,3263.3333333333335,1708.623520069103,85.91533333333332,49.62525946867518,,,0.0,0.0,0.0,0.0,0.0,0.0,0.0,0.0,2482.4285714285716,1610.2122900560717,60.12014285714286,41.974864948873744,,,0.0,0.0,1785.0,,4,1
266.96666666666664,0.0,0.0,0.0,0.0,266.96666666666664,0.0,0.0,266.96666666666664,0.0,0.0,,,,,,,,,,,,,,,,,,,,,,,,,,,,,3984,90.885,,0.0,0.0,0.0,0.0,0.0,0.0,0.0,0.0,2880.0,1099.527625846663,70.26366666666667,27.558440854542823,,,0.0,0.0,0.0,0.0,0.0,0.0,0.0,0.0,2698.1428571428573,1707.1232555160773,66.81028571428571,42.71296667568404,,,0.0,0.0,2871.0,,5,1
225.26666666666668,0.0,0.0,0.0,0.0,225.26666666666668,0.0,0.0,225.26666666666668,0.0,0.0,,,,,,,,,,,,,,,,,,,,,,,,,,,,,3179,65.87,,0.0,0.0,0.0,0.0,0.0,0.0,0.0,0.0,3344.6666666666665,574.6967316188013,79.23233333333333,12.594831334056652,,,0.0,0.0,0.0,0.0,0.0,0.0,0.0,0.0,2621.5714285714284,1665.4229550020077,65.15871428571428,42.456597212974586,,,0.0,0.0,3984.0,,6,0
163.55,0.0,0.0,0.0,0.0,282.68333333333334,0.0,0.0,163.55,0.0,0.0,,,,,,,,,,,,,,,,,,,,,,,,,,,,,2768,67.667,,0.0,0.0,0.0,0.0,0.0,0.0,0.0,0.0,3310.3333333333335,618.5469532164334,74.80733333333335,13.952627936461823,,,0.0,0.0,0.0,0.0,0.0,0.0,0.0,0.0,2926.1428571428573,1418.4147757939058,71.77000000000001,37.85901094411562,,,0.0,0.0,3179.0,,0,1
240.36666666666667,0.0,0.0,0.0,0.0,240.36666666666667,0.0,0.0,240.36666666666667,0.0,0.0,,,,,,,,,,,,,,,,,,,,,,,,,,,,,3061,70.05,,0.0,0.0,0.0,0.0,0.0,0.0,0.0,0.0,3002.6666666666665,211.61836719276795,67.86233333333334,2.0968348369231538,,,0.0,0.0,0.0,0.0,0.0,0.0,0.0,0.0,3254.5714285714284,1052.8546682144463,78.88828571428571,30.525673384405916,,,0.0,0.0,2768.0,,1,0
256.4,0.0,0.0,0.0,0.0,256.4,0.0,0.0,256.4,0.0,0.0,,,,,,,,,,,,,,,,,,,,,,,,,,,,,4489,107.782,,0.0,0.0,0.0,0.0,0.0,0.0,0.0,0.0,3439.3333333333335,920.7672525309164,81.83299999999998,22.50405792296141,,,0.0,0.0,0.0,0.0,0.0,0.0,0.0,0.0,3162.4285714285716,873.9896752141595,74.5942857142857,21.684762197714495,,,0.0,0.0,3061.0,,2,1
270.18333333333334,0.0,0.0,0.0,0.0,270.18333333333334,0.0,0.0,270.18333333333334,0.0,0.0,,,,,,,,,,,,,,,,,,,,,,,,,,,,,2897,68.672,,0.0,0.0,0.0,0.0,0.0,0.0,0.0,0.0,3482.3333333333335,875.6468085554428,82.168,22.193072522749127,,,0.0,0.0,0.0,0.0,0.0,0.0,0.0,0.0,3321.285714285714,655.6982828216326,78.83828571428572,15.603679723217883,,,0.0,0.0,4489.0,,3,1
212.58333333333337,0.0,0.0,0.0,0.0,227.86666666666667,0.0,0.0,212.58333333333337,0.0,0.0,,,,,,,,,,,,,,,,,,,,,,,,,,,,,1481,45.652,,0.0,0.0,0.0,0.0,0.0,0.0,0.0,0.0,2955.6666666666665,1504.8579113435703,74.03533333333333,31.41032049077715,,,0.0,0.0,0.0,0.0,0.0,0.0,0.0,0.0,3122.714285714286,956.3403707686424,73.79685714285714,19.915826440535252,,,0.0,0.0,2897.0,,4,1
226.73333333333335,0.0,0.0,0.0,0.0,227.28333333333333,0.0,0.0,226.73333333333335,0.0,0.0,,,,,,,,,,,,,,,,,,,,,,,,,,,,,2978,64.81700000000001,,0.0,0.0,0.0,0.0,0.0,0.0,0.0,0.0,2452.0,841.8853841230416,59.71366666666667,12.3293596075925,,,0.0,0.0,0.0,0.0,0.0,0.0,0.0,0.0,2979.0,877.6933785022346,70.07285714285715,18.580441476891497,,,0.0,0.0,1481.0,,5,1
218.3,0.0,0.0,0.0,0.0,218.3,0.0,0.0,218.3,0.0,0.0,,,,,,,,,,,,,,,,,,,,,,,,,,,,,3186,65.367,,0.0,0.0,0.0,0.0,0.0,0.0,0.0,0.0,2548.3333333333335,930.1700561366908,58.612,11.227057717852889,,,0.0,0.0,0.0,0.0,0.0,0.0,0.0,0.0,2980.0,877.9631731076956,70.001,18.60036635839913,,,0.0,0.0,2978.0,,6,1
212.66666666666663,0.0,0.0,0.0,0.0,212.66666666666663,0.0,0.0,212.66666666666663,0.0,0.0,,,,,,,,,,,,,,,,,,,,,,,,,,,,,2503,45.377,,0.0,0.0,0.0,0.0,0.0,0.0,0.0,0.0,2889.0,350.0899884315466,58.52033333333335,11.385782069464238,,,0.0,0.0,0.0,0.0,0.0,0.0,0.0,0.0,2942.1428571428573,894.1913345907258,66.81671428571428,20.83969714842552,,,0.0,0.0,3186.0,,0,1
161.58333333333334,0.0,0.0,0.0,0.0,244.45,0.0,0.0,161.58333333333334,0.0,0.0,,,,,,,,,,,,,,,,,,,,,,,,,,,,,3498,67.756,,0.0,0.0,0.0,0.0,0.0,0.0,0.0,0.0,3062.3333333333335,508.8971736346484,59.5,12.289067377144615,,,0.0,0.0,0.0,0.0,0.0,0.0,0.0,0.0,3004.5714285714284,918.7888508144582,66.489,20.79837416722758,,,0.0,0.0,2503.0,,1,1
259.26666666666665,0.0,0.0,0.0,0.0,259.26666666666665,0.0,0.0,259.26666666666665,0.0,0.0,,,,,,,,,,,,,,,,,,,,,,,,,,,,,1542,29.419,,0.0,0.0,0.0,0.0,0.0,0.0,0.0,0.0,2514.3333333333335,978.0492489304075,47.51733333333334,19.2579116815228,,,0.0,0.0,0.0,0.0,0.0,0.0,0.0,0.0,2583.5714285714284,791.6162490211321,55.294285714285714,15.20556840671958,,,0.0,0.0,3498.0,,2,1
220.75,0.0,0.0,0.0,0.0,220.75,0.0,0.0,220.75,0.0,0.0,,,,,,,,,,,,,,,,,,,,,,,,,,,,,2383,46.744,,0.0,0.0,0.0,0.0,0.0,0.0,0.0,0.0,2474.3333333333335,981.19332108068,47.97299999999999,19.198026539204463,,,0.0,0.0,0.0,0.0,0.0,0.0,0.0,0.0,2510.1428571428573,781.4715666764922,52.16171428571429,14.216826787464289,,,0.0,0.0,1542.0,,3,0
46.60000000000001,0.0,0.0,0.0,0.0,295.01666666666665,0.0,0.0,46.60000000000001,0.0,0.0,,,,,,,,,,,,,,,,,,,,,,,,,,,,,5883,148.303,,0.0,0.0,0.0,0.0,0.0,0.0,0.0,0.0,3269.3333333333335,2302.229426736904,74.82199999999999,64.22329738498328,,,0.0,0.0,0.0,0.0,0.0,0.0,0.0,0.0,3139.0,1367.0520594817644,66.82614285714286,38.5317210552058,,,0.0,0.0,2383.0,,4,0
295.01666666666665,0.0,0.0,0.0,0.0,295.01666666666665,0.0,0.0,295.01666666666665,0.0,0.0,,,,,,,,,,,,,,,,,,,,,,,,,,,,,1378,35.548,,0.0,0.0,0.0,0.0,0.0,0.0,0.0,0.0,3214.6666666666665,2364.848479994719,76.865,62.11987191712488,,,0.0,0.0,0.0,0.0,0.0,0.0,0.0,0.0,2910.4285714285716,1523.2899545767004,62.64485714285714,40.33208953768934,,,0.0,0.0,5883.0,,5,1
285.71666666666664,0.0,0.0,0.0,0.0,285.71666666666664,0.0,0.0,285.71666666666664,0.0,0.0,,,,,,,,,,,,,,,,,,,,,,,,,,,,,2229,48.634,,0.0,0.0,0.0,0.0,0.0,0.0,0.0,0.0,3163.3333333333335,2393.426483795425,77.495,61.66960756320735,,,0.0,0.0,0.0,0.0,0.0,0.0,0.0,0.0,2773.714285714286,1537.3160284822936,60.25442857142857,40.638568900561864,,,0.0,0.0,1378.0,,6,1
169.33333333333334,0.0,0.0,0.0,0.0,169.33333333333334,0.0,0.0,169.33333333333334,0.0,0.0,,,,,,,,,,,,,,,,,,,,,,,,,,,,,1930,40.678,,0.0,0.0,0.0,0.0,0.0,0.0,0.0,0.0,1845.6666666666667,431.72251890923576,41.62,6.5936615017756015,,,0.0,0.0,0.0,0.0,0.0,0.0,0.0,0.0,2691.8571428571427,1569.060592474728,59.58314285714285,40.96279612212595,,,0.0,0.0,2229.0,,0,1
110.66666666666669,0.0,0.0,0.0,0.0,218.28333333333333,0.0,0.0,110.66666666666669,0.0,0.0,,,,,,,,,,,,,,,,,,,,,,,,,,,,,6345,176.433,,0.0,0.0,0.0,0.0,0.0,0.0,0.0,0.0,3501.3333333333335,2467.2211764114973,88.58166666666666,76.18541238539919,,,0.0,0.0,0.0,0.0,0.0,0.0,0.0,0.0,3098.5714285714284,2094.0143948202185,75.10842857142858,60.50834108026523,,,0.0,0.0,1930.0,,1,0
233.95,0.0,0.0,0.0,0.0,233.95,0.0,0.0,233.95,0.0,0.0,,,,,,,,,,,,,,,,,,,,,,,,,,,,,4255,93.375,,0.0,0.0,0.0,0.0,0.0,0.0,0.0,0.0,4176.666666666667,2208.542128494118,103.49533333333332,68.44100281507671,,,0.0,0.0,0.0,0.0,0.0,0.0,0.0,0.0,3486.1428571428573,2007.166695333784,84.24499999999999,57.19755418430639,,,0.0,0.0,6345.0,,2,1
205.4,0.0,0.0,0.0,0.0,205.5,0.0,0.0,205.4,0.0,0.0,,,,,,,,,,,,,,,,,,,,,,,,,,,,,3357,64.631,,0.0,0.0,0.0,0.0,0.0,0.0,0.0,0.0,4652.333333333333,1533.1149119793106,111.47966666666666,58.058212316031046,,,0.0,0.0,0.0,0.0,0.0,0.0,0.0,0.0,3625.285714285714,1950.9201858170857,86.8002857142857,55.6207977100721,,,0.0,0.0,4255.0,,3,0
273.85,0.0,0.0,0.0,0.0,273.85,0.0,0.0,273.85,0.0,0.0,,,,,,,,,,,,,,,,,,,,,,,,,,,,,3234,55.543,,0.0,0.0,0.0,0.0,0.0,0.0,0.0,0.0,3615.3333333333335,557.3709118112716,71.183,19.74871094527444,,,0.0,0.0,0.0,0.0,0.0,0.0,0.0,0.0,3246.8571428571427,1677.7917459736009,73.54885714285714,49.2058098853803,,,0.0,0.0,3357.0,,4,0
181.6,0.0,0.0,0.0,0.0,213.1,0.0,0.0,181.6,0.0,0.0,,,,,,,,,,,,,,,,,,,,,,,,,,,,,1652,39.601,,0.0,0.0,0.0,0.0,0.0,0.0,0.0,0.0,2747.6666666666665,950.8660964264776,53.25833333333333,12.670438087664287,,,0.0,0.0,0.0,0.0,0.0,0.0,0.0,0.0,3286.0,1629.4236199752763,74.12785714285714,48.70543353134422,,,0.0,0.0,3234.0,,5,0
237.7,0.0,0.0,0.0,0.0,237.7,0.0,0.0,237.7,0.0,0.0,,,,,,,,,,,,,,,,,,,,,,,,,,,,,2499,58.185,,0.0,0.0,0.0,0.0,0.0,0.0,0.0,0.0,2461.6666666666665,791.6604912039805,51.10966666666667,10.053959286437044,,,0.0,0.0,0.0,0.0,0.0,0.0,0.0,0.0,3324.5714285714284,1603.2172713165296,75.49228571428571,48.00090592448676,,,0.0,0.0,1652.0,,6,0
210.61666666666667,0.0,0.0,0.0,0.0,210.61666666666667,0.0,0.0,210.61666666666667,0.0,0.0,,,,,,,,,,,,,,,,,,,,,,,,,,,,,2924,57.837,,0.0,0.0,0.0,0.0,0.0,0.0,0.0,0.0,2358.3333333333335,647.5618374590395,51.87433333333333,10.630442574668928,,,0.0,0.0,0.0,0.0,0.0,0.0,0.0,0.0,3466.5714285714284,1499.7951923671508,77.94357142857143,46.33597383911389,,,0.0,0.0,2499.0,,0,0
167.21666666666667,0.0,0.0,0.0,0.0,265.6666666666667,0.0,0.0,167.21666666666667,0.0,0.0,,,,,,,,,,,,,,,,,,,,,,,,,,,,,4493,107.116,,0.0,0.0,0.0,0.0,0.0,0.0,0.0,0.0,3305.3333333333335,1050.2715521870175,74.37933333333334,28.351318916998125,,,0.0,0.0,0.0,0.0,0.0,0.0,0.0,0.0,3202.0,981.0310902310896,68.04114285714286,23.617053290850155,,,0.0,0.0,2924.0,,1,1
129.0,0.0,0.0,0.0,0.0,242.76666666666668,0.0,0.0,129.0,0.0,0.0,,,,,,,,,,,,,,,,,,,,,,,,,,,,,5485,125.958,,0.0,0.0,0.0,0.0,0.0,0.0,0.0,0.0,4300.666666666667,1291.2878584317775,96.97033333333331,35.17553943201636,,,0.0,0.0,0.0,0.0,0.0,0.0,0.0,0.0,3377.714285714286,1268.9683098598528,72.69585714285714,31.378030278251316,,,0.0,0.0,4493.0,,2,1
348.6333333333333,0.0,0.0,0.0,0.0,366.6166666666667,0.0,0.0,348.6333333333333,0.0,0.0,,,,,,,,,,,,,,,,,,,,,,,,,,,,,8129,194.158,,0.0,0.0,0.0,0.0,0.0,0.0,0.0,0.0,6035.666666666667,1879.5077369708608,142.41066666666666,45.79405115660048,,,0.0,0.0,0.0,0.0,0.0,0.0,0.0,0.0,4059.428571428571,2197.8333920130563,91.1997142857143,55.07380779074049,,,0.0,0.0,5485.0,,3,1
295.03333333333336,0.0,0.0,0.0,0.0,295.03333333333336,0.0,0.0,295.03333333333336,0.0,0.0,,,,,,,,,,,,,,,,,,,,,,,,,,,,,2512,57.547,,0.0,0.0,0.0,0.0,0.0,0.0,0.0,0.0,5375.333333333333,2810.1053954137246,125.88766666666668,68.30552715800779,,,0.0,0.0,0.0,0.0,0.0,0.0,0.0,0.0,3956.285714285714,2259.113521884614,91.486,54.86236721104914,,,0.0,0.0,8129.0,,4,1
295.0,0.0,0.0,0.0,0.0,295.0,0.0,0.0,295.0,0.0,0.0,,,,,,,,,,,,,,,,,,,,,,,,,,,,,5993,165.505,,0.0,0.0,0.0,0.0,0.0,0.0,0.0,0.0,5544.666666666667,2835.211514743358,139.07,72.03990733614258,,,0.0,0.0,0.0,0.0,0.0,0.0,0.0,0.0,4576.428571428572,2112.186691333798,109.47228571428572,55.649932368075966,,,0.0,0.0,2512.0,,5,1
204.0,0.0,0.0,0.0,0.0,226.41666666666663,0.0,0.0,204.0,0.0,0.0,,,,,,,,,,,,,,,,,,,,,,,,,,,,,6575,166.866,,0.0,0.0,0.0,0.0,0.0,0.0,0.0,0.0,5026.666666666667,2197.1213742834793,129.97266666666667,62.72615861292115,,,0.0,0.0,0.0,0.0,0.0,0.0,0.0,0.0,5158.714285714285,2003.0467388693744,124.99814285714284,54.09525074480068,,,0.0,0.0,5993.0,,6,0
295.03333333333336,0.0,0.0,0.0,0.0,295.03333333333336,0.0,0.0,295.03333333333336,0.0,0.0,,,,,,,,,,,,,,,,,,,,,,,,,,,,,12595,364.412,,0.0,0.0,0.0,0.0,0.0,0.0,0.0,0.0,8387.666666666666,3655.2594071191897,232.261,114.44814625410068,,,0.0,0.0,0.0,0.0,0.0,0.0,0.0,0.0,6540.285714285715,3188.9496031496906,168.7945714285714,97.41600032140026,,,0.0,0.0,6575.0,,0,1
159.4,0.0,0.0,0.0,0.0,159.4,0.0,0.0,159.4,0.0,0.0,,,,,,,,,,,,,,,,,,,,,,,,,,,,,8931,262.69,,0.0,0.0,0.0,0.0,0.0,0.0,0.0,0.0,9367.0,3033.590611799818,264.656,98.78767329986076,,,0.0,0.0,0.0,0.0,0.0,0.0,0.0,0.0,7174.285714285715,3155.0710881735404,191.01942857142856,98.73682031855724,,,0.0,0.0,12595.0,,1,1
295.01666666666665,0.0,0.0,0.0,0.0,295.01666666666665,0.0,0.0,295.01666666666665,0.0,0.0,,,,,,,,,,,,,,,,,,,,,,,,,,,,,6522,221.551,,0.0,0.0,0.0,0.0,0.0,0.0,0.0,0.0,9349.333333333334,3058.03602551267,282.88433333333336,73.54029272673152,,,0.0,0.0,0.0,0.0,0.0,0.0,0.0,0.0,7322.428571428572,3086.1250707612203,204.67557142857143,94.76946925892884,,,0.0,0.0,8931.0,,2,0
243.3,0.0,0.0,0.0,0.0,243.3,0.0,0.0,243.3,0.0,0.0,,,,,,,,,,,,,,,,,,,,,,,,,,,,,6149,190.177,,0.0,0.0,0.0,0.0,0.0,0.0,0.0,0.0,7200.666666666667,1510.0736185144524,224.806,36.36591894892823,,,0.0,0.0,0.0,0.0,0.0,0.0,0.0,0.0,7039.571428571428,3090.612876498923,204.1068571428571,94.8550113197832,,,0.0,0.0,6522.0,,3,1
218.13333333333333,0.0,0.0,0.0,0.0,218.13333333333333,0.0,0.0,218.13333333333333,0.0,0.0,,,,,,,,,,,,,,,,,,,,,,,,,,,,,6957,229.058,,0.0,0.0,0.0,0.0,0.0,0.0,0.0,0.0,6542.666666666667,404.3962578132152,213.59533333333337,20.62528822424912,,,0.0,0.0,0.0,0.0,0.0,0.0,0.0,0.0,7674.571428571428,2380.359486656224,228.60842857142856,69.43260259862842,,,0.0,0.0,6149.0,,4,0
295.0,0.0,0.0,0.0,0.0,295.0,0.0,0.0,295.0,0.0,0.0,,,,,,,,,,,,,,,,,,,,,,,,,,,,,1739,32.085,,0.0,0.0,0.0,0.0,0.0,0.0,0.0,0.0,4948.333333333333,2808.572828561391,150.43999999999997,104.325752137236,,,0.0,0.0,0.0,0.0,0.0,0.0,0.0,0.0,7066.857142857143,3261.256834850198,209.5484285714286,100.8478622329318,,,0.0,0.0,6957.0,,5,1
173.46666666666667,0.0,0.0,0.0,0.0,207.75,0.0,0.0,173.46666666666667,0.0,0.0,,,,,,,,,,,,,,,,,,,,,,,,,,,,,10951,325.97,,0.0,0.0,0.0,0.0,0.0,0.0,0.0,0.0,6549.0,4619.532876817741,195.70433333333335,149.75462802976523,,,0.0,0.0,0.0,0.0,0.0,0.0,0.0,0.0,7692.0,3557.24130003387,232.27757142857143,107.34496024632794,,,0.0,0.0,1739.0,,6,0
295.03333333333336,0.0,0.0,0.0,0.0,295.03333333333336,0.0,0.0,295.03333333333336,0.0,0.0,,,,,,,,,,,,,,,,,,,,,,,,,,,,,1565,28.291,,0.0,0.0,0.0,0.0,0.0,0.0,0.0,0.0,4751.666666666667,5369.485015654046,128.782,170.78035342802173,,,0.0,0.0,0.0,0.0,0.0,0.0,0.0,0.0,6116.285714285715,3465.1691980953196,184.2602857142857,113.39388501989325,,,0.0,0.0,10951.0,,0,1
203.31666666666663,0.0,0.0,0.0,0.0,203.31666666666663,0.0,0.0,203.31666666666663,0.0,0.0,,,,,,,,,,,,,,,,,,,,,,,,,,,,,7472,256.46,,0.0,0.0,0.0,0.0,0.0,0.0,0.0,0.0,6662.666666666667,4745.051562768663,203.57366666666667,155.72706877846687,,,0.0,0.0,0.0,0.0,0.0,0.0,0.0,0.0,5907.857142857143,3307.960924223632,183.37028571428573,112.69802787347894,,,0.0,0.0,1565.0,,1,1
248.23333333333332,0.0,0.0,0.0,0.0,248.23333333333332,0.0,0.0,248.23333333333332,0.0,0.0,,,,,,,,,,,,,,,,,,,,,,,,,,,,,7606,234.972,,0.0,0.0,0.0,0.0,0.0,0.0,0.0,0.0,5547.666666666667,3449.7411980224447,173.241,125.98932657570646,,,0.0,0.0,0.0,0.0,0.0,0.0,0.0,0.0,6062.714285714285,3366.3601864271586,185.28757142857145,113.5666551719843,,,0.0,0.0,7472.0,,2,0
194.7,0.0,0.0,0.0,0.0,194.7,0.0,0.0,194.7,0.0,0.0,,,,,,,,,,,,,,,,,,,,,,,,,,,,,5829,188.874,,0.0,0.0,0.0,0.0,0.0,0.0,0.0,0.0,6969.0,989.539792024554,226.7686666666667,34.53169351962567,,,0.0,0.0,0.0,0.0,0.0,0.0,0.0,0.0,6017.0,3367.16582108257,185.10142857142856,113.55837295983824,,,0.0,0.0,7606.0,,3,0
222.41666666666663,0.0,0.0,0.0,0.0,222.41666666666663,0.0,0.0,222.41666666666663,0.0,0.0,,,,,,,,,,,,,,,,,,,,,,,,,,,,,5487,182.087,,0.0,0.0,0.0,0.0,0.0,0.0,0.0,0.0,6307.333333333333,1137.6037681606592,201.97766666666664,28.77473486121729,,,0.0,0.0,0.0,0.0,0.0,0.0,0.0,0.0,5807.0,3344.5336994365384,178.39128571428571,111.90378970603022,,,0.0,0.0,5829.0,,4,0
214.91666666666663,0.0,0.0,0.0,0.0,214.91666666666663,0.0,0.0,214.91666666666663,0.0,0.0,,,,,,,,,,,,,,,,,,,,,,,,,,,,,6581,222.085,,0.0,0.0,0.0,0.0,0.0,0.0,0.0,0.0,5965.666666666667,559.6582290410199,197.682,21.40433715395129,,,0.0,0.0,0.0,0.0,0.0,0.0,0.0,0.0,6498.714285714285,2823.0186393460513,205.53414285714285,91.72533044808031,,,0.0,0.0,5487.0,,5,0
156.25,0.0,0.0,0.0,0.0,156.5,0.0,0.0,156.25,0.0,0.0,,,,,,,,,,,,,,,,,,,,,,,,,,,,,2183,59.926,,0.0,0.0,0.0,0.0,0.0,0.0,0.0,0.0,4750.333333333333,2289.674503795972,154.69933333333333,84.47750312558573,,,0.0,0.0,0.0,0.0,0.0,0.0,0.0,0.0,5246.142857142857,2437.095294852146,167.52785714285713,88.56900208204634,,,0.0,0.0,6581.0,,6,0
71.3,0.0,0.0,0.0,0.0,209.56666666666663,0.0,0.0,71.3,0.0,0.0,,,,,,,,,,,,,,,,,,,,,,,,,,,,,4134,80.896,,0.0,0.0,0.0,0.0,0.0,0.0,0.0,0.0,4299.333333333333,2203.6565824404965,120.969,88.19449709023803,,,0.0,0.0,0.0,0.0,0.0,0.0,0.0,0.0,5613.142857142857,1931.313320737248,175.04285714285714,76.14641432667416,,,0.0,0.0,2183.0,,0,0
237.46666666666667,0.0,0.0,0.0,0.0,238.15,0.0,0.0,237.46666666666667,0.0,0.0,,,,,,,,,,,,,,,,,,,,,,,,,,,,,1787,36.248,,0.0,0.0,0.0,0.0,0.0,0.0,0.0,0.0,2701.3333333333335,1256.4252199527546,59.02333333333333,22.337682989364097,,,0.0,0.0,0.0,0.0,0.0,0.0,0.0,0.0,4801.0,2196.467391062292,143.584,82.15564685197646,,,0.0,0.0,4134.0,,1,0
195.73333333333335,0.0,0.0,0.0,0.0,267.4,0.0,0.0,195.73333333333335,0.0,0.0,,,,,,,,,,,,,,,,,,,,,,,,,,,,,6204,177.252,,0.0,0.0,0.0,0.0,0.0,0.0,0.0,0.0,4041.6666666666665,2209.9471336059896,98.132,72.0648442446107,,,0.0,0.0,0.0,0.0,0.0,0.0,0.0,0.0,4600.714285714285,1947.921859682406,135.33828571428572,73.94043425784092,,,0.0,0.0,1787.0,,2,0
118.58333333333331,0.0,0.0,0.0,0.0,233.96666666666667,0.0,0.0,118.58333333333331,0.0,0.0,,,,,,,,,,,,,,,,,,,,,,,,,,,,,2724,66.73100000000001,,0.0,0.0,0.0,0.0,0.0,0.0,0.0,0.0,3571.6666666666665,2327.3109661867984,93.41033333333333,74.19145587150405,,,0.0,0.0,0.0,0.0,0.0,0.0,0.0,0.0,4157.142857142857,1974.9463645519932,117.88928571428572,73.61243175287328,,,0.0,0.0,6204.0,,3,1
137.33333333333334,0.0,0.0,0.0,0.0,137.33333333333334,0.0,0.0,137.33333333333334,0.0,0.0,,,,,,,,,,,,,,,,,,,,,,,,,,,,,12501,379.75,,0.0,0.0,0.0,0.0,0.0,0.0,0.0,0.0,7143.0,4955.67583685616,207.91099999999997,158.74572215023628,,,0.0,0.0,0.0,0.0,0.0,0.0,0.0,0.0,5159.142857142857,3746.684820325448,146.12685714285712,123.4104970797711,,,0.0,0.0,2724.0,,4,1
159.23333333333332,0.0,0.0,0.0,0.0,210.51666666666668,0.0,0.0,159.23333333333332,0.0,0.0,,,,,,,,,,,,,,,,,,,,,,,,,,,,,8340,238.789,,0.0,0.0,0.0,0.0,0.0,0.0,0.0,0.0,7855.0,4906.511082225332,228.42333333333332,156.76673395313608,,,0.0,0.0,0.0,0.0,0.0,0.0,0.0,0.0,5410.428571428572,3913.226412103055,148.51314285714284,125.27149015428924,,,0.0,0.0,12501.0,,5,0
138.5,0.0,0.0,0.0,0.0,218.73333333333332,0.0,0.0,138.5,0.0,0.0,,,,,,,,,,,,,,,,,,,,,,,,,,,,,4279,140.112,,0.0,0.0,0.0,0.0,0.0,0.0,0.0,0.0,8373.333333333334,4111.101352841272,252.88366666666664,120.439144310865,,,0.0,0.0,0.0,0.0,0.0,0.0,0.0,0.0,5709.857142857143,3699.465701448045,159.9682857142857,119.34685633998951,,,0.0,0.0,8340.0,,6,1
88.41666666666667,0.0,0.0,0.0,0.0,243.8,0.0,0.0,88.41666666666667,0.0,0.0,,,,,,,,,,,,,,,,,,,,,,,,,,,,,1685,33.123,,0.0,0.0,0.0,0.0,0.0,0.0,0.0,0.0,4768.0,3354.3400245055673,137.34133333333332,102.86099034295428,,,0.0,0.0,0.0,0.0,0.0,0.0,0.0,0.0,5360.0,3978.601680657832,153.14357142857145,125.81288737228942,,,0.0,0.0,4279.0,,0,1
97.0,0.0,0.0,0.0,0.0,97.0,0.0,0.0,97.0,0.0,0.0,,,,,,,,,,,,,,,,,,,,,,,,,,,,,2491,55.871,,0.0,0.0,0.0,0.0,0.0,0.0,0.0,0.0,2818.3333333333335,1327.617916922391,76.36866666666667,56.36290698973319,,,0.0,0.0,0.0,0.0,0.0,0.0,0.0,0.0,5460.571428571428,3880.928963411674,155.94685714285714,122.9604715825762,,,0.0,0.0,1685.0,,1,1
156.66666666666666,0.0,0.0,0.0,0.0,156.66666666666666,0.0,0.0,156.66666666666666,0.0,0.0,,,,,,,,,,,,,,,,,,,,,,,,,,,,,10413,323.731,,0.0,0.0,0.0,0.0,0.0,0.0,0.0,0.0,4863.0,4823.3063348703035,137.57500000000002,161.61655276610745,,,0.0,0.0,0.0,0.0,0.0,0.0,0.0,0.0,6061.857142857143,4316.879831103765,176.87242857142857,138.65311520464437,,,0.0,0.0,2491.0,,2,1
77.15,0.0,0.0,0.0,0.0,77.15,0.0,0.0,77.15,0.0,0.0,,,,,,,,,,,,,,,,,,,,,,,,,,,,,10753,328.166,,0.0,0.0,0.0,0.0,0.0,0.0,0.0,0.0,7885.666666666667,4675.010303018948,235.9226666666667,155.94508427114127,,,0.0,0.0,0.0,0.0,0.0,0.0,0.0,0.0,7208.857142857143,4348.735004901671,214.2202857142857,139.2495910056403,,,0.0,0.0,10413.0,,3,0
165.0,0.0,0.0,0.0,0.0,165.0,0.0,0.0,165.0,0.0,0.0,,,,,,,,,,,,,,,,,,,,,,,,,,,,,10254,304.366,,0.0,0.0,0.0,0.0,0.0,0.0,0.0,0.0,10473.333333333334,254.9124032551247,318.75433333333336,12.656437426597448,,,0.0,0.0,0.0,0.0,0.0,0.0,0.0,0.0,6887.857142857143,3958.4047472254706,203.45114285714288,126.66032922667432,,,0.0,0.0,10753.0,,4,1
89.76666666666667,0.0,0.0,0.0,0.0,89.76666666666667,0.0,0.0,89.76666666666667,0.0,0.0,,,,,,,,,,,,,,,,,,,,,,,,,,,,,6957,226.55,,0.0,0.0,0.0,0.0,0.0,0.0,0.0,0.0,9321.333333333334,2062.7177056818296,286.36066666666665,53.14693674458923,,,0.0,0.0,0.0,0.0,0.0,0.0,0.0,0.0,6690.285714285715,3908.039351315256,201.7027142857143,126.1747650651195,,,0.0,0.0,10254.0,,5,0
163.96666666666667,0.0,0.0,0.0,0.0,163.96666666666667,0.0,0.0,163.96666666666667,0.0,0.0,,,,,,,,,,,,,,,,,,,,,,,,,,,,,1627,34.071,,0.0,0.0,0.0,0.0,0.0,0.0,0.0,0.0,6279.333333333333,4353.240899988575,188.329,139.1419433061074,,,0.0,0.0,0.0,0.0,0.0,0.0,0.0,0.0,6311.428571428572,4290.580064013989,186.554,140.36916730061012,,,0.0,0.0,6957.0,,6,1
146.83333333333334,0.0,0.0,0.0,0.0,146.83333333333334,0.0,0.0,146.83333333333334,0.0,0.0,,,,,,,,,,,,,,,,,,,,,,,,,,,,,13516,352.104,,0.0,0.0,0.0,0.0,0.0,0.0,0.0,0.0,7366.666666666667,5955.077693307899,204.24166666666667,160.18580952860134,,,0.0,0.0,0.0,0.0,0.0,0.0,0.0,0.0,8001.571428571428,4489.99613426496,232.12271428571427,133.885022475399,,,0.0,0.0,1627.0,,0,1
123.81666666666666,0.0,0.0,0.0,0.0,123.81666666666666,0.0,0.0,123.81666666666666,0.0,0.0,,,,,,,,,,,,,,,,,,,,,,,,,,,,,996,13.763,,0.0,0.0,0.0,0.0,0.0,0.0,0.0,0.0,5379.666666666667,7053.331151543456,133.31266666666667,189.75072956996328,,,0.0,0.0,0.0,0.0,0.0,0.0,0.0,0.0,7788.0,4819.279614216216,226.10728571428572,143.70931066301202,,,0.0,0.0,13516.0,,1,1
160.61666666666667,0.0,0.0,0.0,0.0,160.61666666666667,0.0,0.0,160.61666666666667,0.0,0.0,,,,,,,,,,,,,,,,,,,,,,,,,,,,,13927,418.902,,0.0,0.0,0.0,0.0,0.0,0.0,0.0,0.0,9479.666666666666,7349.944240151302,261.5896666666667,217.20735653824747,,,0.0,0.0,0.0,0.0,0.0,0.0,0.0,0.0,8290.0,5297.568687615102,239.7031428571429,158.2506855029161,,,0.0,0.0,996.0,,2,0
165.01666666666668,0.0,0.0,0.0,0.0,165.01666666666668,0.0,0.0,165.01666666666668,0.0,0.0,,,,,,,,,,,,,,,,,,,,,,,,,,,,,3907,110.834,,0.0,0.0,0.0,0.0,0.0,0.0,0.0,0.0,6276.666666666667,6783.3752906155305,181.16633333333337,211.52867456761825,,,0.0,0.0,0.0,0.0,0.0,0.0,0.0,0.0,7312.0,5398.060392400218,208.65571428571425,159.31815962272296,,,0.0,0.0,13927.0,,3,1
95.93333333333334,0.0,0.0,0.0,0.0,95.93333333333334,0.0,0.0,95.93333333333334,0.0,0.0,,,,,,,,,,,,,,,,,,,,,,,,,,,,,6491,166.405,,0.0,0.0,0.0,0.0,0.0,0.0,0.0,0.0,8108.333333333333,5202.107777942833,232.047,164.18930318081024,,,0.0,0.0,0.0,0.0,0.0,0.0,0.0,0.0,6774.428571428572,5241.344161476864,188.94699999999995,153.94765671487175,,,0.0,0.0,3907.0,,4,0
104.81666666666666,0.0,0.0,0.0,0.0,104.81666666666666,0.0,0.0,104.81666666666666,0.0,0.0,,,,,,,,,,,,,,,,,,,,,,,,,,,,,6438,204.76,,0.0,0.0,0.0,0.0,0.0,0.0,0.0,0.0,5612.0,1476.8110915076463,160.66633333333334,47.22523255986502,,,0.0,0.0,0.0,0.0,0.0,0.0,0.0,0.0,6700.285714285715,5242.001898584348,185.83414285714284,153.27944102784798,,,0.0,0.0,6491.0,,5,1
55.13333333333333,0.0,0.0,0.0,0.0,55.13333333333333,0.0,0.0,55.13333333333333,0.0,0.0,,,,,,,,,,,,,,,,,,,,,,,,,,,,,11487,320.159,,0.0,0.0,0.0,0.0,0.0,0.0,0.0,0.0,8138.666666666667,2899.86281284707,230.44133333333335,80.02950262455313,,,0.0,0.0,0.0,0.0,0.0,0.0,0.0,0.0,8108.857142857143,4969.195019603994,226.70385714285712,143.92492438007227,,,0.0,0.0,6438.0,,6,0
165.0,0.0,0.0,0.0,0.0,165.0,0.0,0.0,165.0,0.0,0.0,,,,,,,,,,,,,,,,,,,,,,,,,,,,,12467,410.415,,0.0,0.0,0.0,0.0,0.0,0.0,0.0,0.0,10130.666666666666,3235.2651102086375,311.778,103.08334311129052,,,0.0,0.0,0.0,0.0,0.0,0.0,0.0,0.0,7959.0,4791.596985000582,235.03399999999996,153.7450012022071,,,0.0,0.0,11487.0,,0,1
87.91666666666667,0.0,0.0,0.0,0.0,87.91666666666667,0.0,0.0,87.91666666666667,0.0,0.0,,,,,,,,,,,,,,,,,,,,,,,,,,,,,6929,188.419,,0.0,0.0,0.0,0.0,0.0,0.0,0.0,0.0,10294.333333333334,2955.368222968722,306.331,111.64213448335734,,,0.0,0.0,0.0,0.0,0.0,0.0,0.0,0.0,8806.57142857143,3770.616654127141,259.98485714285715,122.93591707800256,,,0.0,0.0,12467.0,,1,0
153.65,0.0,0.0,0.0,0.0,153.65,0.0,0.0,153.65,0.0,0.0,,,,,,,,,,,,,,,,,,,,,,,,,,,,,8585,274.57300000000004,,0.0,0.0,0.0,0.0,0.0,0.0,0.0,0.0,9327.0,2842.5840356970934,291.1356666666667,111.9209428540225,,,0.0,0.0,0.0,0.0,0.0,0.0,0.0,0.0,8043.428571428572,3029.270971545401,239.36642857142857,102.19406105356144,,,0.0,0.0,6929.0,,2,0
162.85,0.0,0.0,0.0,0.0,162.85,0.0,0.0,162.85,0.0,0.0,,,,,,,,,,,,,,,,,,,,,,,,,,,,,6031,162.558,,0.0,0.0,0.0,0.0,0.0,0.0,0.0,0.0,7181.666666666667,1295.611567304538,208.51666666666668,58.64961389756418,,,0.0,0.0,0.0,0.0,0.0,0.0,0.0,0.0,8346.857142857143,2625.3330219594,246.75557142857147,92.78874767243624,,,0.0,0.0,8585.0,,3,1
106.03333333333332,0.0,0.0,0.0,0.0,106.03333333333332,0.0,0.0,106.03333333333332,0.0,0.0,,,,,,,,,,,,,,,,,,,,,,,,,,,,,7553,221.856,,0.0,0.0,0.0,0.0,0.0,0.0,0.0,0.0,7389.666666666667,1284.8102324208503,219.66233333333335,56.03971079808815,,,0.0,0.0,0.0,0.0,0.0,0.0,0.0,0.0,8498.57142857143,2529.1343616043055,254.67714285714283,86.97032581945896,,,0.0,0.0,6031.0,,4,0
14.833333333333334,0.0,0.0,0.0,0.0,14.833333333333334,0.0,0.0,14.833333333333334,0.0,0.0,,,,,,,,,,,,,,,,,,,,,,,,,,,,,4978,139.826,,0.0,0.0,0.0,0.0,0.0,0.0,0.0,0.0,6187.333333333333,1294.5989082852373,174.74666666666667,42.35153977523533,,,0.0,0.0,0.0,0.0,0.0,0.0,0.0,0.0,8290.0,2775.580359732596,245.40085714285712,96.15936682304806,,,0.0,0.0,7553.0,,5,1
64.93333333333334,0.0,0.0,0.0,0.0,78.4,0.0,0.0,64.93333333333334,0.0,0.0,,,,,,,,,,,,,,,,,,,,,,,,,,,,,7848,222.18,,0.0,0.0,0.0,0.0,0.0,0.0,0.0,0.0,6793.0,1578.7415874676865,194.62066666666664,47.45384984733427,,,0.0,0.0,0.0,0.0,0.0,0.0,0.0,0.0,7770.142857142857,2391.159860024098,231.4038571428571,90.4237793087426,,,0.0,0.0,4978.0,,6,1
130.28333333333333,0.0,0.0,0.0,0.0,130.28333333333333,0.0,0.0,130.28333333333333,0.0,0.0,,,,,,,,,,,,,,,,,,,,,,,,,,,,,989,16.730999999999998,,0.0,0.0,0.0,0.0,0.0,0.0,0.0,0.0,4605.0,3444.6795206521037,126.24566666666668,103.39556078639608,,,0.0,0.0,0.0,0.0,0.0,0.0,0.0,0.0,6130.428571428572,2562.832538237252,175.1632857142857,82.62081294628346,,,0.0,0.0,7848.0,,0,1
0.0833333333333333,0.0,0.0,0.0,0.0,0.0833333333333333,0.0,0.0,0.0833333333333333,0.0,0.0,,,,,,,,,,,,,,,,,,,,,,,,,,,,,5707,163.932,,0.0,0.0,0.0,0.0,0.0,0.0,0.0,0.0,4848.0,3509.256473955702,134.28099999999998,105.88535900208296,,,0.0,0.0,0.0,0.0,0.0,0.0,0.0,0.0,5955.857142857143,2540.8959331025576,171.66514285714285,82.48430273376984,,,0.0,0.0,989.0,,1,1
0.0,38.5,48.0,150.0,236.5,241.0,236.5,,241.0,0.9813278008298756,0.9813278008298756,0.1627906976744186,0.2029598308668076,0.6342494714587738,77.32665510204082,71.0,88.0061,75.0,4.854843495619995,31.3671,31.3671,31.3671,31.3671,0.0,17.125,15.0,19.0,17.25,1.033299730636437,,,,,,,,,,,20853,502.304,3.833870967741936,78.83333333333333,136.5433386633465,0.3271092669432918,0.566569869972392,16.0,27.712812921102035,12.833333333333334,22.22798536380059,9183.0,10378.17691119206,227.6556666666667,248.9795450480488,,,33.785714285714285,89.38859786668223,0.1401896858328393,0.3709070450899677,6.857142857142857,18.142294704442907,5.5,14.551632210855248,7708.428571428572,6221.586610534402,204.19814285714284,148.40553412460577,,,0.0,0.0,5707.0,,6,1
0.0,83.5,31.5,262.0,497.0,1436.35,497.0,,1436.35,0.3460159431893341,0.3460159431893341,0.1680080482897384,0.0633802816901408,0.5271629778672032,79.5927469387755,59.0,115.0,79.0,10.79074544774052,49.35259,28.1759,83.9246,41.904,15.992727234493184,16.71794871794872,14.5,25.0,16.5,1.8390175463631904,72.0,72.0,72.0,72.0,0.0,,,,,,2242,206.962,3.170469798657718,244.5,248.59656071635425,0.4424479146730698,0.4977202095691713,26.5,24.3874967965144,40.666666666666664,41.7921443974024,9600.666666666666,9897.616396553934,291.06600000000003,184.19830267404757,72.0,,104.78571428571428,194.11376757433968,0.189620534859887,0.3721647607666432,11.357142857142858,19.972302249436773,17.428571428571427,32.476181748357995,7167.142857142857,6548.103833135498,210.54157142857144,147.27371295183352,72.0,,236.5,0.9813278008298756,20853.0,,0,1
0.0,82.5,64.0,222.0,599.0,1437.1666666666667,599.0,,1437.1666666666667,0.4167922996636901,0.4167922996636901,0.1377295492487479,0.1068447412353923,0.3706176961602671,81.22426477611941,60.0,115.961,84.0,12.39963685238154,44.529475,23.442,91.6091,36.952,21.83356611363663,16.805555555555557,13.0,23.0,16.25,2.205667503456146,73.0,73.0,73.0,73.0,0.0,,,,,,2270,355.29699999999997,3.7028985507246377,444.1666666666667,186.9360407554769,0.5813786812276333,0.3481692072281848,47.833333333333336,16.25064101299802,68.16666666666667,25.696951829610704,8455.0,10736.992083446834,354.8543333333334,147.67149760984137,72.5,0.7071067811865476,190.3571428571429,260.7972894615207,0.2491622919546999,0.3701067802128005,20.5,27.235087662792644,29.214285714285715,39.34130266320747,6412.428571428572,6795.978586810065,229.60457142857143,157.27873938950674,72.5,0.7071067811865476,497.0,0.3460159431893341,2242.0,72.0,1,1
0.0,178.5,87.5,251.0,517.0,1434.0,517.0,,1434.0,0.3605299860529986,0.3605299860529986,0.3452611218568665,0.1692456479690522,0.4854932301740812,76.80370181818182,59.0,103.0,75.0,10.658630360391117,44.152018181818185,29.655,74.896,40.6964,13.23526709191072,15.481818181818182,12.5,20.5,15.0,1.461517381987378,69.0,69.0,69.0,69.0,0.0,,,,,,1243,183.968,3.0573333333333337,537.6666666666666,54.04936015655805,0.3744460763020076,0.0373840385032183,61.0,28.12027738127773,114.83333333333331,55.139217743211894,1918.3333333333333,585.0233613569161,248.7423333333333,92.99249297837616,71.33333333333333,2.081665999466131,264.2142857142857,270.9141710860436,0.3006665756765568,0.3544070751319871,33.0,35.17930262716038,54.714285714285715,66.0396706172744,5878.857142857143,7068.527273026807,235.91057142857144,153.92842302821265,71.33333333333333,2.081665999466131,599.0,0.4167922996636901,2270.0,73.0,2,1
0.0,51.0,19.5,179.0,389.0,1443.6166666666666,389.0,,1443.6166666666666,0.2694621148273434,0.2694621148273434,0.1311053984575835,0.0501285347043701,0.4601542416452442,80.34488811881188,59.0,114.0,83.0,12.12056902126566,38.43511818181818,22.0078,83.4625,33.9552,17.415453909247496,16.22222222222222,13.0,20.0,16.0,1.6348821077291291,71.0,71.0,71.0,71.0,0.0,,,,,,2118,281.165,3.091044776119403,501.6666666666667,105.83635166299588,0.3489281335146774,0.0743471457267772,57.0,34.53621287865825,104.0,66.41347754785922,1877.0,554.2950477859348,273.4766666666667,85.92286897173155,71.0,1.9999999999999971,319.7857142857143,246.47918389843412,0.3391611635090345,0.3301077463048332,35.785714285714285,32.823844410805414,62.0,61.66576575918494,5060.285714285715,7133.963080791435,244.337,154.66423758149998,71.25,1.7078251276599314,517.0,0.3605299860529986,1243.0,69.0,3,1
0.0,120.0,134.5,304.0,558.5,1461.4166666666667,558.5,,1461.4166666666667,0.3821634258995267,0.3821634258995267,0.2148612354521038,0.2408236347358997,0.5443151298119964,80.51050869565218,58.0,112.0,80.0,13.773976638686682,42.246599999999994,18.3972,70.1406,42.7759,14.294684005919503,16.819444444444443,13.0,27.5,16.5,2.4513397067776412,77.0,77.0,77.0,77.0,0.0,,,,,,2865,193.602,3.4239766081871346,488.1666666666667,88.3520420439354,0.3373851755932895,0.0598093476620424,80.5,57.81868210189506,116.5,63.822018144211015,2075.3333333333335,811.8413227554655,219.57833333333335,53.55269948689176,72.33333333333333,4.163331998932266,399.57142857142856,213.95997066652225,0.3937559386375384,0.2943301769728774,55.0,45.357836515130806,79.14285714285714,58.13612924687645,5328.285714285715,6989.298002763122,269.6042857142857,122.3564854686424,72.4,2.966479394838263,389.0,0.2694621148273434,2118.0,71.0,4,1
0.0,139.0,46.0,278.0,463.0,1418.9833333333331,463.0,,1418.9833333333331,0.3262899493769013,0.3262899493769013,0.3002159827213823,0.0993520518358531,0.6004319654427646,80.72141885521886,63.0,114.0,80.0,11.07162330561615,39.269954545454546,17.0916,56.7978,36.9067,10.866984603866022,15.489583333333334,12.5,20.5,15.0,1.6847650161735384,79.0,79.0,79.0,79.0,0.0,,,,,,2088,231.63,3.0654676258992803,470.1666666666667,84.97695766108204,0.3259718300345904,0.0563513289930604,66.66666666666667,60.22112032612257,103.33333333333331,46.30694692304097,2357.0,440.1965470105472,235.46566666666672,43.907334197527184,75.66666666666667,4.163331998932266,465.7142857142857,121.39119172564148,0.4403687885485242,0.2429266468566629,61.57142857142857,38.93951353427151,99.0,49.72926703662542,4811.285714285715,7089.742865912832,279.27542857142856,115.07052518326482,73.5,3.781534080237805,558.5,0.3821634258995267,2865.0,77.0,5,1
0.0,145.5,119.5,348.5,613.5,1439.5166666666669,613.5,,1439.5166666666669,0.4261847147769506,0.4261847147769506,0.2371638141809291,0.1947840260798696,0.5680521597392013,91.5792389380531,55.0,148.0,93.0,23.221864914985,40.79212,15.124,76.5891,38.15495,19.581481961782156,16.138461538461538,13.0,24.5,16.0,1.7748406045607683,73.0,73.0,73.0,73.0,0.0,,,,,,10399,349.63100000000003,3.4605405405405407,545.0,76.15280690821577,0.3782126966844595,0.0500644308324854,100.0,47.36296021154083,134.83333333333334,13.250786140200647,5117.333333333333,4590.526585625371,258.28766666666667,81.35868487342545,76.33333333333333,3.0550504633038895,519.5714285714286,78.96435301842895,0.3610626333981064,0.0541885685750512,71.78571428571429,43.8537884555572,114.28571428571428,44.16716082383036,3317.8571428571427,3158.5960714939656,257.46500000000003,72.25608831556457,73.42857142857143,3.4572215654165035,463.0,0.3262899493769013,2088.0,79.0,6,0
0.0,150.0,41.5,370.0,561.5,587.0333333333333,561.5,,587.0333333333333,0.956504457441372,0.956504457441372,0.2671415850400712,0.0739091718610863,0.6589492430988424,66.54631147540984,62.0,73.214,66.53715,3.0313562624456254,41.27154,29.1589,61.2462,34.8662,11.768653550784816,16.035087719298247,13.0,24.0,15.5,2.0193355888448803,,,,,,,,,,,8559,307.276,3.2641350210970463,546.0,76.4378832778616,0.569659707198408,0.3387202188111725,69.0,43.79212257929501,144.83333333333334,5.530220007679031,7015.333333333333,4365.24459032175,296.17900000000003,59.77806083338618,76.0,4.242640687119279,528.7857142857143,79.6517718692107,0.4482752782912546,0.2304707684697425,73.21428571428571,42.46356982055043,123.78571428571428,43.58980876961298,4220.285714285715,3662.2361891011183,271.79557142857146,70.49666606976801,73.66666666666667,3.7237973450050488,613.5,0.4261847147769506,10399.0,73.0,0,0
0.0,112.5,78.5,387.0,578.0,1483.1333333333334,578.0,,1483.1333333333334,0.3897154672540117,0.3897154672540117,0.194636678200692,0.1358131487889273,0.6695501730103807,82.68657266435987,60.0,127.0,79.0,13.64102396395916,35.329283333333336,12.5147,79.5224,31.391150000000003,17.58892681669509,17.132911392405063,13.0,25.5,17.0,2.144626580401326,79.0,79.0,79.0,79.0,0.0,,,,,,3737,299.529,3.2495614035087717,584.3333333333334,26.57222861058756,0.590801546490778,0.3172325106479879,79.83333333333333,39.01709027251178,136.0,20.47559522944327,7565.0,3440.434274913557,318.81200000000007,26.969650961775905,76.0,4.242640687119279,525.7857142857143,76.91491898133148,0.4444071593755863,0.2313129149845995,75.28571428571429,42.29249060891025,128.07142857142858,40.196837117933974,4429.857142857143,3572.915542829198,263.8287142857143,62.143702227751355,74.66666666666667,4.273952113286557,561.5,0.956504457441372,8559.0,,1,1
0.0,124.0,60.5,351.5,536.0,1354.6166666666666,536.0,,1354.6166666666666,0.3956838958130836,0.3956838958130836,0.2313432835820895,0.1128731343283582,0.6557835820895522,78.55561004184102,60.0,108.0,79.0,11.380635293882664,45.120639999999995,20.798,66.8372,45.9592,11.797691327306373,16.24576271186441,13.0,24.0,15.5,2.2947487609535235,72.0,72.0,72.0,72.0,0.0,,,,,,1620,185.08,2.9330275229357796,558.5,21.16010396949872,0.5806346068361558,0.3255265180908565,60.166666666666664,18.502252115170545,128.83333333333334,19.211541669874737,4638.666666666667,3556.287718019076,263.96166666666664,68.42325631196853,75.5,4.949747468305827,528.5,76.88844733335013,0.4494291464841699,0.229563361463307,71.42857142857143,42.224034004569575,120.28571428571428,33.52593168337154,4483.714285714285,3519.310714438537,263.9875714285714,61.90649942415078,75.16666666666667,3.6009258068817,578.0,0.3897154672540117,3737.0,79.0,2,1
0.0,123.5,44.0,302.0,469.5,1452.5333333333333,469.5,,1452.5333333333333,0.3232283825959243,0.3232283825959243,0.2630457933972311,0.0937167199148029,0.6432374866879659,77.79368072289157,54.0,117.0,80.0,11.632468611334597,45.294881818181814,18.0335,75.6094,44.4854,16.441332650577387,16.03921568627451,13.0,22.5,15.5,2.0671168166970117,72.0,72.0,72.0,72.0,0.0,,,,,,2961,213.882,3.19406779661017,527.8333333333334,54.709079075902295,0.3695425818876732,0.0402201358388173,61.0,17.25543392673739,120.0,6.500000000000026,2772.6666666666665,1070.9922190816053,232.83033333333333,59.53085672433526,74.33333333333333,4.041451884327376,540.0,55.626732182767675,0.4571100418796815,0.2233538108032738,74.92857142857143,38.00704821853065,130.64285714285714,14.158961490031365,4604.142857142857,3438.3576713585894,254.3757142857143,63.983432331383725,75.33333333333333,3.386246693120071,536.0,0.3956838958130836,1620.0,72.0,3,1
0.0,67.0,95.0,157.5,388.0,1442.8666666666666,388.0,,1442.8666666666666,0.2689091161114448,0.2689091161114448,0.172680412371134,0.2448453608247422,0.4059278350515464,81.30378784722221,58.0,110.0,84.0,11.867476071607005,34.29775,18.6972,47.8023,33.74445,9.42379281716408,16.15277777777778,13.5,21.5,16.0,1.8886335611746028,72.0,72.0,72.0,72.0,0.0,,,,,,2619,359.07,3.197093023255814,464.5,74.1265809274919,0.3292737981734843,0.0636032348173319,66.5,26.024027359346203,104.83333333333331,32.76558153510074,2400.0,696.8077209675638,252.67733333333337,93.25737740968988,72.0,0.0,515.6428571428571,78.71346469194164,0.4409308547670983,0.2335564811581431,69.28571428571429,29.71651777330965,123.07142857142856,28.103126414790843,4569.0,3460.2829845741403,278.014,68.21454748316765,74.5,3.5071355833500286,469.5,0.3232283825959243,2961.0,72.0,4,1
0.0,58.0,39.5,196.5,470.5,1424.7166666666667,470.5,,1424.7166666666667,0.3302411005697039,0.3302411005697039,0.1232731137088204,0.0839532412327311,0.4176408076514346,89.18014626865671,56.0,164.0,84.0,26.445419276721456,53.35458333333333,13.2526,176.076,49.11395,42.04103047190592,15.321428571428571,11.5,19.0,15.0,1.573861752609336,67.0,67.0,67.0,67.0,0.0,,,,,,4689,300.284,3.170857142857143,442.6666666666667,47.34536232128066,0.3074595330923577,0.0335692648176344,59.5,30.8261252835967,82.83333333333333,35.50469452527843,3423.0,1109.643185893557,291.07866666666666,73.03042145115518,70.33333333333333,2.886751345948118,516.7142857142857,77.92456669907196,0.4414953049374986,0.2332378019723918,68.35714285714286,30.65223521718316,111.5,36.013886210738214,4940.571428571428,3284.659589523336,287.8217142857143,65.30758704957714,72.5,3.8340579025361543,388.0,0.2689091161114448,2619.0,72.0,5,1
0.0,123.5,120.0,305.0,548.5,1445.2833333333333,548.5,,1445.2833333333333,0.3795103612901738,0.3795103612901738,0.2251595259799453,0.2187784867821331,0.5560619872379216,74.97025944055945,58.0,119.0,73.0,13.246375818884882,53.75376666666667,28.3155,109.761,41.63575,28.33152561050832,15.3046875,8.0,23.5,15.5,1.907258314267826,63.0,63.0,63.0,63.0,0.0,,,,,,2304,265.959,3.2144444444444447,469.0,80.2605133300305,0.3262201926571075,0.0554101491976186,84.83333333333333,41.20173944548134,82.83333333333333,35.50469452527843,3204.0,1295.656204399919,308.4376666666667,47.08796332751448,67.33333333333333,4.509249752822885,507.42857142857144,67.66672531078869,0.4348275401536735,0.2344126486458181,68.42857142857143,30.791541819451776,108.35714285714286,33.418700211251846,3784.142857142858,2328.4368453658167,275.86857142857144,59.50900865095171,70.83333333333333,5.4191020166321495,470.5,0.3302411005697039,4689.0,67.0,6,1
0.0,45.0,24.5,179.5,249.0,1454.4166666666667,249.0,,1454.4166666666667,0.1712026585687274,0.1712026585687274,0.180722891566265,0.0983935742971887,0.7208835341365462,82.10802124183006,58.0,126.0,84.0,16.01795496412852,53.274550000000005,21.8862,159.916,43.920950000000005,35.13179179984277,16.78301886792453,8.5,24.0,15.5,2.9082015352198893,76.0,76.0,76.0,76.0,0.0,,,,,,3165,329.753,3.2523131672597865,422.6666666666667,155.37401112584226,0.2936513734762017,0.1088674921629692,61.333333333333336,51.35740777466609,75.5,42.074338972822886,3386.0,1207.7611518839324,298.6653333333333,31.927788372095954,68.66666666666667,6.658328118479384,462.7857142857143,113.56600765738884,0.3226415688861528,0.080567948741118,66.0,33.793490497431605,93.35714285714286,35.13274147870507,3013.5714285714284,996.4372964287552,279.0795714285714,62.03878368906862,71.57142857142857,5.318431562567505,548.5,0.3795103612901738,2304.0,63.0,0,1
0.0,125.5,127.0,402.5,655.0,1448.7166666666667,655.0,,1448.7166666666667,0.4521242939153043,0.4521242939153043,0.1916030534351145,0.1938931297709923,0.6145038167938931,79.43308043478261,58.0,130.0,72.0,17.01788653537357,32.443875,17.0781,44.3561,32.58155,8.893315987032526,15.705479452054794,13.0,20.5,15.5,1.6023006072142492,72.0,72.0,72.0,72.0,0.0,,,,,,3042,230.459,3.207106598984771,484.1666666666667,210.50672990033675,0.3342791045914019,0.1458205789261628,90.5,57.2647360947381,98.0,45.91023850950898,2837.0,465.6704843556301,275.39033333333333,50.31438308608524,70.33333333333333,6.658328118479384,473.7857142857143,129.23391490589754,0.3315571155520517,0.0918854591492027,72.92857142857143,40.98925527036381,95.21428571428572,36.62519299477836,2914.285714285714,945.672549791169,269.2124285714286,63.71436437951579,70.57142857142857,4.237025012007945,249.0,0.1712026585687274,3165.0,76.0,1,1
0.0,179.5,52.5,561.5,793.5,1369.85,793.5,,1369.85,0.5792605029747783,0.5792605029747783,0.2262129804662886,0.0661625708884688,0.7076244486452425,76.82583273381294,58.0,117.0,72.0,14.138054836121562,45.86923333333334,21.146,71.7384,46.754000000000005,15.237703267516691,16.543010752688172,11.0,27.5,16.0,2.766597920487873,79.0,79.0,79.0,79.0,0.0,,,,,,2145,191.554,3.181967213114754,565.8333333333334,282.98954633225117,0.4008624851529367,0.2088028516891477,68.0,52.97876933262984,116.66666666666669,67.68370064744786,2784.0,556.7970905096465,250.58866666666663,71.26460208499964,75.66666666666667,3.511884584284231,510.57142857142856,177.52122609503837,0.3577823451465796,0.1310775922506752,71.78571428571429,41.50186455937567,103.14285714285714,48.10380640319631,2989.285714285714,840.9349388796568,270.1372857142857,62.32134443809301,71.57142857142857,5.318431562567505,655.0,0.4521242939153043,3042.0,72.0,2,0
0.0,20.0,37.0,47.5,104.5,105.5,104.5,,105.5,0.990521327014218,0.990521327014218,0.1913875598086124,0.354066985645933,0.4545454545454545,73.37011818181819,70.0,84.0,72.0,3.746036756922559,40.5551,40.5551,40.5551,40.5551,0.0,15.545454545454543,14.5,17.0,15.5,0.8381404052084444,,,,,,,,,,,37235,1402.239,3.650305810397554,517.6666666666666,364.4524431710306,0.6739687079681002,0.2814161942430127,72.16666666666667,48.11531287784933,108.33333333333331,81.12387646885061,14140.666666666666,20005.307454106605,608.084,688.033445971197,75.5,4.949747468305812,458.42857142857144,235.67552350838724,0.4531099086349072,0.2703828284315904,70.78571428571429,42.358447743491446,88.35714285714286,56.05333344660414,7885.571428571428,12969.167794647208,439.90257142857143,428.18445568035946,71.5,5.822370651203849,793.5,0.5792605029747783,2145.0,79.0,3,1
0.0,105.5,64.0,307.0,476.5,1434.2166666666667,476.5,,1434.2166666666667,0.3322371096882154,0.3322371096882154,0.2214060860440713,0.1343126967471143,0.6442812172088143,79.18769302325582,60.0,124.0,80.0,12.652757867828235,45.93499090909091,18.1655,93.3156,34.9155,23.98955302222784,15.817307692307692,13.5,22.5,15.75,1.6728282308536129,75.0,75.0,75.0,75.0,0.0,,,,,,4739,238.642,3.364,458.1666666666667,344.8656743332587,0.6340063132257372,0.3325392540740904,51.166666666666664,13.549292724468447,101.66666666666669,79.81906622689428,14706.333333333334,19553.460699664734,610.8116666666666,685.800435911449,77.0,2.828427124746154,471.07142857142856,233.63262268132075,0.4621567648601601,0.2641806912481222,66.35714285714286,41.00377450686124,93.85714285714286,55.49452997497012,8188.428571428572,12849.889491835367,422.6985714285715,434.34848493917,72.0,5.999999999999994,104.5,0.990521327014218,37235.0,,4,0
0.0,66.0,45.5,129.5,509.0,1414.55,509.0,,1414.55,0.359831748612633,0.359831748612633,0.1296660117878192,0.0893909626719057,0.2544204322200393,76.3191234375,57.0,117.0,72.61155,12.956700068129472,45.38432727272727,18.2872,65.5299,50.7859,17.226222216677314,16.764150943396228,12.5,24.0,16.0,2.2583258400544417,72.0,72.0,72.0,72.0,0.0,,,,,,1843,216.412,3.085483870967742,363.3333333333333,224.74448454485653,0.5608633951050221,0.3723503993064969,48.833333333333336,13.805192259919224,63.833333333333336,42.791159523122694,14605.666666666666,19650.9986853934,619.0976666666667,678.3113622860326,73.5,2.121320343559594,476.57142857142856,234.0696884426069,0.4663840002948643,0.2619453523157504,67.21428571428571,40.40715401062163,95.0,54.70984067484265,7781.857142857143,13022.924152285868,410.7168571428571,439.4154317815995,72.83333333333333,5.4924190177613506,476.5,0.3322371096882154,4739.0,75.0,5,1
0.0,12.5,66.0,56.0,134.5,135.0,134.5,,135.0,0.9962962962962963,0.9962962962962963,0.0929368029739776,0.4907063197026022,0.4163568773234201,66.68589999999999,59.0,73.0,67.0,2.8951317534785876,34.2153,34.2153,34.2153,34.2153,0.0,14.892857142857142,13.0,16.0,15.0,0.7362688617174393,,,,,,,,,,,28146,769.463,3.5018,373.3333333333333,207.47309062462355,0.5627883848657149,0.3756823099096108,58.5,11.302654555457329,61.333333333333336,46.67529682105229,11576.0,14422.911599257615,408.17233333333326,313.0842579727274,73.5,2.121320343559594,417.42857142857144,263.33936099189395,0.5544962767243103,0.3241927937445746,59.5,33.15368255061068,79.14285714285714,60.81783886171495,11473.57142857143,14758.440724515844,482.646,452.77714842072146,74.8,2.9495762407504933,509.0,0.359831748612633,1843.0,72.0,6,1
0.0,219.5,43.5,386.5,649.5,1455.65,649.5,,1455.65,0.446192422629066,0.446192422629066,0.3379522709776751,0.0669745958429561,0.5950731331793687,84.28133647058823,58.0,158.0,83.0,19.676991456576875,42.395999999999994,18.3703,72.6178,44.4595,13.633353037434825,15.405797101449275,12.0,20.0,15.5,1.4848885243837906,72.0,72.0,72.0,72.0,0.0,,,,,,3633,230.958,3.2164473684210524,431.0,266.2127908271876,0.6007734891793318,0.3452437685410207,51.666666666666664,12.453245895481771,99.33333333333331,107.45037614328456,11207.333333333334,14696.593017884565,405.61099999999993,315.18899878802875,72.0,0.0,474.6428571428572,264.1528462660893,0.5937805287329302,0.2842002712282962,62.214285714285715,30.480673033439228,104.07142857142856,77.86442735690702,11540.42857142857,14715.526651093658,468.5324285714286,459.8222675479651,74.0,3.082207001484462,134.5,0.9962962962962963,28146.0,,0,0
0.0,73.5,89.5,224.0,469.5,1436.4666666666667,469.5,,1436.4666666666667,0.3268436441267925,0.3268436441267925,0.1565495207667731,0.1906283280085197,0.4771033013844515,101.23409366515835,58.0,187.0,94.0,29.256275384830463,44.62254545454545,18.3003,120.056,32.9348,28.43009421783907,17.463768115942027,13.0,24.0,16.0,2.82242423369086,72.0,72.0,72.0,72.0,0.0,,,,,,15449,450.214,3.358867924528302,417.8333333333333,261.3586297280678,0.5897774543507183,0.3570773156825796,66.33333333333333,23.00181152286345,101.83333333333331,106.36885509082693,15742.666666666666,12259.138319365406,483.545,270.79535710015415,72.0,0.0,448.1428571428572,252.07219770760688,0.5758832930488571,0.2982072543221207,56.857142857142854,17.892536352984113,96.64285714285714,77.9597728990804,13312.857142857143,14261.506867889428,499.926,448.2143868622842,74.0,3.082207001484462,649.5,0.446192422629066,3633.0,72.0,1,1
0.0,117.0,14.0,409.0,540.0,1447.4666666666667,540.0,,1447.4666666666667,0.3730655858511422,0.3730655858511422,0.2166666666666666,0.0259259259259259,0.7574074074074074,78.08747894736841,59.0,110.0,79.0,11.745798135194976,41.140425,14.2864,75.2974,37.98565,15.850859983195706,15.779661016949152,13.0,20.5,15.5,1.543908715688407,72.0,72.0,72.0,72.0,0.0,,,,,,2612,251.757,3.227699530516432,553.0,90.701433285257,0.3820338842023336,0.060177699474001,49.0,38.049310112011234,136.66666666666666,74.96054517766886,7231.333333333333,7134.99434711292,310.97633333333334,121.03096902996911,72.0,0.0,411.92857142857144,208.6576998681949,0.546426876316909,0.3078460796624613,51.357142857142854,24.244783434989163,87.71428571428571,70.0683339931201,13379.57142857143,14201.523531616169,508.52642857142865,441.8434130846421,72.6,1.3416407864998283,469.5,0.3268436441267925,15449.0,72.0,2,0
0.0,55.5,30.0,126.5,212.0,215.5,212.0,,215.5,0.9837587006960556,0.9837587006960556,0.2617924528301887,0.1415094339622641,0.5966981132075472,64.11183777777777,59.0,69.0,63.0,2.0499370818842104,43.937650000000005,43.0124,44.8629,43.937650000000005,0.925250000000002,15.642857142857142,14.0,18.0,15.5,0.832993127835043,,,,,,,,,,,12986,412.494,3.432170542635659,407.1666666666667,172.65596813702462,0.5612226435579969,0.3666560468075291,44.5,39.78379066906521,82.0,31.618823507524738,10349.0,6812.669741004621,371.4883333333334,105.39162080703258,72.0,0.0,427.2857142857143,184.858697645629,0.5454607868428859,0.3062264855608847,50.357142857142854,25.066103083836644,92.78571428571428,65.48527642586103,9915.42857142857,9636.484920293691,367.1342857142857,200.79488319071135,72.6,1.3416407864998283,540.0,0.3730655858511422,2612.0,72.0,3,1
0.0,124.5,126.0,386.0,636.5,1432.9666666666667,636.5,,1432.9666666666667,0.4441833957524018,0.4441833957524018,0.1956009426551453,0.1979575805184603,0.6064414768263944,78.24612749999999,58.0,116.0,72.0,14.306594737515065,38.96785833333333,18.77,90.7359,36.3475,17.741811573533408,15.95890410958904,11.5,22.0,15.5,1.7276031076767442,66.0,66.0,66.0,66.0,0.0,,,,,,2568,253.244,3.327391304347826,462.8333333333333,222.5220962810958,0.6003358940998665,0.3339524250321622,56.666666666666664,60.575022355202925,99.0,37.85828839237188,6055.333333333333,6002.173717357182,305.83166666666665,92.37528244250916,69.0,4.242640687119261,450.1428571428572,201.1333956784473,0.5614531134234839,0.2959871772657099,59.214285714285715,38.20215650856327,95.5,66.48621410989401,9605.285714285714,9863.121745747068,369.2202857142857,199.307877672304,70.8,2.683281572999734,212.0,0.9837587006960556,12986.0,,4,1
0.0,123.5,55.0,242.0,420.5,1397.1833333333334,420.5,,1397.1833333333334,0.3009626510479417,0.3009626510479417,0.2936979785969084,0.1307966706302021,0.5755053507728894,79.55389568965516,59.0,151.0,73.5,19.717506271110313,54.10907,28.8945,209.301,36.5903,52.05894989451958,15.695652173913045,10.0,21.5,15.5,2.1580946227531688,72.0,72.0,72.0,72.0,0.0,,,,,,10625,282.819,3.468396226415094,423.0,212.26104211559863,0.5763015824987997,0.3600611375942071,70.33333333333333,49.80294502670836,101.16666666666669,39.55165398985652,8726.333333333334,5462.360509279237,316.1856666666667,84.70620672851159,69.0,4.242640687119261,437.5,199.59271028772568,0.5530432423428138,0.3034137657154049,60.57142857142857,37.80038422581242,103.71428571428572,65.78237931673975,10859.857142857143,9250.73073561528,378.707,192.278706728887,70.8,2.683281572999734,636.5,0.4441833957524018,2568.0,66.0,5,0
0.0,142.5,88.0,476.5,707.0,1437.9833333333331,707.0,,1437.9833333333331,0.4916607749278503,0.4916607749278503,0.2015558698727015,0.1244695898161244,0.673974540311174,75.03108027210885,44.0,108.0,71.2829,13.40522888847736,59.09060833333333,21.4037,175.768,47.186449999999994,40.21512453622513,15.785714285714286,9.0,25.0,15.5,2.0488016317251296,78.0,78.0,78.0,78.0,0.0,,,,,,1837,241.465,3.0613793103448272,588.0,149.28077572145696,0.4122689405760646,0.0992740799490537,89.66666666666667,35.52933060632207,130.16666666666666,10.692676621563704,5010.0,4876.449425555441,259.17600000000004,21.305628293950825,72.0,5.999999999999992,519.2857142857143,169.81481510331017,0.4809524535758929,0.2321186636346512,63.714285714285715,39.21506634664067,122.28571428571428,52.810870994882265,7101.428571428572,5732.608971406271,303.2787142857143,89.57839899163605,72.0,3.794733192202043,420.5,0.3009626510479417,10625.0,72.0,6,1
0.0,134.5,100.0,332.5,567.0,1443.2333333333331,567.0,,1443.2333333333331,0.3928678661339123,0.3928678661339123,0.2372134038800705,0.1763668430335097,0.5864197530864198,76.97968097165992,59.0,110.0,72.0,13.187334091434538,44.094460000000005,15.8864,122.21,33.66085,28.79568792181218,16.573529411764707,13.5,28.0,15.75,2.650283982955679,73.0,73.0,73.0,73.0,0.0,,,,,,2817,176.544,3.237931034482759,564.8333333333334,143.26228859449813,0.3951637640365681,0.0953697906740591,81.0,23.302360395462113,133.5,9.539392014169543,5093.0,4815.845512472341,233.60933333333335,53.57123790181934,74.33333333333333,3.214550253664302,507.5,161.95215342810351,0.4733346597908709,0.2343141990873081,71.78571428571429,40.164097922208626,110.14285714285714,32.66077449290191,6984.857142857143,5822.485764361345,295.5052857142858,98.78778276641673,72.16666666666667,3.8166302763912783,707.0,0.4916607749278503,1837.0,78.0,0,0
0.0,164.5,84.5,419.0,668.0,1445.5666666666666,668.0,,1445.5666666666666,0.4621025203495746,0.4621025203495746,0.2462574850299401,0.1264970059880239,0.6272455089820359,102.4169732689211,57.0,150.0,110.0,24.404594776214456,39.713725,16.0418,59.8578,41.41875,11.856920435138642,16.285714285714285,11.0,23.5,16.0,2.3067216454388633,67.0,67.0,67.0,67.0,0.0,,,,,,20175,623.999,3.573127753303965,647.3333333333334,72.25187425481268,0.448877053803779,0.0507069465754678,90.83333333333331,8.1291655988382,147.16666666666666,15.534906930308116,8276.333333333334,10316.191222216334,347.336,241.7860536445393,72.66666666666667,5.507570547286095,535.8571428571429,171.29815972102418,0.4926573563941255,0.2256368174824111,71.07142857142857,39.83970859522421,123.14285714285714,33.73760795427251,7660.0,7101.120474967317,320.3317142857143,151.77451987703586,71.33333333333333,4.366539438350076,567.0,0.3928678661339123,2817.0,73.0,1,1
0.0,46.0,40.5,176.5,347.0,1444.0,347.0,,1444.0,0.2403047091412742,0.2403047091412742,0.132564841498559,0.11671469740634,0.5086455331412104,110.9790660117878,59.0,161.0,119.0,28.06923465953266,35.14258888888888,12.9061,55.3435,36.9544,12.064509711311146,16.032258064516128,13.5,20.0,16.0,1.4915649060254057,75.0,75.0,75.0,75.0,0.0,,,,,,21036,599.812,3.632058823529412,527.3333333333334,164.13510694952885,0.3650916985415871,0.1134777682138046,75.0,30.866648668101323,115.0,61.609658333738565,14676.0,10279.214026373806,466.785,251.64683845222467,71.66666666666667,4.163331998932257,508.2857142857143,185.46649678195632,0.4736915168641444,0.2423267717813844,74.85714285714286,34.40047757143581,113.0,44.76326619003579,10292.0,8241.142477431962,370.0538571428572,179.9600546115985,71.83333333333333,4.62240918425301,668.0,0.4621025203495746,20175.0,67.0,2,0
0.0,68.0,50.5,202.0,397.0,1437.45,397.0,,1437.45,0.2761835194267626,0.2761835194267626,0.1712846347607053,0.1272040302267002,0.5088161209068011,109.72379939759035,60.0,170.0,107.0,27.032848755665512,37.827241666666666,13.5695,60.0361,37.1577,16.301492727480426,15.546875,13.0,19.0,15.5,1.0559309799295595,72.0,72.0,72.0,72.0,0.0,,,,,,28099,774.978,3.7470824949698183,470.6666666666667,172.7146008110874,0.3261969163058705,0.1190570122451366,58.5,23.065125189341614,92.83333333333331,63.03239907645381,23103.333333333332,4347.740140962121,666.263,94.92347528930937,71.33333333333333,4.041451884327373,534.7142857142857,144.9694959703756,0.3726093481113882,0.0997089339720922,77.78571428571429,30.60890004401927,114.78571428571428,42.266867582517825,12451.0,10682.549804860892,421.8372857142857,237.24300444741905,71.85714285714286,4.220133150686568,347.0,0.2403047091412742,21036.0,75.0,3,0
0.0,90.5,42.5,193.0,415.5,1455.0333333333333,415.5,,1455.0333333333333,0.2855604682596045,0.2855604682596045,0.2178098676293622,0.1022864019253911,0.4645006016847172,97.44239684873948,59.0,153.0,92.0,23.02629625046848,41.440841666666664,20.4795,85.0099,35.42895,19.259192586245593,16.358974358974358,13.0,21.0,16.0,1.811461790890263,83.0,83.0,83.0,83.0,0.0,,,,,,15256,542.224,3.693523316062176,386.5,35.43656303875904,0.2673495656092138,0.0238861882346698,44.5,5.291502622129289,68.16666666666667,22.25046815986879,21463.666666666668,6432.171976349306,639.0046666666666,121.2256366010649,76.66666666666667,5.6862407030773205,503.1428571428572,143.1615387961312,0.3499489298981315,0.0987517344958563,65.85714285714286,24.31000186088415,109.92857142857144,42.913118207439965,14263.57142857143,9763.00544329022,463.12014285714287,227.97836296706504,74.28571428571429,5.089672082242804,397.0,0.2761835194267626,28099.0,72.0,4,1
0.0,44.5,49.5,175.0,362.5,1415.55,362.5,,1415.55,0.256084207551835,0.256084207551835,0.1227586206896551,0.136551724137931,0.4827586206896552,92.99894641744548,62.977,149.0,91.0,21.187852328175115,43.794549999999994,26.4924,70.7115,39.30595,14.867706704493242,16.514285714285716,11.5,21.0,16.0,2.1162153356732807,73.0,73.0,73.0,73.0,0.0,,,,,,8296,417.359,3.4328220858895704,391.6666666666667,26.8995043324831,0.272609398412734,0.015059656108137,47.5,4.358898943540804,67.66666666666667,23.001811522863473,17217.0,10046.085954241084,578.187,181.50162621034585,76.0,6.082762530298214,494.8571428571428,150.2449983320893,0.343537723684402,0.1037903624503055,65.07142857142857,24.80327359346708,98.64285714285714,48.741421711683714,13930.857142857143,9945.647849328736,482.3401428571429,215.57849504950516,74.42857142857143,5.028490259085143,415.5,0.2855604682596045,15256.0,83.0,5,1
0.0,123.5,46.5,199.5,369.5,382.48333333333335,369.5,,382.48333333333335,0.9660551658024314,0.9660551658024314,0.3342354533152909,0.1258457374830852,0.5399188092016238,66.84018,58.0,84.0,67.0,3.6676683455023578,47.36136666666667,30.6337,60.8466,50.6038,12.545646311060354,15.666666666666666,12.0,22.5,15.5,1.922093765778466,,,,,,,,,,,20741,622.986,3.6802281368821297,382.5,28.792360097774964,0.5025666138712904,0.401663342632543,46.166666666666664,3.511884584284408,86.16666666666667,39.67786956646407,14764.333333333334,6237.051253062887,527.523,103.59877090487174,78.0,7.071067811865465,446.6428571428572,122.39203210915947,0.4113083509521992,0.2575759299103226,59.142857142857146,23.32508357561713,95.92857142857144,46.3630856855507,16631.428571428572,8588.369361276591,536.8431428571429,191.40311247419552,73.83333333333333,5.231315959361137,362.5,0.256084207551835,8296.0,73.0,6,0
0.0,2.5,47.5,105.0,155.0,160.0,155.0,,160.0,0.96875,0.96875,0.0161290322580645,0.3064516129032258,0.6774193548387096,68.04481515151515,63.0,72.0,67.0,2.3295120316340947,32.3148,32.3148,32.3148,32.3148,0.0,16.46875,15.0,18.0,16.5,0.9596345332990056,,,,,,,,,,,1793,37.928,2.801470588235294,295.6666666666667,121.87117515365674,0.7302964577847555,0.4106820658807316,47.833333333333336,1.5275252316523211,56.833333333333336,61.43560314128392,10276.666666666666,9628.029722291749,359.4243333333333,296.8004970385552,73.0,,387.7857142857143,150.66487567414237,0.4935772272187831,0.3319377759492073,51.642857142857146,14.926805546047806,77.07142857142857,54.23592641677392,16485.14285714286,8867.085756296936,517.0408571428571,236.70193724769032,74.0,5.830951894845286,369.5,0.9660551658024314,20741.0,,2,1
0.0,161.5,80.5,304.0,546.0,1441.9833333333331,546.0,,1441.9833333333331,0.3786451530877611,0.3786451530877611,0.2957875457875458,0.1474358974358974,0.5567765567765568,89.82288193548386,58.0,156.0,84.0,24.62113344028759,41.460708333333336,15.9399,81.7356,37.811899999999994,16.72099260383278,16.346153846153847,13.0,24.5,16.0,2.155356613226107,69.0,69.0,69.0,69.0,0.0,,,,,,12263,482.76,3.632418952618454,356.8333333333333,195.8075160287094,0.7711501062967309,0.3399219311151013,58.166666666666664,19.3476958145753,95.83333333333331,83.03212229814034,11599.0,9491.435507867078,381.2246666666667,305.45913601877,69.0,,370.3571428571428,115.89136949665208,0.4816547461813813,0.3347436402745596,51.07142857142857,13.464238347775712,76.64285714285714,53.43587612403168,15354.857142857143,8822.507984856536,496.8638571428572,232.03886029458417,74.4,5.272570530585608,155.0,0.96875,1793.0,,3,1
0.0,63.5,72.0,176.5,466.0,1434.55,466.0,,1434.55,0.3248405423303475,0.3248405423303475,0.1362660944206008,0.1545064377682403,0.3787553648068669,74.69862948207171,58.0,118.0,72.0,12.55726736414372,54.78858,18.2556,97.7787,54.11345,22.002678203336977,16.203389830508474,12.5,24.5,15.5,2.386612811588624,66.0,66.0,66.0,66.0,0.0,,,,,,2708,237.585,3.115972222222222,389.0,206.55991866768332,0.5574118984727029,0.3572436274599589,66.66666666666667,17.13427364475467,75.83333333333333,80.21429631514157,5588.0,5798.795133473852,252.75766666666672,222.8038025176711,67.5,2.1213203435596424,387.3571428571428,120.529289070373,0.4937312937798203,0.3259958541051491,55.57142857142857,14.561446160519711,79.14285714285714,52.157385451562455,12736.57142857143,9545.501154246143,445.1171428571428,245.266978579417,72.6,6.4265076052238355,546.0,0.3786451530877611,12263.0,69.0,4,1
0.0,89.5,45.5,156.5,458.0,1437.0333333333333,458.0,,1437.0333333333333,0.3187121616292825,0.3187121616292825,0.195414847161572,0.0993449781659388,0.3417030567685589,77.55433653846154,53.0,134.0,75.0,15.439008758318462,43.01123333333334,24.547,71.4551,37.00805,15.240164678262357,16.03061224489796,14.0,22.0,16.0,1.5098593097902422,73.0,73.0,73.0,73.0,0.0,,,,,,6517,318.224,3.4129464285714284,490.0,48.66210024238523,0.3407326190157971,0.0329758918351384,66.0,18.255136263528716,104.83333333333331,50.76744363598915,7162.666666666667,4810.111259974487,346.18966666666665,124.95700876834964,69.33333333333333,3.5118845842842483,396.07142857142856,123.5109403289943,0.499806814094466,0.3216328290213279,54.857142857142854,14.96861796591535,82.21428571428571,52.02471939925702,9653.42857142857,6865.833546315729,379.8665714285715,199.3429079984681,72.8,6.418722614352469,466.0,0.3248405423303475,2708.0,66.0,5,0
0.0,63.0,54.5,274.5,392.0,1430.9833333333331,392.0,,1430.9833333333331,0.273937502183813,0.273937502183813,0.1607142857142857,0.1390306122448979,0.7002551020408163,98.92489743589744,58.0,165.0,93.0,29.164325804086687,50.913825,13.7723,148.069,35.8281,38.51851532683395,16.78813559322034,13.0,22.0,16.5,1.9402153249158216,72.0,72.0,72.0,72.0,0.0,,,,,,25759,610.877,3.4026408450704224,438.6666666666667,40.611985094714136,0.3058300687144811,0.0277892265534542,57.333333333333336,13.475286020464816,72.0,15.157506391224176,11661.333333333334,12356.58829666722,388.8953333333334,196.4244316075101,70.33333333333333,3.785938897200185,392.7142857142857,123.21385783224537,0.4981463903693529,0.3229505149235583,56.57142857142857,13.97148456508402,78.28571428571429,52.3321580092467,11153.857142857143,9083.681750416914,389.6741428571429,210.0627422584568,70.6,3.049590136395347,458.0,0.3187121616292825,6517.0,73.0,6,0
0.0,133.0,62.5,348.0,543.5,559.5833333333334,543.5,,559.5833333333334,0.9712583767684289,0.9712583767684289,0.2447102115915363,0.1149954001839926,0.640294388224471,67.53501896551724,59.0,73.0,67.0,2.966867089288359,50.07234000000001,32.4848,68.2549,50.372,14.75250389765751,15.61818181818182,12.5,24.0,15.5,1.6123490383560266,,,,,,,,,,,9497,340.942,3.606756756756757,464.5,75.95887044973713,0.5213026801938415,0.3903156276554348,54.166666666666664,8.504900548115453,95.16666666666669,35.342373057469345,13924.333333333334,10356.862523628151,423.3476666666667,162.80191960272896,72.5,0.7071067811865978,418.57142857142856,134.30885692172,0.6003141288288664,0.3459179417113558,58.42857142857143,13.73689852013114,90.92857142857144,53.48709234590201,11325.42857142857,9031.901015422009,378.7574285714286,210.36962787267012,70.0,3.1622776601683342,392.0,0.273937502183813,25759.0,72.0,0,0
0.0,0.0,39.5,34.5,74.0,77.0,74.0,,77.0,0.961038961038961,0.961038961038961,0.0,0.5337837837837838,0.4662162162162162,63.643175,62.0,66.2908,63.0,1.151373618498792,50.9507,50.9507,50.9507,50.9507,0.0,15.0,14.5,16.0,15.0,0.4330127018922193,,,,,,,,,,,15468,440.383,3.632530120481928,336.5,239.62001168516775,0.7354116133304011,0.3996809672205607,52.166666666666664,11.67618659209138,65.33333333333333,66.5306946704552,16908.0,8226.078105634539,464.06733333333335,136.5171666506943,72.0,,376.3571428571428,188.0072503667776,0.5995975281483705,0.3450380747631776,57.42857142857143,14.951110804408962,73.28571428571429,60.81862183496732,10572.142857142857,8306.495980628091,352.6712857142857,184.80574936737784,70.0,3.1622776601683342,543.5,0.9712583767684289,9497.0,,1,0
0.0,54.0,87.0,145.0,452.5,1441.1166666666666,452.5,,1441.1166666666666,0.3139926214625233,0.3139926214625233,0.1193370165745856,0.1922651933701657,0.3204419889502762,104.072623183391,56.0,160.0,107.0,27.163695345458457,55.41113333333333,22.1845,119.067,47.7248,24.62758537833586,15.762295081967212,7.5,21.5,15.5,2.382667188115049,72.0,72.0,72.0,72.0,0.0,,,,,,21318,552.816,3.394078947368421,356.6666666666667,248.98912292173185,0.7487633197566378,0.3765571393372149,63.0,23.753947040439428,62.333333333333336,66.89045771508322,15427.666666666666,5910.6032123069535,444.7136666666667,106.00336774996086,72.0,,418.8571428571428,161.36674437589735,0.5060607597858738,0.3157953884549955,63.07142857142857,17.768015672898915,80.64285714285714,53.503671436106686,13361.42857142857,8143.776209620518,426.2267142857143,134.18938932433556,70.4,2.880972058177549,74.0,0.961038961038961,15468.0,,2,0
0.0,102.0,31.5,237.0,485.5,1441.5,485.5,,1441.5,0.3368019424210891,0.3368019424210891,0.2100926879505664,0.0648815653964984,0.4881565396498455,102.81694111349036,56.0,180.0,96.0,33.169977361667826,32.90599166666667,14.4574,59.5421,26.58295,15.477713548274195,15.931818181818182,10.5,22.5,15.5,2.6541653422331937,79.0,79.0,79.0,79.0,0.0,,,,,,13290,492.382,3.6243161094224927,337.3333333333333,228.64947700209876,0.5372778416408579,0.3671650596336718,52.666666666666664,30.00138885674019,52.0,51.02940328869232,16692.0,4151.605472585266,495.19366666666673,56.269209825031766,75.5,4.949747468305833,410.2142857142857,154.91310928572648,0.5000831582620636,0.318989041766402,56.07142857142857,19.340002954645954,72.14285714285714,42.00864423515941,13508.142857142857,8129.928524256779,427.60128571428567,134.91233978120053,72.4,4.615192303685705,452.5,0.3139926214625233,21318.0,72.0,3,0
0.0,33.5,21.5,124.5,346.5,359.26666666666665,346.5,,359.26666666666665,0.9644646502133976,0.9644646502133976,0.0966810966810966,0.062049062049062,0.3593073593073593,60.94023947368421,57.0,67.0,60.0,2.203668647904584,42.961099999999995,29.7715,61.5877,37.5241,13.545931058439653,15.485714285714286,13.5,19.0,15.5,1.0920865630637937,,,,,,,,,,,12454,393.051,3.4436482084690554,428.1666666666667,72.62460556404619,0.5384197380323368,0.3691419329704682,46.666666666666664,35.28573838441438,63.166666666666664,35.157976809443056,15687.333333333334,4894.183214115843,479.41633333333334,80.66780764551277,75.5,4.949747468305833,393.1428571428572,154.32425664967968,0.591458030816785,0.3504803077896339,48.857142857142854,21.68469945551909,67.85714285714286,44.49411411047748,14900.42857142857,6676.742490594834,449.81071428571425,108.6606022863766,74.0,3.3665016461206445,485.5,0.3368019424210891,13290.0,79.0,4,0
0.0,16.0,36.0,100.0,152.0,155.5,152.0,,155.5,0.977491961414791,0.977491961414791,0.1052631578947368,0.2368421052631578,0.6578947368421053,68.48842058823529,64.0,80.2724,68.0,2.8864808216906432,89.8768,56.4746,123.279,89.8768,33.40219999999999,16.5,15.0,18.0,16.75,0.7905694150420949,,,,,,,,,,,13775,438.046,3.5596875,328.0,167.51790949029885,0.7595861846830926,0.3661998284244227,29.666666666666668,7.421814692737508,50.5,45.450522549251325,13173.0,668.2267579197801,441.1596666666667,49.73864775336618,79.0,,349.42857142857144,174.8631437656863,0.6855694307861435,0.3534713270018401,47.5,22.220486043288957,57.357142857142854,47.12988638301806,15937.285714285714,5641.107270571572,466.92814285714286,92.74971656278096,74.33333333333333,4.041451884327321,346.5,0.9644646502133976,12454.0,,5,0
0.0,78.5,61.5,185.0,433.0,1422.2833333333333,433.0,,1422.2833333333333,0.3044400435918769,0.3044400435918769,0.1812933025404157,0.1420323325635104,0.4272517321016166,101.04047863636364,58.0,156.0,100.153,24.806748213535982,39.99577000000001,15.6995,79.9023,34.5029,19.329703529596618,16.377551020408163,13.0,22.5,16.5,1.6645481468288037,79.0,79.0,79.0,79.0,0.0,,,,,,15274,530.008,3.5,310.5,143.9175110957661,0.7487988850733552,0.3848811670000955,39.666666666666664,20.250514396758778,42.666666666666664,32.24257020358856,13834.333333333334,1410.9359777584896,453.70166666666665,69.80780677211857,79.0,,355.2857142857143,177.19783133145688,0.6899269367015811,0.3476918473323354,48.5,22.7394664258714,59.57142857142857,47.798560448536335,14439.42857142857,3633.212346172619,455.3754285714286,75.20926138416996,76.66666666666667,4.041451884327321,152.0,0.977491961414791,13775.0,,6,0
0.0,158.0,78.0,240.5,476.5,1445.3166666666666,476.5,,1445.3166666666666,0.3296855360416979,0.3296855360416979,0.3315844700944386,0.1636935991605456,0.5047219307450157,88.4930029239766,58.0,148.0,83.0,20.84658918263566,47.12784166666666,16.5432,85.079,44.9062,20.62967367141558,17.23015873015873,13.0,26.0,16.5,2.9125145913189874,71.0,71.0,71.0,71.0,0.0,,,,,,10112,435.495,3.5149019607843135,353.8333333333333,176.14080541808957,0.537205847016122,0.3815078382176004,58.5,21.160103969498852,84.16666666666667,71.16939885465757,13053.666666666666,2655.5229867830776,467.8496666666667,53.84580487218522,75.0,5.656854249492381,345.7142857142857,166.8439533273675,0.5982736737406196,0.3457267628990179,50.714285714285715,24.974749152656067,63.142857142857146,54.643323994270865,14527.285714285714,3498.723515526118,468.883,57.679630217261455,75.25,4.3493294502332605,433.0,0.3044400435918769,15274.0,79.0,0,1
0.0,18.0,5.5,123.0,207.5,232.78333333333333,207.5,,232.78333333333333,0.8913868404095368,0.8913868404095368,0.0867469879518072,0.0265060240963855,0.5927710843373494,65.113122,59.0,72.1776,64.0,3.0140871741401245,73.61,34.839,112.381,73.61,38.771,16.214285714285715,14.5,21.0,16.0,1.4356965173029843,,,,,,,,,,,15916,432.062,3.5017595307917886,372.3333333333333,144.3973106859449,0.5085041400143706,0.331826318152553,48.333333333333336,38.00109647540889,84.83333333333333,70.21455214792255,13767.333333333334,3181.844957463092,465.855,55.58463752692925,75.0,5.656854249492381,364.7857142857143,135.24664417982717,0.588323370793559,0.3343614767016546,45.857142857142854,30.265098553881987,65.71428571428571,51.510401168806965,14591.285714285714,3522.8139658652767,467.6942857142857,58.44553476161757,75.25,4.3493294502332605,476.5,0.3296855360416979,10112.0,71.0,1,0
0.0,36.5,35.5,146.5,218.5,220.5,218.5,,220.5,0.9909297052154196,0.9909297052154196,0.1670480549199084,0.1624713958810068,0.6704805491990846,66.80085869565218,59.0,72.0,67.0,3.3528484396675173,61.92235,27.617,96.2277,61.92235,34.305350000000004,16.181818181818183,13.5,19.0,16.0,1.0928013891064825,,,,,,,,,,,1277,21.997,2.037777777777778,300.8333333333333,152.23118384001776,0.7373340272222181,0.3565251249978833,39.666666666666664,36.42915499065733,70.83333333333333,76.05316123168934,9101.666666666666,7371.611786667375,296.518,237.7483563623523,71.0,,331.35714285714283,138.8244437787388,0.6850286684725442,0.3396460610955857,38.5,24.260736454883887,63.214285714285715,52.58711593066083,11728.285714285714,4985.068462060349,391.863,169.13651301044771,76.33333333333333,4.618802153516956,207.5,0.8913868404095368,15916.0,,2,1
0.0,45.0,0.0,76.5,236.5,252.23333333333332,236.5,,252.23333333333332,0.937623893220563,0.937623893220563,0.1902748414376321,0.0,0.3234672304439746,68.4707358490566,63.0,73.0,68.0,2.9867781714911428,59.2112,57.1943,61.2281,59.2112,2.0168999999999997,16.104166666666668,13.0,23.5,16.0,1.8369991758904585,,,,,,,,,,,18505,558.322,3.8645,220.83333333333337,14.640127503996895,0.9399801462818398,0.049813245525732,13.666666666666666,19.107153983085336,33.166666666666664,13.805192259919282,11899.333333333334,9289.84415011002,337.4603333333333,280.39834683594944,,,295.7857142857143,123.83721073209291,0.7708603757296119,0.3117503279711786,34.0,28.3519546651255,55.07142857142857,49.92613591716315,12473.285714285714,5608.10686162708,401.283,177.30685957777646,75.0,5.656854249492297,218.5,0.9909297052154196,1277.0,,3,1
0.0,0.0,0.0,0.0,156.5,166.0,156.5,,166.0,0.9427710843373494,0.9427710843373494,0.0,0.0,0.0,63.89180285714286,59.0,72.0,64.0,2.964724414317287,39.6458,39.6458,39.6458,39.6458,0.0,16.38235294117647,15.0,21.0,15.5,1.5197659626780955,,,,,,,,,,,678,35.335,3.1599999999999997,203.83333333333337,41.96824196143181,0.9571082275911108,0.0294031062239452,11.833333333333334,20.495934556231727,27.166666666666668,23.907809045024084,6820.0,10123.937919604212,205.218,305.869746253205,,,268.64285714285717,131.4568098545788,0.7677612948901763,0.309605407053909,30.928571428571427,30.9750283446582,50.285714285714285,53.79425088772432,10791.0,7164.9956036274125,350.18071428571426,225.16527350793856,75.0,5.656854249492297,236.5,0.937623893220563,18505.0,,4,1
0.0,15.5,68.0,47.0,130.5,132.5,130.5,,132.5,0.9849056603773584,0.9849056603773584,0.1187739463601532,0.5210727969348659,0.3601532567049808,69.134825,64.0,84.0,68.0,3.5656666485109865,42.1438,42.1438,42.1438,42.1438,0.0,14.961538461538462,14.0,16.0,15.0,0.5704768066996664,,,,,,,,,,,24322,632.571,3.5873747494989976,174.5,55.24490926773208,0.9551002126450904,0.0259402569375983,22.666666666666668,39.25981830489456,20.166666666666668,22.86008165631382,14501.666666666666,12319.890110440649,408.7426666666667,325.50452015960303,,,265.57142857142856,134.8438691510262,0.7688203947419716,0.3104539470937677,35.5,34.05632589304565,50.214285714285715,53.84766873850185,12297.714285714286,8815.850889435578,377.97,248.60097096619185,75.0,5.656854249492297,156.5,0.9427710843373494,678.0,,5,0
0.0,43.0,0.0,98.5,244.0,274.96666666666664,244.0,,274.96666666666664,0.8873802885198206,0.8873802885198206,0.1762295081967213,0.0,0.4036885245901639,71.06775172413792,63.0,86.8396,70.5,6.138180152445539,42.26246666666666,31.6746,62.0169,33.0959,13.980540062609249,15.75,14.5,17.0,15.5,0.8608550566567107,,,,,,,,,,,9829,372.942,3.403206997084548,177.0,59.462172849635685,0.9383523444115096,0.0489126107040571,22.666666666666668,39.25981830489456,19.5,21.77728174038262,11609.666666666666,11922.154349501325,346.9493333333333,299.46522997559066,,,238.57142857142856,112.86216836309268,0.8520975725888208,0.2338630792522193,26.714285714285715,34.163646788724996,45.142857142857146,52.39172508271566,11519.857142857143,8749.440009291488,355.53200000000004,239.5134432636298,71.0,,130.5,0.9849056603773584,24322.0,,6,0
0.0,139.0,96.0,277.0,512.0,850.2333333333333,512.0,,850.2333333333333,0.6021876347669267,0.6021876347669267,0.271484375,0.1875,0.541015625,78.35817384615386,66.0,99.0,79.0,6.618795695029931,42.17249999999999,27.8002,77.8884,33.9343,17.083401075312842,16.860655737704917,10.5,25.5,16.5,2.424484308089453,73.0,73.0,73.0,73.0,0.0,,,,,,17565,424.423,3.6268354430379746,295.5,195.89474214485688,0.8248245278880354,0.1988798360139923,54.666666666666664,49.369356217529656,65.83333333333333,64.83890293129068,17238.666666666668,7252.008848128444,476.6453333333334,137.46702689857457,73.0,,243.6428571428571,125.4328220887296,0.8910264438352822,0.1335939625638977,29.285714285714285,39.001984076515384,42.42857142857143,45.625676772540935,12584.57142857143,8999.468296463285,353.9502857142857,238.93322386370792,73.0,,244.0,0.8873802885198206,9829.0,,1,0
0.0,3.0,0.0,1.5,4.5,6.0,4.5,,6.0,0.75,0.75,0.6666666666666666,0.0,0.3333333333333333,,,,,,,,,,,,,,,,,,,,,,,,,,14494,385.46,3.644598337950139,253.5,253.88333935097032,0.7465226410955825,0.1426281229539495,32.0,55.42562584220408,61.666666666666664,69.89515958443285,13962.666666666666,3895.274102464842,394.275,26.8486779749033,73.0,,214.6428571428571,155.1323935347146,0.8708283237767768,0.1438266668592182,28.5,39.61165653356763,40.285714285714285,47.28623579053523,12381.42857142857,8927.496940298986,347.29285714285714,237.03575169681935,73.0,,512.0,0.6021876347669267,17565.0,73.0,2,0
0.0,9.5,49.5,69.0,128.0,143.5,128.0,,143.5,0.89198606271777,0.89198606271777,0.07421875,0.38671875,0.5390625,66.09910344827587,63.0,76.0,66.0,2.6795975810175316,39.8832,39.8832,39.8832,39.8832,0.0,14.642857142857142,13.0,16.0,14.5,0.9715336077668174,,,,,,,,,,,12307,436.768,3.5457317073170733,214.83333333333337,264.65842766353256,0.7480578991615655,0.1449089749720315,48.5,48.007811864320594,50.5,76.71212420471748,14788.666666666666,2641.356154200578,415.55033333333336,26.78004623471365,73.0,,201.71428571428572,158.49207581213054,0.8566935177056839,0.1346238088736835,30.5,40.37016224886888,36.42857142857143,48.7257876380914,13957.142857142857,7500.203184549336,406.5458571428572,189.17701848923457,73.0,,4.5,0.75,14494.0,,3,1
0.0,71.0,6.0,73.5,292.5,301.46666666666664,292.5,,301.46666666666664,0.9702565236620964,0.9702565236620964,0.2427350427350427,0.0205128205128205,0.2512820512820513,64.404934375,58.0,72.0,64.0,2.89917455543485,44.80466666666666,35.8678,62.5145,36.0317,12.522922005222616,15.553571428571429,13.0,20.0,15.0,1.3184087115201588,,,,,,,,,,,1714,175.105,3.1976190476190474,141.66666666666666,144.48558174895263,0.8707475287932889,0.1116536633808927,18.5,27.013885318480217,27.833333333333332,37.524436482555394,9505.0,6835.239790965641,332.4443333333333,138.65380296383282,,,209.71428571428572,161.91686579405948,0.8613553220544745,0.1384052763904616,31.357142857142858,39.67231852492182,40.142857142857146,50.448582971274064,11558.42857142857,8430.62885865468,351.80057142857146,193.337879805327,73.0,,128.0,0.89198606271777,12307.0,,4,0
0.0,42.5,48.0,137.0,227.5,260.5,227.5,,260.5,0.8733205374280231,0.8733205374280231,0.1868131868131868,0.210989010989011,0.6021978021978022,71.68842777777778,59.0,85.0,71.0,5.27440574740913,46.306,24.7265,67.8855,46.306,21.579499999999996,16.48076923076923,13.0,22.5,16.25,2.0309185551160818,,,,,,,,,,,10522,428.16,3.553164556962025,216.0,82.85076945931135,0.91185437460263,0.0514315926222243,34.5,24.69311644973151,41.0,30.777426793024805,8181.0,5671.254094113579,346.6776666666667,148.64861040834987,,,219.8571428571429,160.242970278916,0.8514338153531422,0.1340159873302325,38.214285714285715,37.434228034933845,46.214285714285715,47.26949081495126,12964.714285714286,7015.459113374459,407.9184285714286,134.11004300307167,73.0,,292.5,0.9702565236620964,1714.0,,5,0
0.0,119.0,29.0,256.0,404.0,429.2,404.0,,429.2,0.9412861136999068,0.9412861136999068,0.2945544554455445,0.0717821782178217,0.6336633663366337,69.0625188888889,58.0,84.0,69.0,3.513312677133915,36.437975,31.4483,46.0747,34.11445,5.794667303381188,15.523255813953488,12.5,23.0,15.5,1.4664999003801653,,,,,,,,,,,16527,561.254,3.6249422632794457,308.0,89.26505475268571,0.9282877249300088,0.0497580640675754,27.666666666666668,21.031722072463165,77.5,38.66199684444663,9587.666666666666,7450.568859713556,388.17300000000006,196.15550636421108,,,258.92857142857144,167.9805119082342,0.8452024515420777,0.1276379005885979,32.642857142857146,35.091207690001994,61.0,52.01041562353961,11851.142857142857,5327.93973403641,397.73028571428574,115.63552916918792,73.0,,227.5,0.8733205374280231,10522.0,,6,0
0.0,46.0,60.0,119.5,225.5,226.0,225.5,,226.0,0.9977876106194692,0.9977876106194692,0.2039911308203991,0.2660753880266075,0.5299334811529933,70.0132914893617,64.0,84.0,70.0,3.4267024346552546,39.01455,32.0663,45.9628,39.01455,6.948250000000002,16.045454545454547,12.5,17.5,16.25,1.0756508696544758,,,,,,,,,,,10095,381.787,3.5609756097560976,285.6666666666667,102.4845516813793,0.9374647539157998,0.0623214663672209,45.666666666666664,15.631165450257836,69.16666666666667,43.19239902266757,12381.333333333334,3596.59510277892,457.067,93.16014173990978,,,256.2857142857143,168.399539078659,0.8609749261277416,0.1399466958980291,41.214285714285715,33.05784972697751,61.42857142857143,51.84948454535539,11889.142857142857,5312.038511048025,398.9938571428572,115.36753341593209,73.0,,404.0,0.9412861136999068,16527.0,,0,0
0.0,54.0,0.0,92.0,228.0,249.41666666666663,228.0,,249.41666666666663,0.914132976946208,0.914132976946208,0.2368421052631578,0.0,0.4035087719298245,65.89979215686274,58.0,73.0,66.0,3.493885849221389,48.69755,47.1809,50.2142,48.69755,1.5166499999999985,16.6,14.0,23.5,16.0,2.563851269737255,,,,,,,,,,,24829,646.238,3.5437956204379564,285.8333333333333,102.34296914460371,0.9510689004218612,0.0426767105197561,29.666666666666668,30.005555041247515,73.0,40.03748243833522,17150.333333333332,7386.751473640712,529.7596666666667,135.0092686608347,,,215.71428571428572,125.1921380461707,0.9055385464390676,0.0811007280760985,27.5,25.61737691489896,49.285714285714285,39.0212091292,12926.857142857143,7035.542040917956,430.6817142857143,149.0593782342173,,,225.5,0.9977876106194692,10095.0,,1,0
0.0,16.0,66.5,72.5,155.0,156.0,155.0,,156.0,0.9935897435897436,0.9935897435897436,0.1032258064516129,0.4290322580645161,0.4677419354838709,75.41894060995185,66.0,123.0,75.0,5.389930245223237,,,,,,15.90625,12.5,17.5,16.0,1.0784646204210873,,,,,,,,,,,10967,306.532,3.932679738562092,202.83333333333337,41.44373696149139,0.9685034437184736,0.0471329636737929,42.166666666666664,36.66174209354125,38.666666666666664,20.033305601755657,15297.0,8266.460185593343,444.8523333333333,178.41796100822756,,,237.21428571428572,91.17513236571033,0.9403370812376024,0.0492412027494164,37.0,26.0464328971678,51.142857142857146,36.6909551589515,12423.0,7030.897405974112,419.4062857142858,155.87943552920888,,,228.0,0.914132976946208,24829.0,,3,1
0.0,107.5,39.0,194.5,461.5,742.6333333333333,461.5,,742.6333333333333,0.6214372278827596,0.6214372278827596,0.2329360780065005,0.0845070422535211,0.4214517876489707,74.28619702970298,59.0,109.0,70.0,10.772240185879092,58.08281666666667,33.0053,120.135,47.3648,28.728383542901533,15.70754716981132,12.5,21.5,15.5,1.5247454543644974,,,,,,,,,,,1950,219.023,3.1850931677018632,281.5,160.10074952978815,0.8430533161395705,0.195993909017727,35.166666666666664,33.4153158496719,59.166666666666664,45.96828616919859,12582.0,11524.683466369042,390.5976666666667,225.6733065524884,,,284.85714285714283,109.8217169953628,0.9016872476897438,0.1313080375390566,35.5,25.503267764478046,65.14285714285714,36.849597788074384,10943.42857142857,8072.044987840098,388.2998571428571,172.66014465169107,,,155.0,0.9935897435897436,10967.0,,4,0
0.0,19.0,54.5,93.5,167.0,168.0,167.0,,168.0,0.9940476190476192,0.9940476190476192,0.1137724550898203,0.3263473053892216,0.5598802395209581,70.05613235294118,63.0,73.0,71.0,2.554702950698227,39.4483,39.4483,39.4483,39.4483,0.0,14.75,13.0,16.0,15.0,0.770551750371122,,,,,,,,,,,13430,395.871,3.775636363636364,261.1666666666667,173.59747502003967,0.8696915301733741,0.2149946542750153,53.333333333333336,13.787071238422405,47.5,51.98317035349038,8782.333333333334,6043.771697651503,307.142,88.42557803599595,,,266.92857142857144,118.28406083500464,0.9050859756019614,0.1336654015718557,42.42857142857143,22.5728977822014,57.714285714285715,40.52967754503805,12617.142857142857,6980.1971182427205,419.8378571428571,145.20784545543518,,,461.5,0.6214372278827596,1950.0,,5,1
0.0,138.0,40.0,227.5,405.5,506.3666666666667,405.5,,506.3666666666667,0.8008031071028898,0.8008031071028898,0.3403205918618989,0.0986436498150431,0.561035758323058,69.33368962264151,59.0,85.0,69.2689,4.037606018771129,55.34342,34.4602,97.0186,51.9458,22.13084817122019,15.322916666666666,10.0,18.0,15.5,1.2310631555917655,,,,,,,,,,,16477,497.563,3.563979848866499,344.6666666666667,156.39080322491253,0.8054293180110896,0.1863482687645168,44.5,8.674675786448791,88.16666666666667,61.81086743715326,10619.0,7660.595472938117,370.819,140.94976029777428,,,292.35714285714283,127.19267349370492,0.8947263426983708,0.1392319749596125,41.285714285714285,22.445966866486888,71.35714285714286,49.61074672363026,13467.857142857143,7044.877345243421,429.75257142857146,148.20916477831503,,,167.0,0.9940476190476192,13430.0,,6,0
0.0,0.0,0.0,0.0,168.5,171.0,168.5,,171.0,0.9853801169590644,0.9853801169590644,0.0,0.0,0.0,75.18930277777777,64.0,85.0,73.5,4.723975440093164,28.0772,28.0772,28.0772,28.0772,0.0,16.764705882352942,13.0,21.5,17.0,1.9335858722227768,,,,,,,,,,,7668,328.856,3.7504310344827583,247.0,137.26707544054386,0.926743614369858,0.1091537444438321,31.5,28.226760352544904,52.333333333333336,74.79527614317186,12525.0,4473.688522908134,407.43,84.94539906904929,,,258.7142857142857,123.84225757755226,0.9010254860211075,0.1426451291216047,37.142857142857146,27.25300332947158,54.357142857142854,50.935182900848176,12202.285714285714,7197.801416967226,396.55285714285714,139.62311434409014,,,405.5,0.8008031071028898,16477.0,,0,1
0.0,19.0,29.5,135.5,184.0,261.0,184.0,,261.0,0.7049808429118773,0.7049808429118773,0.1032608695652173,0.1603260869565217,0.7364130434782609,77.35009259259259,66.0,97.0,79.0,7.594878065167336,57.2,34.6504,79.7496,57.2,22.5496,17.02173913043478,8.0,21.0,16.5,2.4955537020415237,,,,,,,,,,,12920,364.382,3.4283116883116884,252.66666666666663,132.5842499444534,0.8303880223246106,0.1425215374182249,23.166666666666668,20.73845060107756,52.333333333333336,74.79527614317186,12355.0,4431.595536598524,396.9336666666666,88.93942440972602,,,252.78571428571428,126.65861503231748,0.859195947777166,0.1521558513607253,32.785714285714285,25.362139011489027,50.5,52.66640295292625,12605.857142857143,7138.912648963005,394.0664285714285,140.08410662747957,,,168.5,0.9853801169590644,7668.0,,4,0
0.0,102.0,64.5,167.5,511.0,1436.55,511.0,,1436.55,0.3557133409905677,0.3557133409905677,0.1996086105675146,0.1262230919765166,0.3277886497064579,98.22109304347826,62.0,146.0,98.0,22.706184311551016,34.18984166666667,18.6338,55.8641,36.65455,11.749369832637717,15.535087719298245,12.5,20.0,15.0,1.4685583368721016,75.0,75.0,75.0,75.0,0.0,,,,,,19173,568.14,3.6828571428571433,287.8333333333333,193.42332675593525,0.6820247669538365,0.3154604543475834,31.333333333333332,32.28905903449858,40.333333333333336,54.24327915358116,13253.666666666666,5759.753148645633,420.4593333333334,129.12284325143006,75.0,,293.2142857142857,158.57355210933338,0.7794217140692172,0.2397351240559458,42.0,23.079572497484985,57.357142857142854,56.20402883373091,11797.857142857143,5699.949398271648,382.90957142857144,118.0262119063066,75.0,,184.0,0.7049808429118773,12920.0,,5,0
0.0,89.0,12.5,205.5,307.0,347.3666666666667,307.0,,347.3666666666667,0.8837923423855676,0.8837923423855676,0.2899022801302932,0.0407166123778501,0.6693811074918566,68.1335808219178,63.0,85.0,67.0,3.894336321520222,26.566133333333337,23.1701,29.1058,27.4225,2.4977531934832053,15.363636363636363,13.5,20.5,15.0,1.5139389087026418,,,,,,,,,,,12238,507.394,3.838630136986301,334.0,165.16355530200957,0.6481621754293376,0.2685854215318726,35.5,26.51414716712572,70.0,44.64302857109943,14777.0,3822.288973900316,479.972,104.61025381863892,75.0,,314.92857142857144,146.435261171228,0.7637363710400494,0.2266203328335613,34.285714285714285,22.54413660440545,67.78571428571429,53.97982427325443,11979.42857142857,5689.305225805794,411.6041428571429,120.7478852229286,75.0,,511.0,0.3557133409905677,19173.0,75.0,6,1
0.0,79.5,72.0,115.5,267.0,271.0,267.0,,271.0,0.985239852398524,0.985239852398524,0.297752808988764,0.2696629213483146,0.4325842696629213,69.02038181818182,63.0,80.0,68.0,3.099553363021014,65.50405,50.8661,80.142,65.50405,14.637949999999996,15.925925925925926,14.0,19.5,16.0,0.899626503814157,,,,,,,,,,,28933,718.788,3.60699865410498,361.6666666666667,130.86379687802625,0.7415818452582199,0.3379996690253903,49.666666666666664,32.40498932777689,90.16666666666669,11.295279249904953,20114.666666666668,8387.240805731837,598.1073333333334,108.8365132174558,75.0,,287.14285714285717,131.70001084716318,0.8157081745423014,0.2302346336230545,39.0,26.751946969644383,63.785714285714285,51.52819385447894,15834.142857142857,6794.992701211977,482.9991428571429,134.8295306704342,75.0,,307.0,0.8837923423855676,12238.0,,0,1
0.0,124.5,93.5,324.0,542.0,1444.3666666666666,542.0,,1444.3666666666666,0.3752509750525029,0.3752509750525029,0.2297047970479704,0.1725092250922509,0.5977859778597786,98.95428943298968,58.0,152.0,91.5,27.726179172677753,43.833590909090915,17.5166,129.447,29.9126,30.74389719394299,15.517241379310343,13.0,22.0,15.25,1.3162299782063664,74.0,74.0,74.0,74.0,0.0,,,,,,14480,409.507,3.5228169014084503,372.0,148.5765795810362,0.7480943899455316,0.3268517375566152,59.333333333333336,41.95930568221231,97.66666666666669,23.71883920712254,18550.333333333332,9061.26185105216,545.2296666666667,158.07383557797735,74.0,,340.7142857142857,149.72081160804424,0.7273086539715706,0.2663156584372633,44.57142857142857,33.68163269427983,78.85714285714286,51.67423139705312,15984.142857142857,6744.477430425877,484.94714285714286,133.4523840806509,74.5,0.7071067811865476,267.0,0.985239852398524,28933.0,,1,1
0.0,9.5,15.0,57.0,185.0,193.9,185.0,,193.9,0.9541000515729756,0.9541000515729756,0.0513513513513513,0.081081081081081,0.3081081081081081,66.84255365853659,54.0,72.0,67.0,3.839449159557667,42.80985,32.0223,53.5974,42.80985,10.78755,15.8125,15.0,17.0,15.5,0.7043392293490403,,,,,,,,,,,28891,759.877,3.659075907590759,331.3333333333333,186.99286973928525,0.7715302930080009,0.3435409657934838,60.166666666666664,40.56579018499867,71.16666666666667,57.95112883571237,24101.333333333332,8332.345548123485,629.3906666666667,191.52988443147305,74.0,,309.2142857142857,156.8448960870945,0.749208217467297,0.2793504211526692,41.0,35.5222934695007,60.5,49.958315957739536,17757.571428571428,8339.230237400885,522.4205714285714,169.5359816556722,74.5,0.7071067811865476,542.0,0.3752509750525029,14480.0,74.0,2,0
0.0,19.5,51.5,81.5,152.5,154.0,152.5,,154.0,0.9902597402597404,0.9902597402597404,0.1278688524590163,0.3377049180327869,0.5344262295081967,73.712634375,71.0,80.0,73.0,2.559375964054687,26.445,26.445,26.445,26.445,0.0,18.066666666666663,16.5,19.0,18.0,0.793025150224688,,,,,,,,,,,14433,526.669,3.936338797814208,293.1666666666667,216.10780488759144,0.7732035889617398,0.345110986436793,53.333333333333336,39.2820994007873,51.166666666666664,63.70504951205464,19268.0,8333.795593845574,565.351,178.35920797088124,74.0,,306.92857142857144,159.3341427554656,0.7499053065102508,0.2800432156495707,48.357142857142854,30.60870557770871,63.285714285714285,46.442488756576786,18724.0,7302.647921587548,550.6795714285714,146.86473522809723,74.5,0.7071067811865476,185.0,0.9541000515729756,28891.0,,4,1
0.0,85.5,67.0,210.0,362.5,1455.95,362.5,,1455.95,0.2489783302998042,0.2489783302998042,0.2358620689655172,0.1848275862068965,0.5793103448275863,95.82052028169016,60.0,151.0,98.0,20.9039745838538,30.71095,19.9799,49.2805,30.76125,8.374181946912787,16.68918918918919,14.0,23.0,16.5,1.6698897493601972,75.0,75.0,75.0,75.0,0.0,,,,,,8211,393.625,3.600493827160494,233.33333333333337,113.03576130293138,0.7311127073775069,0.417931871172275,44.5,26.69737814842501,38.166666666666664,41.295681775862874,17178.333333333332,10609.81815741124,560.0569999999999,185.3947161706613,75.0,,332.42857142857144,150.4156542638401,0.6847620904228118,0.3390549054942646,53.714285714285715,30.034503967460957,72.78571428571429,42.50868258647985,18051.285714285714,8099.803921789023,554.8571428571429,140.9803126248824,74.66666666666667,0.5773502691896247,152.5,0.9902597402597404,14433.0,,5,0
0.0,41.0,0.0,44.5,157.5,177.86666666666667,157.5,,177.86666666666667,0.8854947526236882,0.8854947526236882,0.2603174603174603,0.0,0.2825396825396825,71.51441842105264,63.0,84.0,72.0,3.836225216198536,41.4171,40.0151,42.8191,41.4171,1.402000000000001,16.5,15.0,22.5,16.0,2.173067468400883,,,,,,,,,,,22428,603.216,3.417723880597015,224.16666666666663,119.82626312012437,0.708244274394411,0.4011705762047215,39.5,35.07491981459118,48.666666666666664,33.66130320313421,15024.0,7126.902061905994,507.83666666666664,106.05701016120244,75.0,,281.92857142857144,139.409298043396,0.7604451492275432,0.3113611028156301,44.5,35.55980877338908,64.07142857142857,41.767639558463365,18516.285714285714,8266.6473598085,559.868,142.1496132202502,74.5,0.7071067811865476,362.5,0.2489783302998042,8211.0,75.0,6,0
0.0,31.5,51.5,140.5,223.5,236.5,223.5,,236.5,0.945031712473573,0.945031712473573,0.1409395973154362,0.2304250559284116,0.6286353467561522,62.307854,57.0,72.0,63.0,2.5803729672440765,45.137249999999995,33.8826,56.3919,45.137249999999995,11.254650000000002,15.42,13.5,20.5,15.0,1.3013838787997951,,,,,,,,,,,1734,145.834,3.047169811320755,247.83333333333337,104.64384039843569,0.6931682651323552,0.3858298667184164,39.5,35.07491981459118,52.666666666666664,28.82851597521686,10791.0,10585.49521751344,380.89166666666665,228.95671384419668,75.0,,270.0,140.47479014637003,0.7691936306686868,0.3162268004290927,50.07142857142857,32.646373677419575,55.857142857142854,41.70203261004819,17015.714285714286,10299.603482890114,508.21657142857146,212.61648462184775,74.5,0.7071067811865476,157.5,0.8854947526236882,22428.0,,5,1
0.0,122.0,75.0,213.5,505.5,1424.3,505.5,,1424.3,0.35491118444148,0.35491118444148,0.2413452027695351,0.1483679525222551,0.4223541048466864,127.91650600938968,59.0,192.0,129.0,31.212994960092537,41.055191,9.7094,97.0007,34.2862,28.404249973384772,17.244897959183675,8.5,25.0,17.0,3.205738555070458,72.0,72.0,72.0,72.0,0.0,,,,,,33905,1253.21,3.827994011976048,295.5,184.83506160899225,0.7284792165129138,0.3248860851688395,42.166666666666664,38.36122173932074,64.83333333333333,49.73513178160217,19355.666666666668,16304.071096917276,667.42,556.4728354160696,72.0,,304.07142857142856,166.19477242366085,0.6791466781033949,0.3337142329204028,50.5,32.99999999999999,61.92857142857143,48.291155652828536,17726.0,11373.842241447415,584.5625714285715,351.45139950157994,73.66666666666667,1.5275252316519483,223.5,0.945031712473573,1734.0,,6,1
0.0,75.0,46.5,163.5,285.0,300.53333333333336,285.0,,300.53333333333336,0.9483141082519964,0.9483141082519964,0.2631578947368421,0.1631578947368421,0.5736842105263158,68.9009619047619,60.0,73.52,71.0,3.816605671977935,34.86723333333334,33.6662,36.295,34.6405,1.0851123945881769,15.327586206896552,13.5,20.5,15.0,1.3536404431993465,,,,,,,,,,,8338,233.445,3.539655172413793,338.0,148.28266925032057,0.7494190017223499,0.3416577336345521,57.666666666666664,15.217862311551322,76.16666666666667,45.261278520754736,14659.0,16991.456411973635,544.1629999999999,615.6132373389969,72.0,,267.35714285714283,129.1267833970793,0.7610128399890368,0.3165899459892138,43.785714285714285,27.035250357722987,54.857142857142854,40.61579566059067,16848.571428571428,11891.135253584824,559.4108571428571,371.77935930397786,73.5,2.121320343559646,505.5,0.35491118444148,33905.0,72.0,0,0
0.0,52.0,57.5,100.5,210.0,215.5,210.0,,215.5,0.974477958236659,0.974477958236659,0.2476190476190476,0.2738095238095238,0.4785714285714286,71.82144090909091,63.0,84.0,72.0,4.682214162042947,37.8318,37.8318,37.8318,37.8318,0.0,15.88095238095238,14.0,17.5,16.0,0.9373818897633108,,,,,,,,,,,14929,444.306,3.890322580645161,333.5,153.60419916135095,0.7592344169767119,0.3503984789312152,59.666666666666664,14.37300710823362,83.0,35.67912554982255,19057.333333333332,13274.043254914204,643.6536666666667,538.3166196211422,72.0,,270.92857142857144,126.79393668844112,0.7639239695124201,0.3187476865574131,49.857142857142854,24.106904760728955,60.92857142857143,35.56851202424761,14854.0,10639.635394755478,514.3292857142858,362.43513653145095,73.5,2.121320343559646,285.0,0.9483141082519964,8338.0,,5,0
0.0,57.0,10.5,71.5,139.0,155.0,139.0,,155.0,0.896774193548387,0.896774193548387,0.4100719424460431,0.0755395683453237,0.5143884892086331,69.82129090909092,63.0,73.0,71.0,2.630912748557697,44.0592,38.1184,50.0,44.0592,5.940799999999999,15.285714285714286,14.0,17.0,15.0,0.7726181304565691,,,,,,,,,,,17019,501.753,3.485781990521327,211.33333333333337,73.00913184892201,0.9398554200123476,0.0395364492175783,38.166666666666664,24.583192089989744,61.333333333333336,12.096831541082723,13428.666666666666,4530.8046010982725,393.1679999999999,141.27496947088653,,,269.0,128.97932650881188,0.7505688914107982,0.3095085675290043,44.0,28.26363977504193,66.28571428571429,30.792121750616044,15223.42857142857,10667.440256174292,510.7698571428572,362.41609991069134,73.5,2.121320343559646,210.0,0.974477958236659,14929.0,,6,1
0.0,41.0,73.5,233.0,347.5,367.5,347.5,,367.5,0.9455782312925172,0.9455782312925172,0.1179856115107913,0.2115107913669064,0.6705035971223021,69.61260129870129,58.0,100.0,69.0,5.950451327671317,52.756,49.0386,59.8421,49.3873,5.012651183422467,15.4,13.5,18.0,15.0,0.991391518451284,,,,,,,,,,,9507,295.53499999999997,4.0649999999999995,232.16666666666663,106.00275153661474,0.9389434610258544,0.0392744687303471,47.166666666666664,32.74650108535772,50.0,8.185352771872479,13818.333333333334,3877.205350936842,413.86466666666666,106.42589892659248,,,266.85714285714283,127.28043653212993,0.8500831629811857,0.220562629112196,44.92857142857143,29.23529341313988,59.92857142857143,30.75769357877332,15408.57142857143,10535.884282728612,496.757,369.5269908644474,72.0,,139.0,0.896774193548387,17019.0,,0,1
0.0,61.0,0.0,59.0,120.0,122.5,120.0,,122.5,0.979591836734694,0.979591836734694,0.5083333333333333,0.0,0.4916666666666666,64.80853846153846,58.0,73.022,64.0,3.015341468490366,66.5381,66.5381,66.5381,66.5381,0.0,16.25,13.5,25.0,15.0,3.2371540999258386,,,,,,,,,,,751,64.61,2.548076923076923,202.16666666666663,126.2203760623984,0.940648087191866,0.0416283586797916,28.0,39.75235842060193,53.0,10.583005244258386,9092.333333333334,8141.923441873749,287.2993333333333,218.6878374906413,,,261.5,133.29728679409305,0.8635256035684724,0.2258837686359547,44.92857142857143,29.23529341313988,62.785714285714285,29.61398479161652,12311.857142857143,11287.7049103375,419.81328571428566,398.59677758678816,72.0,,347.5,0.9455782312925172,9507.0,,1,1
0.0,58.0,50.5,170.0,278.5,281.5,278.5,,281.5,0.9893428063943162,0.9893428063943162,0.2082585278276481,0.1813285457809695,0.6104129263913824,71.33907413793104,63.0,79.0,72.0,2.953226957809229,50.11335,37.9726,62.2541,50.11335,12.14075,15.410714285714286,13.5,17.0,15.5,0.8869447098705461,,,,,,,,,,,3347,272.483,3.0902912621359224,248.66666666666663,116.64726029072985,0.9715042914738424,0.0229758742971812,41.333333333333336,37.597650635822106,53.333333333333336,10.78579312490898,4535.0,4497.264946609208,210.876,127.1933793206224,,,269.35714285714283,132.30133354257202,0.8698557598428642,0.2291459099162042,44.785714285714285,29.200252771247733,66.57142857142857,26.47550530117188,12542.285714285714,11049.73312972288,437.906,386.7872986823637,72.0,,120.0,0.979591836734694,751.0,,5,0
0.0,29.0,9.0,82.0,120.0,185.5,120.0,,185.5,0.6469002695417789,0.6469002695417789,0.2416666666666666,0.075,0.6833333333333333,71.07097435897435,64.0,90.0,72.0,4.319563381587041,37.3206,31.226,43.4152,37.3206,6.0946,15.2,13.5,18.0,15.0,1.0456258094238748,,,,,,,,,,,13667,460.569,3.6432291666666665,172.83333333333334,91.51001766655534,0.871944970890263,0.1949554014540169,19.833333333333332,26.93665408571256,49.333333333333336,17.672954855748763,5921.666666666667,6832.0893827096015,265.88733333333334,198.0618830929695,,,214.28571428571428,91.59323898941152,0.911568486285764,0.1206984274110029,35.357142857142854,28.464472425748372,53.285714285714285,14.772883782054684,9651.142857142857,6041.0827514216335,324.67157142857144,154.73915416366256,,,278.5,0.9893428063943162,3347.0,,6,0
0.0,54.0,73.5,102.5,230.0,232.5,230.0,,232.5,0.989247311827957,0.989247311827957,0.2347826086956521,0.3195652173913043,0.4456521739130434,66.84900816326531,59.0,77.3086,67.0,3.17724767811649,77.95375,64.0158,91.8917,77.95375,13.93795,15.630434782608695,13.0,21.0,15.0,1.9123022279347173,,,,,,,,,,,13405,371.159,3.647619047619047,209.5,81.21422289229851,0.8751634625880174,0.1976817296933411,44.333333333333336,32.689192913458946,47.0,15.716233645501728,10139.666666666666,5884.080330292344,368.07033333333334,94.08103286706218,,,206.42857142857144,86.74696371796387,0.9174160867966156,0.1237289109698581,39.214285714285715,31.853645975064783,50.285714285714285,11.36829341801548,10375.0,6159.916124970115,344.34499999999997,149.8859133507883,,,120.0,0.6469002695417789,13667.0,,6,0
0.0,87.5,0.0,125.5,213.0,213.5,213.0,,213.5,0.9976580796252928,0.9976580796252928,0.4107981220657277,0.0,0.5892018779342723,66.58908409090908,60.0,72.0,67.0,3.0707623638071007,45.917,34.0896,57.7444,45.917,11.8274,14.795454545454543,13.0,16.5,14.5,1.0516123001144797,,,,,,,,,,,13493,429.365,3.652903225806452,187.66666666666663,59.214300074671776,0.8779352203316764,0.2001263266504503,27.5,40.090522570802214,56.833333333333336,29.3527397926213,13521.666666666666,133.3316666559913,420.3643333333334,45.379467001423535,,,206.8571428571429,86.77495524137642,0.9207275327092777,0.1258034319758226,31.0,33.71201566207513,55.357142857142854,18.15377436814512,10169.857142857143,6004.939950534391,342.2105714285714,148.32342504794175,,,230.0,0.989247311827957,13405.0,,0,0
0.0,35.5,57.5,165.0,258.0,275.0,258.0,,275.0,0.9381818181818182,0.9381818181818182,0.1375968992248062,0.2228682170542635,0.6395348837209303,67.42622631578948,62.0,72.0,67.0,3.1711016462281667,48.13485,35.8387,60.431,48.13485,12.296149999999995,15.333333333333334,14.0,20.0,15.0,1.2981468272831025,,,,,,,,,,,8383,42.917,3.127272727272727,233.66666666666663,22.722969289537826,0.975029069878356,0.0321865689679104,43.666666666666664,38.6533741519849,59.0,26.358110706194413,11760.333333333334,2925.187401404099,281.147,208.35578773818548,,,223.8571428571429,82.8325189190587,0.9266429076569106,0.1254624571869843,37.714285714285715,33.628927456949334,52.285714285714285,19.59136106990598,8936.142857142857,5195.88886937137,276.6625714285714,166.3560958524987,,,213.0,0.9976580796252928,13493.0,,1,0
0.0,115.0,46.0,204.5,365.5,1424.1,365.5,,1424.1,0.2566533249069588,0.2566533249069588,0.3146374829001368,0.1258549931600547,0.5595075239398085,105.29770541586076,58.0,162.0,104.0,26.41119440410269,34.29264615384615,16.9141,67.3939,30.1,15.08255457864714,15.836363636363636,13.0,21.5,15.0,2.0406205505691055,72.0,72.0,72.0,72.0,0.0,,,,,,18976,594.71,3.710526315789474,278.8333333333333,78.35549331944304,0.7308310742380234,0.4117253452112565,34.5,30.426140077242813,79.33333333333333,40.37429049944202,13617.333333333334,5297.594391167869,355.66400000000004,283.18325650186296,72.0,,226.42857142857144,87.4606714336168,0.8282250638875451,0.2814160501485201,33.785714285714285,30.18119881490397,62.857142857142854,29.794734274300712,10288.857142857143,6450.420772543239,319.4018571428572,205.7739764162195,72.0,,258.0,0.9381818181818182,8383.0,,2,0
0.0,86.0,8.5,140.0,234.5,259.0,234.5,,259.0,0.9054054054054054,0.9054054054054054,0.3667377398720682,0.0362473347547974,0.5970149253731343,67.01648867924528,59.0,73.0,67.692,2.8488122058189065,43.97865,42.381,45.5763,43.97865,1.5976500000000016,15.403846153846152,13.5,21.0,15.0,1.4278765216035822,,,,,,,,,,,11959,415.02,3.67013422818792,286.0,69.84447007458752,0.7000801828313943,0.3843684522111243,37.333333333333336,25.623882089436304,78.83333333333333,40.23162106270805,13106.0,5388.84208341643,350.8823333333333,281.4322457117045,72.0,,242.78571428571428,73.89342389711092,0.8176270022690754,0.276112486893578,35.0,28.731515797117265,66.42857142857143,31.008639349150965,11890.0,4890.818234201737,369.46042857142857,173.56098399108137,72.0,,365.5,0.2566533249069588,18976.0,72.0,3,1
0.0,32.0,47.0,124.0,203.0,209.0,203.0,,209.0,0.971291866028708,0.971291866028708,0.1576354679802955,0.2315270935960591,0.6108374384236454,64.26196046511627,59.0,70.0,63.0,2.276074002673528,44.6481,44.6481,44.6481,44.6481,0.0,15.714285714285714,14.0,19.0,15.5,1.1909522857523618,,,,,,,,,,,13926,465.912,3.689086294416243,267.6666666666667,86.17762664017434,0.7111168654470242,0.3949532740508997,33.833333333333336,21.94500702513751,77.66666666666667,42.12283624512165,14953.666666666666,3619.6196393175433,491.8806666666667,92.6169679990302,72.0,,232.0,73.3195062722058,0.8150482965025597,0.2743199644621873,34.5,28.445854999747603,62.714285714285715,33.632644289510765,13401.285714285714,3127.7034553745852,397.0931428571429,170.92581561935833,72.0,,234.5,0.9054054054054054,11959.0,,5,0
0.0,70.0,5.5,142.0,217.5,221.5,217.5,,221.5,0.981941309255079,0.981941309255079,0.3218390804597701,0.025287356321839,0.6528735632183909,65.5231347826087,59.0,72.0,66.0,3.1687942614500653,37.76735,33.332,42.2027,37.76735,4.43535,15.545454545454543,14.0,17.5,15.5,0.9523784927162257,,,,,,,,,,,13887,389.811,3.695744680851064,218.33333333333337,15.766525721708245,0.9528795268963977,0.0414571684846413,20.333333333333332,23.14267342666649,62.666666666666664,27.736858750286313,13257.333333333334,1124.5587282722315,423.581,38.76607525917435,,,245.92857142857144,55.62180969984474,0.8629113021758884,0.269274365955812,34.0,28.99425230397683,68.57142857142857,30.175084329388604,13432.714285714286,3131.9209608101733,386.9848571428571,168.62305583502774,72.0,,203.0,0.971291866028708,13926.0,,6,0
0.0,62.0,67.5,172.0,301.5,311.0,301.5,,311.0,0.9694533762057878,0.9694533762057878,0.2056384742951907,0.2238805970149253,0.5704809286898839,69.54932222222222,63.0,84.0,69.0,3.1142649481768054,39.545,29.5726,49.5174,39.545,9.9724,15.85,13.5,20.0,15.5,1.198262631201246,,,,,,,,,,,18956,501.906,3.564137931034483,240.66666666666663,53.179726713601,0.9742288504965252,0.0067421455252718,40.0,31.58718094417419,54.666666666666664,20.033305601755657,15589.666666666666,2915.395399141129,452.54300000000006,57.23084725041211,,,256.14285714285717,58.689659996256744,0.8600835970870071,0.2678266105016218,33.142857142857146,27.69132578641771,69.71428571428571,29.678635894721104,14225.714285714286,3762.923230428102,405.663,173.7415273387454,72.0,,217.5,0.981941309255079,13887.0,,4,0
0.0,114.5,57.5,229.0,401.0,1459.45,401.0,,1459.45,0.2747610401178526,0.2747610401178526,0.2855361596009975,0.1433915211970075,0.571072319201995,91.25747029388404,54.0,156.0,86.0,17.478607865932112,46.43545,25.1851,109.242,36.20885,24.44770391105267,16.071428571428573,13.0,20.0,16.0,1.529750324210382,72.0,72.0,72.0,72.0,0.0,,,,,,17192,806.76,3.7320185614849186,306.6666666666667,91.85904056397108,0.7420519085262399,0.4047339297505946,43.5,33.28663395418649,82.16666666666667,28.28574434822839,16678.333333333332,2573.243154723871,566.159,215.77292035146613,72.0,,283.0,76.0920495189874,0.7568125914430872,0.336503594077144,41.357142857142854,24.57423156769823,73.57142857142857,33.8383763541591,14754.142857142857,3900.104076755394,459.5765714285714,231.33201833717789,72.0,0.0,301.5,0.9694533762057878,18956.0,,5,1
0.0,62.5,0.0,116.0,178.5,187.5,178.5,,187.5,0.952,0.952,0.3501400560224089,0.0,0.6498599439775911,66.5078923076923,62.0,73.0,67.0,2.3742931255087827,49.2582,38.5376,59.9788,49.2582,10.7206,16.05263157894737,12.5,24.0,15.5,2.438154699347467,,,,,,,,,,,21805,565.233,3.725,293.6666666666667,111.4566432893674,0.7320714721078803,0.3961385849553465,41.666666666666664,36.42915499065734,79.66666666666667,30.167587462926733,19317.666666666668,2327.669292088818,624.633,160.87342953079678,72.0,,271.64285714285717,85.7635870118717,0.7587866174171131,0.3377829834776926,33.142857142857146,27.69132578641771,77.42857142857143,30.108731529005233,16671.571428571428,3527.3283023247527,534.1931428571428,141.22775315122337,72.0,0.0,401.0,0.2747610401178526,17192.0,72.0,6,0
0.0,0.0,0.0,0.0,133.5,140.0,133.5,,140.0,0.9535714285714286,0.9535714285714286,0.0,0.0,0.0,69.98600333333334,63.0,84.0,69.5,4.528546703044538,39.4391,26.0551,52.8231,39.4391,13.384,16.964285714285715,15.0,18.5,17.0,0.8957097288560322,,,,,,,,,,,8020,289.129,3.486475409836066,237.66666666666663,143.2291287878736,0.7267774895630938,0.3914585166703495,19.166666666666668,33.19764047840352,59.0,57.330184022031546,15672.333333333334,7017.02189916301,553.7073333333333,259.00790293798656,72.0,,238.5,88.23973028063965,0.8583463465120375,0.258522199294921,26.571428571428573,29.52883981724273,61.0,36.81824728763351,15106.42857142857,4601.518983159929,490.53871428571426,164.6844709029101,72.0,,178.5,0.952,21805.0,,0,0
0.0,57.5,66.5,114.5,238.5,242.5,238.5,,242.5,0.9835051546391752,0.9835051546391752,0.2410901467505241,0.2788259958071278,0.480083857442348,69.21346923076922,58.0,89.123,69.0,5.908628969160875,118.67553333333336,72.6224,201.475,81.9292,58.67121890543002,16.4375,13.5,22.0,16.0,1.850182986445755,,,,,,,,,,,6047,356.627,3.3164596273291926,183.5,52.67826876426322,0.963025527736868,0.0177532725287999,22.166666666666668,38.39379290111014,40.0,34.73110997362453,11957.333333333334,8585.195765580029,403.663,143.9362486519636,,,239.07142857142856,88.22245961744898,0.869503453545433,0.2625456056053534,34.857142857142854,31.672430553130212,56.92857142857143,35.130030566725196,14261.857142857143,5689.430183201481,482.1968571428571,170.52273293750665,72.0,,133.5,0.9535714285714286,8020.0,,5,1
0.0,45.0,0.0,69.0,114.0,119.5,114.0,,119.5,0.9539748953974896,0.9539748953974896,0.3947368421052631,0.0,0.6052631578947368,67.04284583333333,60.0,73.0,67.0,3.1704346607864315,95.5129,95.5129,95.5129,95.5129,0.0,16.916666666666668,15.5,21.5,16.5,1.6435902436096683,,,,,,,,,,,16036,529.535,3.8144702842377263,162.0,66.96454285664878,0.963683826202698,0.0171669593146179,22.166666666666668,38.39379290111014,34.166666666666664,30.242078852706776,10034.333333333334,5290.386028763239,391.76366666666667,123.99475883009418,,,226.3571428571429,99.92443573592442,0.8670296005981163,0.2615061739455865,28.142857142857142,33.59279968201801,58.785714285714285,33.91516025670665,14563.285714285714,5724.457229417371,491.2858571428572,171.20428754408053,72.0,,238.5,0.9835051546391752,6047.0,,6,0
0.0,0.0,0.0,0.0,65.5,71.0,65.5,,71.0,0.9225352112676056,0.9225352112676056,0.0,0.0,0.0,76.5,70.0,84.0,77.0,4.484098890205574,,,,,,,,,,,,,,,,,,,,,20211,562.979,3.8854,139.33333333333334,89.23891154274173,0.9533384204347568,0.0304899544762947,22.166666666666668,38.39379290111014,34.166666666666664,30.24207885270678,14098.0,7278.159588797152,483.047,110.7525962855952,,,204.6428571428571,117.19311494484742,0.8585430151713342,0.25809716877365,27.357142857142858,34.26819989158349,48.785714285714285,39.85688683993555,15466.714285714286,6087.452880427808,516.0241428571428,166.545453796082,72.0,,114.0,0.9539748953974896,16036.0,,0,0
0.0,78.0,36.5,179.5,294.0,306.5,294.0,,306.5,0.9592169657422512,0.9592169657422512,0.2653061224489796,0.1241496598639455,0.6105442176870748,68.22767301587301,58.0,83.0,68.0,4.350811870714617,28.5592,20.9328,36.1856,28.5592,7.6264,16.75,14.5,32.0,16.5,2.9488698400121582,,,,,,,,,,,2015,42.388,2.296078431372549,157.83333333333334,120.39137566010815,0.9452423574691156,0.0198388682095829,12.166666666666666,21.073284825421407,41.0,39.1535439009038,12754.0,9531.644506589611,378.3006666666667,291.3891127072754,,,203.57142857142856,116.19001268447768,0.8570806708194004,0.2573920673977027,22.928571428571427,29.946380654191135,51.07142857142857,41.17789513342136,13046.57142857143,7638.8956195064275,450.37871428571424,245.0819410242993,72.0,,65.5,0.9225352112676056,20211.0,,1,0
0.0,55.5,48.5,127.0,231.0,233.5,231.0,,233.5,0.9892933618843684,0.9892933618843684,0.2402597402597402,0.2099567099567099,0.5497835497835498,67.01014583333334,59.0,76.9899,66.0,3.6800471843645304,42.6087,41.1033,44.1141,42.6087,1.5054000000000016,15.630434782608695,14.5,17.0,15.5,0.6949724940498164,,,,,,,,,,,4751,99.75,2.964516129032258,196.83333333333337,118.0194193060332,0.9570151796314084,0.0334334946573164,28.333333333333332,25.260311425897648,44.5,40.14660633229166,8992.333333333334,9811.487416968605,235.039,285.44891392506594,,,179.28571428571428,80.25628591313867,0.9591567167860456,0.0221790720144816,21.642857142857142,28.366227404130708,42.642857142857146,30.748596561082092,11269.285714285714,7954.423019391711,349.3772857142857,217.91236822685883,,,294.0,0.9592169657422512,2015.0,,4,0
0.0,40.0,0.0,133.0,173.0,304.0,173.0,,304.0,0.569078947368421,0.569078947368421,0.2312138728323699,0.0,0.7687861271676301,69.41906984126983,59.0,106.0,67.0,9.858052629737667,74.06115,64.9528,83.1695,74.06115,9.108350000000002,16.23076923076923,13.5,24.0,15.75,2.149377231945826,,,,,,,,,,,5735,266.52,3.3644329896907217,232.66666666666663,60.517215181576915,0.839196424998347,0.2344114677060174,28.333333333333332,25.260311425897648,57.833333333333336,19.10715398308535,4167.0,1927.5352136861052,136.2193333333333,116.43151446808922,,,178.5,80.29217479514031,0.9044537092672486,0.149506957357623,21.642857142857142,28.366227404130708,39.42857142857143,29.476584734650764,8973.57142857143,6612.765277782642,306.704,196.8245312319242,,,231.0,0.9892933618843684,4751.0,,5,0
0.0,121.5,62.0,294.5,478.0,515.5,478.0,,515.5,0.92725509214355,0.92725509214355,0.25418410041841,0.1297071129707113,0.6161087866108786,70.84728518518519,58.0,85.0,72.0,4.570621702521255,38.37656,18.9014,67.9023,40.0507,17.441556494372858,15.865384615384617,11.5,21.5,15.5,1.8452521836599391,73.0,73.0,73.0,73.0,0.0,,,,,,15094,498.289,3.9827751196172247,294.0,161.96604582442563,0.8285424671321131,0.2268329237439558,36.833333333333336,32.60495872307362,72.33333333333333,43.27913277011607,8526.666666666666,5708.718274125397,288.1863333333333,200.15095835477055,73.0,,227.71428571428572,135.03205086906144,0.9006942326346944,0.1483927215474629,30.5,30.108138434649177,56.785714285714285,37.16052693254982,9984.142857142857,6973.44430508989,336.584,209.19911064501852,73.0,,173.0,0.569078947368421,5735.0,,6,1
0.0,80.5,0.0,102.5,183.0,257.0,183.0,,257.0,0.7120622568093385,0.7120622568093385,0.4398907103825136,0.0,0.5601092896174863,68.02199245283019,59.0,97.0,66.0,7.150841530312439,68.27375,56.5917,79.9558,68.27375,11.682049999999997,14.95,11.0,19.0,15.0,1.6725728683677732,,,,,,,,,,,3267,180.046,3.2218905472636816,278.0,173.27723451163442,0.73613209877377,0.1802971315374645,20.666666666666668,35.79571668975683,80.66666666666667,40.75025562292014,8032.0,6239.121652925188,314.95166666666665,164.5565906134821,73.0,,219.78571428571428,135.91966289652424,0.8619166758018606,0.1582829112447379,21.0,27.207535720825557,60.07142857142857,38.23548588618144,9587.0,7306.257706012483,311.35814285714287,216.8846175131135,73.0,,478.0,0.92725509214355,15094.0,73.0,0,1
0.0,138.5,66.5,240.5,445.5,447.0,445.5,,447.0,0.9966442953020134,0.9966442953020134,0.3108866442199775,0.1492704826038159,0.5398428731762065,69.34233936170213,59.0,84.0,69.0,3.801720527861207,65.682075,24.7218,147.391,45.30775,48.48870831510027,16.15909090909091,11.5,24.0,15.75,2.308021405862033,84.0,84.0,84.0,84.0,0.0,,,,,,27909,640.523,3.525709779179811,368.8333333333333,161.7547011166392,0.8786538814183006,0.1483856206683498,42.833333333333336,37.16292955800625,113.5,29.81610303175117,15423.333333333334,12324.30064276806,439.6193333333333,235.77820981238563,78.5,7.7781745930520225,267.14285714285717,149.945744155932,0.8680123043596498,0.1631653551876728,30.5,30.108138434649177,73.42857142857143,47.34045888686596,11283.142857142857,9952.019802173692,327.2135714285714,238.4750943535874,78.5,7.7781745930520225,183.0,0.7120622568093385,3267.0,,1,1
0.0,0.0,0.0,19.5,19.5,19.5,19.5,,19.5,1.0,1.0,0.0,0.0,1.0,67.0,63.0,72.0,66.5,3.24037034920393,,,,,,15.5,15.5,15.5,15.5,0.0,,,,,,,,,,,22374,621.664,3.446818181818182,216.0,214.9087015455632,0.9029021840371172,0.1652807416389844,22.166666666666668,38.39379290111014,73.0,69.55393590588531,17850.0,12928.9200245032,480.7443333333333,260.5830601215923,84.0,,260.57142857142856,160.86599717659126,0.8790787027499919,0.1699648723562882,30.5,30.108138434649177,73.42857142857143,47.34045888686596,11592.142857142857,10302.817582722568,335.5971428571429,248.94643046542407,78.5,7.7781745930520225,445.5,0.9966442953020134,27909.0,84.0,2,0
0.0,44.0,38.5,161.0,243.5,247.0,243.5,,247.0,0.98582995951417,0.98582995951417,0.1806981519507187,0.1581108829568788,0.6611909650924025,75.29299423076924,64.0,84.0,73.0,5.162178124009785,47.18695,21.422,72.9519,47.18695,25.76495,16.5,14.0,18.5,16.5,1.095445115010332,,,,,,,,,,,10228,319.273,3.7590517241379313,236.16666666666663,213.09465815297503,0.9941580849387278,0.0074049607237462,35.0,33.38787204959312,60.833333333333336,70.7678128341786,20170.333333333332,9044.144532974537,527.1533333333333,180.2764272175746,84.0,,253.3571428571429,160.24817063066965,0.882880559003123,0.1723372942125725,30.785714285714285,30.183959789454857,68.57142857142857,48.52269964616952,12765.42857142857,9463.890370898276,375.1521428571429,214.16062564457596,78.5,7.7781745930520225,19.5,1.0,22374.0,,0,0
0.0,27.0,50.5,123.5,201.0,212.0,201.0,,212.0,0.9481132075471698,0.9481132075471698,0.1343283582089552,0.2512437810945274,0.6144278606965174,72.25392727272728,66.0,80.0,72.0,3.3294659047772783,34.136250000000004,31.6733,36.5992,34.136250000000004,2.462950000000001,15.976190476190476,14.5,18.5,15.5,1.1283805343878843,,,,,,,,,,,2952,43.357,1.9102564102564104,154.66666666666666,118.97093482583588,0.9779810556871134,0.0268190935011864,29.666666666666668,26.383391240197597,23.666666666666668,22.188585654190184,11851.333333333334,9812.233656682523,328.098,289.2544848934928,,,249.07142857142856,161.3431716795572,0.8769976798120946,0.1687652283524164,31.071428571428573,30.38835930010668,64.5,50.937870653048165,12508.42857142857,9738.25187695655,367.096,226.92730404544392,78.5,7.7781745930520225,243.5,0.98582995951417,10228.0,,3,0
0.0,52.0,31.0,168.5,251.5,261.5,251.5,,261.5,0.9617590822179732,0.9617590822179732,0.2067594433399602,0.1232604373757455,0.6699801192842942,67.92439999999999,54.0,80.0,68.0,3.854935305793321,32.6431,29.5279,35.7583,32.6431,3.1151999999999997,14.98076923076923,12.0,21.5,14.5,2.154961936263739,,,,,,,,,,,14477,444.902,3.322977346278317,232.0,27.143139096279057,0.9652340830931044,0.0190969910731113,40.0,9.836157786453072,41.0,12.767145334803738,9219.0,5828.376017382545,269.17733333333337,205.40637434201767,,,260.2857142857143,157.86514739455566,0.9330948419334592,0.1010218806056859,35.5,27.196813538844328,66.21428571428571,50.172084820526386,13757.285714285714,9274.334903633902,392.57914285714287,223.74409332943193,78.5,7.7781745930520225,201.0,0.9481132075471698,2952.0,,4,1
0.0,101.5,47.5,216.0,506.5,813.2833333333333,506.5,,813.2833333333333,0.6227841875525135,0.6227841875525135,0.2003948667324777,0.0937808489634748,0.4264560710760118,85.87115196078432,63.0,129.0,77.0,18.81914446622464,36.95272857142857,15.8365,56.6735,37.7189,12.042167169778782,15.650943396226417,11.0,18.5,15.5,1.3196086671933698,68.0,68.0,68.0,68.0,0.0,,,,,,17824,583.824,3.7310077519379847,319.6666666666667,163.760750283251,0.8442188257725523,0.1918893606394375,43.0,10.50000000000006,60.166666666666664,37.915476171786814,11751.0,7801.756404810392,357.36100000000005,280.6665539977998,68.0,,264.35714285714283,164.6381674778853,0.8895989984204541,0.1550526270287095,33.42857142857143,25.330200307519224,63.357142857142854,46.96604649967381,14147.285714285714,9396.509878926434,404.7984285714286,232.63826021017923,76.0,11.31370849898476,251.5,0.9617590822179732,14477.0,,5,0
0.0,100.5,0.0,148.0,248.5,264.5,248.5,,264.5,0.9395085066162572,0.9395085066162572,0.4044265593561368,0.0,0.5955734406438632,67.03408333333334,60.0,84.0,67.0,3.9263710432837393,46.14375,22.0255,70.262,46.14375,24.11825,15.788461538461538,13.5,23.0,15.25,2.0008319275658475,,,,,,,,,,,9899,303.627,3.536413043478261,335.5,148.09794056636963,0.8413505921289146,0.1896107247381934,26.166666666666668,24.116038922951994,84.66666666666667,28.294581342252325,14066.666666666666,3978.402485085348,444.1176666666667,140.1001466320908,68.0,,273.7142857142857,161.06620200579465,0.9220913198214424,0.1340580164377244,33.42857142857143,25.330200307519224,66.21428571428571,48.75692868955236,15094.714285714286,8397.91993520392,422.4528571428572,216.89613972085704,76.0,11.31370849898476,506.5,0.6227841875525135,17824.0,68.0,6,0
0.0,23.0,61.5,125.0,209.5,214.5,209.5,,214.5,0.9766899766899768,0.9766899766899768,0.1097852028639618,0.2935560859188544,0.5966587112171837,69.72481777777777,59.0,75.0,71.0,3.031744344783774,42.4658,34.8503,50.0813,42.4658,7.615500000000001,17.84090909090909,14.5,34.5,17.25,3.938118966173513,,,,,,,,,,,10175,208.047,3.226229508196721,321.5,161.3970259949047,0.8463275569529158,0.1944848167116755,36.333333333333336,32.234815546755264,75.0,45.0360966337004,12632.666666666666,4497.944011805093,365.166,195.30072919218676,68.0,,240.0,142.77634024351983,0.9192407028768655,0.1324105331204128,32.714285714285715,24.29138589235756,49.714285714285715,38.72967977195388,12561.285714285714,6301.0608026026375,360.6705714285714,205.7342708162297,68.0,,248.5,0.9395085066162572,9899.0,,0,1
0.0,72.5,61.0,169.5,303.0,305.5,303.0,,305.5,0.9918166939443536,0.9918166939443536,0.2392739273927392,0.2013201320132013,0.5594059405940595,67.1381171875,62.0,74.3278,67.0,2.835602440430135,44.81953333333333,30.9807,57.8094,45.6685,10.969209762583423,16.451612903225808,15.0,23.0,16.0,1.710285953782137,,,,,,,,,,,17449,501.003,3.529453681710214,253.66666666666663,46.963638416686614,0.9693383924168624,0.0269178557630646,40.833333333333336,35.36358767621485,65.33333333333333,39.24389549131601,12507.666666666666,4281.544736813256,337.559,149.39658614573435,,,280.5,105.02182312897332,0.9180716591546304,0.1316123977521529,41.42857142857143,21.364746217832323,60.07142857142857,32.39525244464657,11857.714285714286,5201.85068715248,343.4332857142857,184.1445508965845,68.0,,209.5,0.9766899766899768,10175.0,,1,0
0.0,136.0,47.0,349.0,532.0,1392.9666666666667,532.0,,1392.9666666666667,0.3819186867357438,0.3819186867357438,0.2556390977443609,0.0883458646616541,0.6560150375939849,77.50897783251233,58.0,106.0,72.0,11.099180037142284,47.76087777777778,24.6859,108.196,37.0652,28.24061637389106,16.35,11.5,23.5,16.0,2.0540610182432912,76.0,76.0,76.0,76.0,0.0,,,,,,773,147.004,3.101075268817204,348.1666666666667,165.92643952466793,0.7834751191233581,0.3478403091759559,56.5,8.231038816577207,77.16666666666667,56.6443583539732,9465.666666666666,8360.59862290574,285.35133333333334,189.2373984294148,76.0,,321.7142857142857,139.14646274784752,0.8317986201862839,0.2361844269663658,42.642857142857146,21.412057128547698,73.21428571428571,42.02068651554963,10507.0,6705.711769330193,318.8234285714285,198.836835600497,72.0,5.656854249492381,303.0,0.9918166939443536,17449.0,,2,1
0.0,99.0,55.0,151.5,305.5,314.5,305.5,,314.5,0.971383147853736,0.971383147853736,0.3240589198036006,0.1800327332242225,0.4959083469721768,68.56923692307691,58.0,84.0,69.0,4.087638731310976,31.42535,27.0607,35.79,31.42535,4.364649999999999,15.67741935483871,12.5,25.0,15.0,2.394713219737737,,,,,,,,,,,26617,825.251,3.595672333848532,380.1666666666667,131.49746512132194,0.7817061761779446,0.3463768323478525,54.333333333333336,7.023769168568553,102.5,31.894356867634137,14946.333333333334,13102.503170514146,491.086,339.2322337558742,76.0,,336.64285714285717,129.293823739353,0.8351228973729363,0.2382491352373603,43.285714285714285,21.75212085992448,83.5,37.37869268268576,13887.714285714286,8085.4694094671295,430.52257142857144,234.68658723842535,72.0,5.656854249492381,532.0,0.3819186867357438,773.0,76.0,3,1
0.0,128.0,0.0,234.5,362.5,375.0,362.5,,375.0,0.9666666666666668,0.9666666666666668,0.353103448275862,0.0,0.646896551724138,65.6019435897436,59.0,73.0,66.0,2.718225602068556,46.11723333333333,24.334,68.1191,45.8986,17.875860742042295,15.13888888888889,13.5,17.5,15.0,0.9690424190284672,,,,,,,,,,,20418,557.609,3.494705882352941,400.0,117.81447279515343,0.7733228337520489,0.3389741376932282,34.0,29.71531591620728,121.0,19.467922333931828,15936.0,13492.380331135048,509.9546666666667,341.6254526031886,76.0,,352.5,123.8012520130553,0.8358239808656068,0.2386907001224074,38.857142857142854,27.154978496453587,94.35714285714286,37.740025487663935,14736.42857142857,8460.733377533797,446.6235714285714,239.651226553546,72.0,5.656854249492381,305.5,0.971383147853736,26617.0,,4,1
0.0,57.5,83.5,133.5,274.5,276.0,274.5,,276.0,0.9945652173913044,0.9945652173913044,0.209471766848816,0.3041894353369763,0.4863387978142076,62.56431754385965,56.0,73.0,63.0,2.9569156444026716,31.51015,26.088,36.9323,31.51015,5.4221499999999985,15.482142857142858,13.0,22.5,15.5,1.8683555740330609,,,,,,,,,,,890,52.992,3.2896551724137932,314.1666666666667,44.635561308594305,0.977538343970569,0.0149330878441507,46.166666666666664,42.445062531857985,94.83333333333331,35.434211340642726,15975.0,13426.645858143422,478.61733333333336,392.1425165961138,,,319.35714285714283,105.387663053175,0.8889355565568626,0.2243161653713776,44.0,32.03513695928269,88.07142857142857,39.951458641945074,12317.285714285714,9753.023269979522,370.7904285714286,270.9438625335866,76.0,,362.5,0.9666666666666668,20418.0,,3,0
0.0,48.0,0.0,91.0,139.0,142.0,139.0,,142.0,0.9788732394366196,0.9788732394366196,0.3453237410071942,0.0,0.6546762589928058,66.73304827586206,59.0,71.0,67.0,2.915576107336154,47.4632,47.4632,47.4632,47.4632,0.0,15.535714285714286,14.0,22.0,15.25,1.91296596297744,,,,,,,,,,,19621,463.487,3.3763819095477388,258.6666666666667,112.58811364141992,0.9800350411648636,0.0139855146696655,27.833333333333332,48.20874747733377,77.83333333333333,43.70450014967947,13643.0,11051.608887397342,358.02933333333334,268.32921713136864,,,303.7142857142857,124.11985375127588,0.8945590898169143,0.2262801533944507,44.0,32.03513695928269,80.57142857142857,42.09951362687041,13706.142857142857,10039.276574676947,393.62757142857146,271.0763860451251,76.0,,274.5,0.9945652173913044,890.0,,4,0
0.0,50.0,57.0,166.0,273.0,275.0,273.0,,275.0,0.9927272727272728,0.9927272727272728,0.1831501831501831,0.2087912087912088,0.608058608058608,67.75837543859649,62.0,72.0,67.0,2.2462746503176976,60.065549999999995,27.4001,92.731,60.065549999999995,32.66544999999999,16.185185185185187,14.0,20.5,16.0,1.4916318937483164,,,,,,,,,,,26166,1064.905,3.968575418994414,228.83333333333337,77.801563823186,0.9887219098517324,0.008578562924871,46.833333333333336,42.66829423979044,51.833333333333336,5.008326400438706,15559.0,13118.457493165875,527.128,508.9495186686004,,,312.7857142857143,118.2690637004092,0.8968501321079568,0.2273290619180366,43.357142857142854,31.66848365714495,84.42857142857143,36.856058492723385,15990.57142857143,10885.550190614213,516.0358571428571,354.0671219709753,76.0,,139.0,0.9788732394366196,19621.0,,1,0
0.0,54.5,0.0,113.5,168.0,207.0,168.0,,207.0,0.8115942028985508,0.8115942028985508,0.3244047619047619,0.0,0.6755952380952381,67.6893909090909,60.0,73.0,68.0,3.175071240705273,60.68925,36.2715,85.107,60.68925,24.41775,15.19047619047619,12.5,17.5,15.0,1.4431792819706415,,,,,,,,,,,18305,679.712,3.6134003350083743,193.33333333333337,70.50059101407084,0.927731571687481,0.1008161687504361,19.0,32.9089653438087,50.833333333333336,3.3291640592393863,21364.0,4210.387986872446,736.0346666666666,304.6392699018525,,,293.5,130.50478918415223,0.8711040619585564,0.2249744130105228,34.642857142857146,34.28886394262997,81.85714285714286,38.42168906329067,16112.857142857143,10909.44626502757,541.5657142857143,359.2080731441106,76.0,,273.0,0.9927272727272728,26166.0,,2,0
0.0,69.5,68.0,192.5,330.0,350.0,330.0,,350.0,0.9428571428571428,0.9428571428571428,0.2106060606060606,0.206060606060606,0.5833333333333334,68.98058082191781,63.0,74.0,69.0,2.633145723673104,55.87336666666666,25.1032,78.445,64.0719,22.535140979121667,17.191176470588236,14.5,19.0,17.0,0.970253953129805,,,,,,,,,,,30453,804.332,3.661242603550296,257.0,82.17663901620674,0.9157262061609888,0.093564753197462,41.666666666666664,36.50114153466073,58.0,10.21028892833099,24974.666666666668,6161.000919764019,849.6496666666666,196.5545216888533,,,264.64285714285717,82.47207319537243,0.9512381271187562,0.0640010593003949,37.642857142857146,36.40365627895349,72.35714285714286,30.129877593669764,20352.85714285714,9648.673370444458,635.4697142857143,322.9613198943562,,,168.0,0.8115942028985508,18305.0,,4,0
0.0,57.5,47.0,94.5,199.0,205.0,199.0,,205.0,0.9707317073170731,0.9707317073170731,0.2889447236180904,0.236180904522613,0.4748743718592965,71.8921953488372,63.0,93.0,72.0,5.968296127151677,83.1674,24.2318,142.103,83.1674,58.93560000000001,17.736842105263158,16.0,25.0,17.0,1.9355974261508728,,,,,,,,,,,15645,397.855,3.4329931972789116,232.33333333333337,85.99030953155876,0.9083943510242556,0.0849820530690232,38.333333333333336,34.81857741685227,60.5,7.937253933193678,21467.666666666668,7894.368963592538,627.2996666666667,208.24547389159164,,,249.42857142857144,83.49572273048315,0.9511450641849472,0.0639673493966569,36.5,35.889877867350464,66.42857142857143,28.02294977845326,18785.428571428572,9347.976552123342,574.4131428571428,321.4997580410849,,,330.0,0.9428571428571428,30453.0,,2,0
0.0,138.0,101.0,259.5,498.5,1004.8833333333332,498.5,,1004.8833333333332,0.4960774882656361,0.4960774882656361,0.2768304914744233,0.2026078234704112,0.5205616850551655,75.58713526570048,59.0,116.0,73.0,10.172440403006432,47.724175,24.986,88.8098,39.49155,20.783699817389948,16.41509433962264,12.0,24.0,16.5,2.2291716226382183,68.0,68.0,68.0,68.0,0.0,,,,,,13328,460.625,3.341007194244604,342.5,150.14076728190767,0.803222112813284,0.2663599315350268,72.0,27.22131517763241,88.33333333333333,43.429060930825266,19808.666666666668,9290.774797256316,554.2706666666667,218.82189343466865,68.0,,268.85714285714283,121.40727404268742,0.8839180386990856,0.182464699121385,50.92857142857143,38.94272350883685,67.85714285714286,31.69873063404153,17772.571428571428,9524.049153890086,560.5582857142857,324.42108164529736,68.0,,199.0,0.9707317073170731,15645.0,,3,0
0.0,66.5,35.0,167.0,268.5,1432.1833333333334,268.5,,1432.1833333333334,0.1874759981845899,0.1874759981845899,0.2476722532588454,0.1303538175046555,0.6219739292364991,84.2290192893401,59.0,137.0,85.0,12.73073326791172,49.71875,36.6717,71.3741,48.38465,10.84300503227772,16.612903225806452,10.0,20.0,17.0,2.09342163739775,72.0,72.0,72.0,72.0,0.0,,,,,,2335,202.027,3.226785714285714,322.0,156.75378783302162,0.5514283979224331,0.3945505910172143,61.0,35.15679166249391,87.33333333333333,44.10876708017731,10436.0,7110.680206562517,353.5023333333333,134.8836560941807,70.0,2.8284271247461903,268.0,121.38197285154556,0.7686195788124122,0.3107766540541405,44.0,36.41428291206624,69.14285714285714,31.389640389936343,17979.0,9103.51743375421,581.8489999999999,288.45632717796286,70.0,2.8284271247461903,498.5,0.4960774882656361,13328.0,68.0,4,1
0.0,164.0,46.5,391.0,700.5,1384.5166666666669,700.5,,1384.5166666666669,0.5059527392230743,0.5059527392230743,0.2341184867951463,0.0663811563169164,0.5581727337615988,88.3930059945504,62.0,145.0,84.0,19.578224661954657,58.499325,24.647,173.888,46.01035,38.75949092964468,17.0,12.0,26.5,16.5,1.818118685772619,72.0,72.0,72.0,72.0,0.0,,,,,,2759,259.298,3.225,489.1666666666667,216.15118166073785,0.3965020752244334,0.1810892205719811,60.833333333333336,35.25738693285897,122.83333333333331,50.48844752350121,6140.666666666667,6228.022505846728,307.3166666666666,135.8218526686083,70.66666666666667,2.309401076758502,348.2142857142857,188.75752902044673,0.7010595073533343,0.3088498816187793,50.642857142857146,30.868962683298204,85.71428571428571,45.71729900783104,15570.142857142857,10689.389325067044,552.6791428571429,311.80007930586356,70.66666666666667,2.309401076758502,268.5,0.1874759981845899,2335.0,72.0,5,0
0.0,51.0,72.0,114.5,237.5,238.5,237.5,,238.5,0.9958071278825996,0.9958071278825996,0.2147368421052631,0.3031578947368421,0.4821052631578947,64.86654285714286,59.0,71.0,64.0,2.6778811569246765,61.29815,61.0749,61.5214,61.29815,0.2232500000000001,15.333333333333334,12.5,17.0,15.5,1.151689580090438,,,,,,,,,,,19793,461.511,3.502702702702703,402.1666666666667,258.8287722285397,0.5630786217634213,0.4071821811569422,51.166666666666664,18.936296716447355,93.83333333333331,61.25833276651703,8295.666666666666,9959.23939532198,307.6119999999999,136.32192967750936,72.0,0.0,343.14285714285717,191.5710734700733,0.7014994866612382,0.3093364445692589,52.785714285714285,31.88763755080374,85.85714285714286,45.588480165602405,14659.714285714286,9877.047782853031,466.48,214.9573572719328,70.66666666666667,2.309401076758502,700.5,0.5059527392230743,2759.0,72.0,6,1
0.0,53.0,37.5,147.5,238.0,240.5,238.0,,240.5,0.9896049896049895,0.9896049896049895,0.2226890756302521,0.157563025210084,0.6197478991596639,67.52674,60.0,73.0,67.0,2.6607076070098348,42.08495,35.0968,49.0731,42.08495,6.988149999999997,16.729166666666668,14.5,21.0,16.5,1.2908263395549724,,,,,,,,,,,1542,107.679,2.9422222222222225,392.0,267.16895403470807,0.8304549522368879,0.2810442693206005,52.0,17.895530168173323,89.33333333333333,64.67096205665517,8031.333333333333,10204.061658640314,276.16266666666655,177.51784077194353,72.0,,353.14285714285717,182.51797041335288,0.7269295990478721,0.3267239700429147,58.142857142857146,23.61975565375005,85.64285714285714,45.763626646164354,12265.0,10831.898587043735,384.761,228.6789232825508,70.66666666666667,2.309401076758502,237.5,0.9958071278825996,19793.0,,1,0
0.0,48.0,10.0,68.0,126.0,127.0,126.0,,127.0,0.9921259842519684,0.9921259842519684,0.3809523809523809,0.0793650793650793,0.5396825396825397,68.65072962962962,61.0,79.0,68.0,3.940810377820392,65.6157,65.6157,65.6157,65.6157,0.0,16.307692307692307,15.0,17.5,16.5,0.8887861544839494,,,,,,,,,,,22326,681.351,3.749771689497717,200.5,64.51937693437485,0.9925127005798524,0.0031191011433071,39.833333333333336,31.06579040252051,50.666666666666664,2.5166114784230875,14553.666666666666,11339.383772204432,416.8469999999999,289.43228148912476,,,324.0,202.0684702437931,0.7339680049614188,0.3326281607763661,49.857142857142854,29.11859984859947,82.57142857142857,47.70781607122374,11104.0,8803.077984432497,367.1922857142858,193.01532138210732,70.66666666666667,2.309401076758502,238.0,0.9896049896049895,1542.0,,2,0
0.0,94.0,73.0,200.5,367.5,374.5,367.5,,374.5,0.9813084112149532,0.9813084112149532,0.25578231292517,0.1986394557823129,0.545578231292517,66.1232948051948,57.0,84.0,66.0,3.965419813869995,70.2742,34.3239,111.594,64.9047,31.77305709968746,15.486486486486486,11.5,21.0,15.5,1.6785067627269448,,,,,,,,,,,17212,517.225,3.3945945945945946,243.83333333333337,120.8556301267478,0.9876797950239704,0.0056599251084902,40.166666666666664,31.584542632961067,65.0,25.23885892824789,13693.333333333334,10829.562564265152,435.4183333333333,295.45581552803003,,,348.07142857142856,194.59411359961297,0.735478962661116,0.3339044785836021,53.57142857142857,30.326595274649296,87.78571428571429,46.49001428878495,11327.857142857143,8956.387765696834,384.2451428571429,201.27241054553303,70.66666666666667,2.309401076758502,126.0,0.9921259842519684,22326.0,,3,0
0.0,124.5,0.0,168.0,292.5,317.0,292.5,,317.0,0.9227129337539433,0.9227129337539433,0.4256410256410256,0.0,0.5743589743589743,69.80761363636363,63.0,84.0,69.0,4.5388459561103085,47.1475,46.5327,47.7623,47.1475,0.6148000000000025,16.46875,13.5,22.0,16.5,1.4786897705401223,,,,,,,,,,,2338,186.953,3.079310344827586,262.0,123.60521833644378,0.9653824430736218,0.0373466228833238,27.666666666666668,39.57692930652069,88.83333333333333,38.51082099012345,13958.666666666666,10383.552828070611,461.8429999999999,251.80889587939507,,,318.64285714285717,183.3022809200044,0.7964268834451599,0.3216349264726226,39.142857142857146,27.93252925311615,85.85714285714286,44.2876151665774,9757.857142857143,9494.418982198114,345.1491428571429,210.33874505380513,72.0,0.0,367.5,0.9813084112149532,17212.0,,4,1
0.0,158.0,116.0,294.0,568.0,1073.0333333333333,568.0,,1073.0333333333333,0.5293404988972074,0.5293404988972074,0.278169014084507,0.204225352112676,0.5176056338028169,84.84915630252101,59.0,138.0,79.0,20.0067016579136,44.985011111111106,21.6484,69.4149,45.2665,15.065169624626384,17.21641791044776,12.0,26.5,16.5,2.578938634800618,68.0,68.0,68.0,68.0,0.0,,,,,,11374,385.061,3.593871866295265,409.3333333333333,142.4344878648892,0.8111206146220346,0.2457811683350525,63.0,58.642987645583005,125.5,32.01171660501825,10308.0,7494.080063623551,363.0796666666666,166.22960854593026,68.0,,361.42857142857144,203.4898499867231,0.8452646692612479,0.225282121812345,50.714285714285715,40.0706221801554,98.92857142857144,50.66592261358432,11049.142857142857,8913.520898585693,371.2968571428571,200.7392229788263,70.0,2.828427124746185,292.5,0.9227129337539433,2338.0,,5,1
0.0,49.0,0.0,181.0,338.5,564.65,338.5,,564.65,0.5994864075090764,0.5994864075090764,0.1447562776957164,0.0,0.534711964549483,79.9606625,64.0,142.0,75.1394,13.002563635978756,68.62066,50.5373,101.601,65.2242,17.70573504066973,15.11842105263158,8.0,19.0,16.5,2.7825447708279647,,,,,,,,,,,1709,152.265,2.9848214285714287,399.6666666666667,147.5841567829463,0.6838466133867422,0.2098164707025416,38.666666666666664,66.9726312259966,110.5,55.83233829959122,5140.333333333333,5407.666810495396,241.42633333333325,125.59459557374684,68.0,,309.7142857142857,138.61483119988077,0.858626621873534,0.2035259123920224,44.07142857142857,44.49571943028955,82.5,44.29352849645946,10899.142857142857,9083.496287747572,356.00642857142856,214.3097617366487,68.0,,568.0,0.5293404988972074,11374.0,68.0,6,1
0.0,73.0,55.0,253.5,381.5,391.0,381.5,,391.0,0.975703324808184,0.975703324808184,0.1913499344692005,0.1441677588466579,0.6644823066841415,65.97687804878049,58.0,74.0,66.0,3.2400705072885487,59.3757,40.5121,71.0546,66.5604,13.464174987226906,15.63157894736842,13.0,21.5,15.5,1.4404139140425276,,,,,,,,,,,3771,193.312,3.3084745762711867,429.3333333333333,121.99829233777524,0.7015100770714892,0.2400345078359426,57.0,58.02585630561604,93.33333333333331,57.2741943054054,5618.0,5090.345076711411,243.5459999999999,124.2621642777869,68.0,,330.2857142857143,136.78476314477226,0.8557546500057603,0.2013982405063457,41.642857142857146,43.1612425347424,85.64285714285714,42.42710836021616,8610.285714285714,8466.572362616918,317.69228571428573,216.26931187350232,68.0,,338.5,0.5994864075090764,1709.0,,1,1
0.0,54.0,3.0,85.0,142.0,271.0,142.0,,271.0,0.5239852398523985,0.5239852398523985,0.380281690140845,0.0211267605633802,0.5985915492957746,72.73314464285714,62.0,105.0,69.5,9.069067902017268,50.81915,45.7213,55.917,50.81915,5.097850000000001,16.17391304347826,13.5,21.0,16.0,1.9088392537839296,,,,,,,,,,,1929,262.857,3.14620253164557,287.3333333333333,127.68548599325324,0.6997249907232197,0.2419672234882532,19.333333333333332,30.92463958291731,58.666666666666664,12.66227994214828,2469.6666666666665,1132.343293058034,202.81133333333324,55.90461176265314,,,316.57142857142856,151.59084970500604,0.7892375428982473,0.2252964184547867,36.714285714285715,45.61328127389464,85.78571428571429,42.30037149448488,8665.57142857143,8413.823998974209,339.8605714285714,198.36657551601903,68.0,,381.5,0.975703324808184,3771.0,,2,0
0.0,79.0,43.0,230.5,352.5,357.0,352.5,,357.0,0.9873949579831932,0.9873949579831932,0.2241134751773049,0.1219858156028368,0.6539007092198581,68.73811756756756,63.0,84.0,69.0,3.3217692813431765,51.851266666666675,42.343,70.7463,42.4645,13.360898274775126,16.416666666666668,14.0,18.0,16.5,0.9753916592266354,,,,,,,,,,,18441,536.242,3.2905494505494506,292.0,130.7105581045385,0.8290278408812587,0.2642393136976664,33.666666666666664,27.227437142216218,68.66666666666667,13.05118130030118,8047.0,9048.46218978673,330.8036666666666,181.28102040294553,,,348.92857142857144,126.17660525741584,0.788561682002708,0.2245923347660083,41.42857142857143,44.07137068762116,90.21428571428572,39.193810249894845,8110.571428571428,7433.596322488487,319.1307142857143,160.74703394538332,68.0,,142.0,0.5239852398523985,1929.0,,3,1
0.0,138.5,45.0,261.0,444.5,1406.15,444.5,,1406.15,0.3161113679194964,0.3161113679194964,0.311586051743532,0.1012373453318335,0.5871766029246345,100.00980299785869,59.0,143.0,103.0,21.913286157405757,29.17729,15.0291,42.6562,28.0656,8.356456189611718,16.270833333333332,14.0,23.0,16.25,1.4753471813629344,72.0,72.0,72.0,72.0,0.0,,,,,,19898,506.954,3.640827338129496,313.0,155.07014541812984,0.6091638552516961,0.3436523853594022,30.333333333333332,23.692474191889193,90.5,43.40794858087628,13422.666666666666,9980.430468338189,435.3509999999999,150.10023905044247,72.0,,359.92857142857144,131.31718235231978,0.6935335329605,0.2663005366424907,37.42857142857143,41.947813383048306,96.57142857142856,43.30360702011302,8494.285714285714,8027.317312657779,317.6634285714286,158.67095074698614,70.0,2.828427124746185,352.5,0.9873949579831932,18441.0,,4,0
0.0,85.0,85.5,162.5,333.0,333.0,333.0,,333.0,1.0,1.0,0.2552552552552553,0.2567567567567567,0.487987987987988,66.39258571428572,60.0,73.8442,67.0,2.429719076135917,48.73953333333333,31.5643,61.5616,53.0927,12.627273309344694,16.421875,13.5,22.0,16.5,1.6013147674255053,,,,,,,,,,,10546,477.734,3.424398625429553,376.6666666666667,59.548999431839896,0.7678354419675633,0.3912552888805449,57.833333333333336,23.980895173728044,100.83333333333331,32.75795068885312,16295.0,5031.795206484446,506.97666666666663,29.25400658599456,72.0,,365.7142857142857,128.7176681549123,0.7045745424242222,0.2786996667078071,49.642857142857146,41.680045471138705,90.92857142857144,41.59770483595276,9666.857142857143,7564.303788817838,359.2035714285715,156.7998251942663,70.0,2.828427124746185,444.5,0.3161113679194964,19898.0,72.0,5,0
0.0,92.0,50.5,114.0,256.5,258.0,256.5,,258.0,0.994186046511628,0.994186046511628,0.3586744639376218,0.1968810916179337,0.4444444444444444,69.87675185185185,62.0,85.0,70.0,3.6811138661864153,34.8123,27.6318,41.9928,34.8123,7.180500000000002,16.98076923076923,14.0,20.5,17.0,1.3831455874116545,,,,,,,,,,,12829,309.904,3.589328063241106,344.6666666666667,94.5414371232703,0.7700991381437081,0.3931756886541367,60.333333333333336,21.96777943564922,105.16666666666669,29.07891561481158,14424.333333333334,4875.837603256822,431.53066666666655,106.34019293443708,72.0,,321.2142857142857,97.08752801074974,0.7709810492262824,0.2852893588410525,40.285714285714285,30.02201573131671,81.5,29.615592739861427,9874.714285714286,7638.657489251324,348.4668571428571,157.30650176267227,72.0,,333.0,1.0,10546.0,,6,1
0.0,201.5,42.0,273.5,517.0,1399.1666666666667,517.0,,1399.1666666666667,0.3695056581298391,0.3695056581298391,0.3897485493230174,0.081237911025145,0.5290135396518375,106.24897325800376,58.0,154.0,112.0,23.543240092690557,36.04150833333333,16.8902,88.3923,28.3268,19.328949387617975,17.359649122807017,14.0,22.5,17.0,1.632333347569347,74.0,74.0,74.0,74.0,0.0,,,,,,17210,572.954,3.439033457249071,368.8333333333333,133.89579281416303,0.787897234880489,0.3623493951087985,59.333333333333336,23.05609102457164,126.16666666666669,65.33439624985704,13528.333333333334,3386.594799106214,453.53066666666655,133.1847462487102,74.0,,346.7142857142857,122.49995140912554,0.7381266564578199,0.3195195114690889,46.285714285714285,24.275943412593225,103.28571428571428,50.47099591420235,12089.142857142857,7105.117860354178,408.5652857142857,150.04919955658366,73.0,1.414213562373085,256.5,0.994186046511628,12829.0,,0,1
0.0,47.5,38.5,120.5,206.5,207.5,206.5,,207.5,0.9951807228915662,0.9951807228915662,0.2300242130750605,0.1864406779661017,0.5835351089588378,69.08743023255815,63.0,84.0,69.71,3.8482308115357937,38.7835,33.3964,44.1706,38.7835,5.3871,15.954545454545457,14.5,19.0,16.0,0.9989664079925412,,,,,,,,,,,13541,475.654,3.358132530120482,326.6666666666667,166.71857524983014,0.7862908091776778,0.3609468713616343,43.666666666666664,6.171169527191283,113.66666666666669,79.25328594659867,14526.666666666666,2350.9454126655573,452.8373333333332,133.00103696337607,74.0,,321.7142857142857,131.72726152384496,0.7409091418983031,0.3220083418706602,43.92857142857143,24.08912024723431,99.64285714285714,53.829758100356145,13484.857142857143,6085.179521552668,448.8998571428571,116.80992304655828,73.0,1.414213562373085,517.0,0.3695056581298391,17210.0,74.0,1,1
0.0,134.5,0.0,288.5,423.0,460.5,423.0,,460.5,0.9185667752442996,0.9185667752442996,0.317966903073286,0.0,0.682033096926714,70.19617628865979,60.0,86.9053,69.0,6.175898369890082,55.49799999999999,42.2763,83.494,48.11085,16.3612407672829,16.193181818181817,13.5,23.0,16.0,1.5455798745973404,,,,,,,,,,,1734,229.139,3.1150602409638557,382.1666666666667,159.22651579851038,0.7610843854219017,0.3412738621609892,26.833333333333332,23.30414841467793,127.83333333333331,77.21614684334703,10828.333333333334,8086.752397182279,425.9156666666666,177.22193687106932,74.0,,361.8571428571428,108.62309234447444,0.7972779326685746,0.3120898387758222,43.5,24.949949899749292,111.14285714285714,50.97688551827053,13457.0,6147.0295807541725,444.083,126.0871547660586,73.0,1.414213562373085,206.5,0.9951807228915662,13541.0,,2,1
0.0,50.0,37.0,166.5,253.5,262.0,253.5,,262.0,0.9675572519083968,0.9675572519083968,0.1972386587771203,0.145956607495069,0.6568047337278107,68.88091785714286,63.0,84.0,68.7222,3.488050481803509,46.854600000000005,38.5204,51.3203,50.7231,5.898210417293255,16.21153846153846,14.5,18.5,16.25,0.8789534524635723,,,,,,,,,,,8213,165.926,3.5360576923076925,294.3333333333333,113.87968797521916,0.9604349166814208,0.0388003864392934,25.166666666666668,21.807873196011936,77.33333333333333,49.52356341513939,7829.333333333333,5912.842999212259,290.2396666666666,163.65459693003763,,,347.7142857142857,116.22351208729148,0.7944439746578895,0.310159837509352,42.642857142857146,25.072751287859433,107.0,55.04089388809017,11995.857142857143,5978.162299251385,391.18071428571426,155.28216044426404,73.0,1.414213562373085,423.0,0.9185667752442996,1734.0,,3,1
0.0,92.0,47.5,156.0,295.5,296.5,295.5,,296.5,0.9966273187183812,0.9966273187183812,0.311336717428088,0.1607445008460236,0.5279187817258884,69.59926885245902,59.0,84.0,70.0,3.689150066696068,44.6711,34.4964,54.8458,44.6711,10.174699999999998,16.603448275862068,15.0,19.0,16.5,0.8547969142234855,,,,,,,,,,,33400,783.05,3.596353436185133,324.0,88.27088987882665,0.9609171152903592,0.0394516244608103,28.166666666666668,24.951619853895973,92.16666666666669,42.25024654760411,14449.0,16728.70769067354,392.7049999999999,339.5230258922065,,,326.42857142857144,108.9607836836373,0.8916605390577301,0.2320608210553658,43.0,25.12966374625812,100.35714285714286,53.38672922312115,13924.714285714286,9866.446400372766,430.623,213.67558049451205,74.0,,253.5,0.9675572519083968,8213.0,,4,1
0.0,130.5,7.0,102.0,239.5,246.5,239.5,,246.5,0.9716024340770792,0.9716024340770792,0.5448851774530271,0.0292275574112734,0.4258872651356993,71.96884038461539,63.0,85.0,72.0,4.699149614650409,51.04774999999999,33.5516,68.5439,51.04774999999999,17.496149999999997,15.78,14.0,18.0,16.0,1.0590561835898982,,,,,,,,,,,9517,444.937,3.426615969581749,262.8333333333333,29.143323992524856,0.9785956682346192,0.0157463071566258,30.5,21.017849556983755,90.83333333333331,40.26267916238725,17043.333333333332,14180.286045539886,464.6376666666666,309.03332351759957,,,313.07142857142856,113.65093802642252,0.8876037439258843,0.2300910735224112,31.785714285714285,19.993451308818457,106.85714285714286,53.971994501557866,13777.714285714286,9932.619320774793,425.93771428571426,212.82829666087983,74.0,,295.5,0.9966273187183812,33400.0,,5,1
0.0,120.0,63.0,188.5,371.5,377.5,371.5,,377.5,0.9841059602649008,0.9841059602649008,0.323014804845222,0.1695827725437416,0.5074024226110363,67.26623164556962,59.0,73.0,67.0,3.292833313580247,48.63736666666667,31.9362,75.9813,37.9946,19.49263228749662,16.22222222222222,13.5,17.5,16.0,0.8452846697057188,,,,,,,,,,,17166,444.384,3.584468664850136,302.1666666666667,66.25204399362539,0.9841119043534536,0.0125124433795602,39.166666666666664,28.91510562549158,114.16666666666669,19.90184246077063,20027.666666666668,12195.953194946802,557.457,195.3694645767351,,,329.5,112.41552383901444,0.8861637316049232,0.2293431881750017,33.57142857142857,22.361478356444,110.85714285714286,53.7243848155521,14397.285714285714,9998.624067245222,445.14914285714286,206.58662140002247,74.0,,239.5,0.9716024340770792,9517.0,,6,1
0.0,81.0,0.0,215.5,296.5,382.5,296.5,,382.5,0.7751633986928105,0.7751633986928105,0.2731871838111298,0.0,0.7268128161888702,70.39672597402597,57.0,99.0,68.0,7.193624330846817,65.95933333333333,43.8919,87.0146,66.9715,17.619310899187354,16.34375,14.0,20.5,16.5,1.3195495206698382,,,,,,,,,,,11189,298.225,3.3826714801444044,302.5,66.2042294721413,0.9102905976782636,0.1171904623722548,23.333333333333332,34.53018003621377,110.5,26.081602711489943,12624.0,4021.345421621969,395.8486666666666,84.54502748437208,,,298.0,76.16921950499435,0.9441148373996334,0.0790221299736678,27.571428571428573,25.1800658117828,93.64285714285714,36.32918281230013,13537.142857142857,9975.28374581515,405.9021428571429,204.3438792945434,,,371.5,0.9841059602649008,17166.0,,0,0
0.0,95.5,36.5,246.0,378.0,381.5,378.0,,381.5,0.9908256880733946,0.9908256880733946,0.2526455026455027,0.0965608465608465,0.6507936507936508,67.99118375,60.0,84.0,68.0,3.259226359446508,33.781000000000006,29.7468,36.7286,34.8676,2.95205097968627,16.763157894736842,14.5,22.5,16.5,1.2862473062999935,,,,,,,,,,,20947,580.147,3.5524945770065077,348.6666666666667,45.29440730745104,0.9166983490103688,0.1226189027291475,33.166666666666664,31.631998566852133,98.83333333333331,19.7125171739515,16434.0,4920.011077223288,440.91866666666664,140.9929428103879,,,322.5,69.08509245850382,0.943492689568466,0.0785689204749307,27.285714285714285,25.046385539063863,100.5,30.17725412735007,14595.142857142857,10361.049937604004,420.82971428571426,213.8826188884255,,,296.5,0.7751633986928105,11189.0,,1,1
0.0,51.5,0.0,71.0,122.5,172.0,122.5,,172.0,0.7122093023255814,0.7122093023255814,0.4204081632653061,0.0,0.5795918367346938,70.9191111111111,63.0,85.0,68.5,6.4063035874301955,38.71365,29.7521,47.6752,38.71365,8.961549999999999,15.794117647058824,12.5,18.5,16.0,1.3510216562183357,,,,,,,,,,,1931,18.411,1.6206896551724137,265.6666666666667,130.51085523179012,0.8260661296972621,0.1461166952116594,12.166666666666666,21.073284825421435,76.0,22.42208732477865,11355.666666666666,9509.095505532236,298.92766666666665,280.8686592151803,,,279.57142857142856,87.21258919608864,0.9140130505800776,0.1181988520763652,27.285714285714285,25.046385539063863,88.64285714285714,30.889202921779255,14623.285714285714,10320.482138516045,390.7257142857143,256.03592974666304,,,378.0,0.9908256880733946,20947.0,,2,1
0.0,87.5,58.5,157.5,303.5,309.0,303.5,,309.0,0.982200647249191,0.982200647249191,0.2883031301482702,0.1927512355848435,0.5189456342668863,65.75006944444445,60.0,72.0,65.2758,2.9467230711343144,47.41065,44.9045,49.9168,47.41065,2.5061500000000017,16.15,14.5,19.0,16.0,1.042033268822706,,,,,,0.9925,0.96,1.0,1.0,0.0129903810567665,14194,465.36,3.722077922077922,268.0,131.39729829794803,0.8950785458827223,0.158428116228387,31.666666666666668,29.547983574743903,78.16666666666667,23.437861108329248,12357.333333333334,9640.12823220383,354.6393333333333,296.78465752854066,,,286.7142857142857,86.76782100470639,0.9161049642001912,0.1194276251672163,30.357142857142858,27.622023649185977,94.0,25.92296279363143,15477.714285714286,9941.9674061406,433.502,236.4857552623414,,,122.5,0.7122093023255814,1931.0,,3,0
0.0,109.0,61.5,404.5,575.0,1460.7833333333333,575.0,,1460.7833333333333,0.3936244252512921,0.3936244252512921,0.1895652173913043,0.1069565217391304,0.7034782608695652,86.17487768924303,57.0,152.0,71.0,24.247631403286004,36.29167,16.0589,60.0608,33.105149999999995,14.228342420819793,16.540983606557376,14.0,24.5,16.5,1.8648937076184424,78.0,78.0,78.0,78.0,0.0,0.9826666666666668,0.96,1.0,0.98,0.0123648246606609,6441,185.934,3.1491891891891894,333.6666666666667,227.75333879733415,0.6960114582753548,0.2946222494809857,40.0,34.67347689517163,82.66666666666667,29.05311228308135,7522.0,6202.556972733114,223.235,225.79720016200292,78.0,,326.64285714285717,139.66827195349777,0.8299616937048928,0.2236571664252692,32.357142857142854,29.5123057465219,96.42857142857144,26.49438395117691,11626.42857142857,6450.883191655313,348.19971428571426,193.099208239111,78.0,,303.5,0.982200647249191,14194.0,,4,1
0.0,128.0,79.0,255.5,462.5,1403.05,462.5,,1403.05,0.3296390007483696,0.3296390007483696,0.2767567567567567,0.1708108108108108,0.5524324324324325,93.16969775,58.0,138.0,91.0,23.12788486941834,48.707418181818184,16.683,131.864,38.0454,30.21256640601475,16.361702127659573,12.5,26.0,16.0,2.464000655523656,74.0,74.0,74.0,74.0,0.0,0.9852941176470588,0.96,1.0,0.98,0.0119398724295202,13946,407.976,3.407874015748032,447.0,136.41205958418757,0.5684880244162842,0.3597111818607624,66.33333333333333,11.071735786828167,108.16666666666669,20.262856001396557,11527.0,4406.350303822885,353.09,147.57735976768197,76.0,2.8284271247461903,358.5,141.89344593743584,0.7382526318007915,0.2803337303010642,42.642857142857146,31.66979934379424,96.07142857142856,25.97022104165424,12259.142857142857,6426.660548801679,342.91957142857143,190.50099206290895,76.0,2.8284271247461903,575.0,0.3936244252512921,6441.0,78.0,5,0
0.0,30.0,0.0,49.5,79.5,80.5,79.5,,80.5,0.9875776397515528,0.9875776397515528,0.3773584905660377,0.0,0.6226415094339622,64.85543333333334,59.0,74.0,64.0,4.536109771476975,54.7577,54.7577,54.7577,54.7577,0.0,16.25,15.0,20.0,16.0,1.4577379737113252,,,,,,0.96,0.96,0.96,0.96,0.0,18276,369.664,3.267085427135678,372.3333333333333,259.7644766578627,0.5702803552504049,0.3628033921785025,46.833333333333336,41.49196709404525,89.0,51.97114584074512,12887.666666666666,5988.059646774847,321.1913333333333,118.6922996716009,76.0,2.8284271247461903,316.7857142857143,176.20723054187678,0.7387485860131703,0.2808437824205713,33.642857142857146,33.80053535783405,83.21428571428571,33.37271483170187,12417.714285714286,6579.780941497622,332.2452857142857,185.9060781808157,76.0,2.8284271247461903,462.5,0.3296390007483696,13946.0,74.0,6,0
0.0,71.5,42.5,196.5,310.5,311.0,310.5,,311.0,0.9983922829581994,0.9983922829581994,0.2302737520128824,0.1368760064412238,0.6328502415458938,67.59142837837838,62.0,75.0,67.0,3.1415432536358527,38.75783333333334,31.6094,47.7828,36.8813,6.734772943627886,16.93548387096774,14.0,22.0,16.5,1.7858852304085688,,,,,,0.991111111111111,0.97,1.0,0.99,0.009938079899999,26584,604.642,3.5959574468085105,284.1666666666667,192.85313928825036,0.7718696411527072,0.3830211399012389,40.5,39.537956446938445,76.5,49.190954453029256,19602.0,6422.497022186911,460.7606666666666,126.06875464338243,74.0,,318.7857142857143,176.0179576877639,0.7706384266225116,0.2978280986262387,39.714285714285715,30.395801715117855,81.85714285714286,33.6696132609636,14617.0,8417.01661318705,376.01914285714287,210.94863338297063,76.0,2.8284271247461903,79.5,0.9875776397515528,18276.0,,2,1
0.0,40.0,0.0,169.5,209.5,291.0,209.5,,291.0,0.7199312714776632,0.7199312714776632,0.1909307875894988,0.0,0.8090692124105012,71.84090307692307,59.0,110.0,68.0,9.647680446200036,71.33345,63.1875,79.4794,71.33345,8.14595,15.807692307692308,10.0,19.0,16.0,1.544698894463323,,,,,,0.9925,0.98,1.0,0.995,0.0082915619758885,1072,38.45,2.1999999999999997,199.83333333333337,115.80299362854704,0.9019670647291383,0.1577403298000928,14.166666666666666,24.537386440559175,47.166666666666664,21.658331730152543,15310.666666666666,13011.934419344929,337.5853333333333,284.45584166498173,,,294.7142857142857,178.0800047597655,0.7319392242516928,0.2816069499664988,34.5,33.960761671866734,73.92857142857143,36.34949400315928,11777.714285714286,9238.004234578772,298.6338571428572,222.62124883190367,76.0,2.8284271247461903,310.5,0.9983922829581994,26584.0,,3,0
0.0,40.0,42.5,163.0,245.5,252.5,245.5,,252.5,0.9722772277227724,0.9722772277227724,0.1629327902240326,0.1731160896130346,0.6639511201629328,66.65275081967212,58.0,73.7347,67.0,3.1045669293627367,39.19533333333333,27.8775,55.5588,34.1497,11.850665360317208,16.42,14.0,18.5,16.5,1.1373653766490344,,,,,,0.9771428571428572,0.96,0.99,0.98,0.0127775312999988,783,8.707,1.4142857142857144,255.16666666666663,51.1891915674911,0.8968669273862115,0.153786113730494,28.333333333333332,24.537386440559143,50.5,18.186533479473187,9479.666666666666,14813.491969597626,217.26633333333336,335.8066286664588,,,312.2857142857143,163.7467193419096,0.7690917850227201,0.2953883721213324,40.57142857142857,30.37464481469779,72.28571428571429,37.76446427403359,11613.714285714286,9449.709179198517,297.24757142857146,224.6777703362883,76.0,2.8284271247461903,209.5,0.7199312714776632,1072.0,,5,0
0.0,0.0,0.0,0.0,71.5,73.5,71.5,,73.5,0.9727891156462584,0.9727891156462584,0.0,0.0,0.0,67.8125,63.0,80.0,67.0,4.080728335726357,,,,,,,,,,,,,,,,,,,,,17039,506.379,3.6160990712074303,175.5,91.84770002564012,0.8883325382822314,0.14583999966864,14.166666666666666,24.537386440559175,26.666666666666668,23.094010767585008,6298.0,9303.10114961673,184.51199999999992,279.14142612482215,,,279.14285714285717,187.5674799207195,0.7677472805080153,0.2942760336271339,32.214285714285715,32.58688021128689,59.785714285714285,45.56484129133731,12020.142857142857,9638.478293253758,303.10742857142856,230.2586962511642,76.0,2.8284271247461903,245.5,0.9722772277227724,783.0,,6,0
0.0,61.5,54.0,155.5,271.0,275.5,271.0,,275.5,0.9836660617059892,0.9836660617059892,0.2269372693726937,0.1992619926199262,0.5738007380073801,62.69718550724638,57.0,70.1226,63.0,2.4709279604790013,46.506466666666675,34.9625,61.5046,43.0523,11.107631569431094,15.685185185185183,13.5,22.0,15.5,1.408625204128638,,,,,,0.987,0.95,1.0,0.99,0.0148660687473185,5599,90.702,3.071900826446281,196.0,108.57140507518528,0.9762441350250066,0.0064326708337181,32.166666666666664,28.444390190920515,33.833333333333336,31.210308126215807,7807.0,8349.900119163107,201.9293333333333,266.8295235845031,,,235.71428571428572,135.66007062472272,0.8520389428586864,0.250502070071156,31.142857142857142,31.570970692650384,53.0,40.23990556648953,11899.857142857143,9724.578335821245,289.5028571428571,240.9029079570088,74.0,,71.5,0.9727891156462584,17039.0,,1,0
0.0,44.5,70.5,97.5,212.5,215.0,212.5,,215.0,0.9883720930232558,0.9883720930232558,0.2094117647058823,0.3317647058823529,0.4588235294117647,71.71719999999999,63.0,84.0,72.0,3.923848601144784,29.6791,26.9481,32.4101,29.6791,2.731,17.295454545454547,15.5,19.0,17.0,0.9002410145608345,,,,,,0.9683333333333332,0.93,0.99,0.98,0.0240947204913349,12910,432.095,3.7690721649484535,185.0,102.55364449886687,0.9816090901251678,0.0079925368342125,41.5,36.8747881349846,35.333333333333336,31.75820104057112,11849.333333333334,5793.285797656914,343.0586666666666,221.68094995360596,,,200.0,91.8336358131739,0.9461436703265272,0.1001689014065423,29.928571428571427,29.520372303756265,41.07142857142857,22.973587318608043,11751.857142857143,9696.089442460325,292.94842857142856,243.04279330388007,,,271.0,0.9836660617059892,5599.0,,2,1
